<?xml version="1.0" encoding="UTF-8"?>
<kml xmlns="http://www.opengis.net/kml/2.2">
  <Document>
    <name>令和７年柏市長選挙ポスター掲示場設置箇所</name>
    <description/>
    <Style id="icon-1899-0288D1-normal">
      <IconStyle>
        <color>ffd18802</color>
        <scale>1</scale>
        <Icon>
          <href>https://www.gstatic.com/mapspro/images/stock/503-wht-blank_maps.png</href>
        </Icon>
        <hotSpot x="32" xunits="pixels" y="64" yunits="insetPixels"/>
      </IconStyle>
      <LabelStyle>
        <scale>0</scale>
      </LabelStyle>
    </Style>
    <Style id="icon-1899-0288D1-highlight">
      <IconStyle>
        <color>ffd18802</color>
        <scale>1</scale>
        <Icon>
          <href>https://www.gstatic.com/mapspro/images/stock/503-wht-blank_maps.png</href>
        </Icon>
        <hotSpot x="32" xunits="pixels" y="64" yunits="insetPixels"/>
      </IconStyle>
      <LabelStyle>
        <scale>1</scale>
      </LabelStyle>
    </Style>
    <StyleMap id="icon-1899-0288D1">
      <Pair>
        <key>normal</key>
        <styleUrl>#icon-1899-0288D1-normal</styleUrl>
      </Pair>
      <Pair>
        <key>highlight</key>
        <styleUrl>#icon-1899-0288D1-highlight</styleUrl>
      </Pair>
    </StyleMap>
    <Folder>
      <name>マイ・マップ連携.csv</name>
      <Placemark>
        <name>ＪＲ柏駅東口サンサン広場</name>
        <description><![CDATA[﻿市区町村コード: 122173<br>都道府県: 千葉県<br>市町村名: 柏市<br>投票区コード: 1<br>投票区名: 第１投票区<br>掲示場住所: 柏一丁目１番<br>経度: 139.9707217<br>緯度: 35.8612024]]></description>
        <styleUrl>#icon-1899-0288D1</styleUrl>
        <ExtendedData>
          <Data name="﻿市区町村コード">
            <value>122173.0</value>
          </Data>
          <Data name="都道府県">
            <value>千葉県</value>
          </Data>
          <Data name="市町村名">
            <value>柏市</value>
          </Data>
          <Data name="投票区コード">
            <value>1.0</value>
          </Data>
          <Data name="投票区名">
            <value>第１投票区</value>
          </Data>
          <Data name="掲示場住所">
            <value>柏一丁目１番</value>
          </Data>
          <Data name="経度">
            <value>139.9707217</value>
          </Data>
          <Data name="緯度">
            <value>35.8612024</value>
          </Data>
        </ExtendedData>
        <Point>
          <coordinates>
            139.9707217,35.8612024,0
          </coordinates>
        </Point>
      </Placemark>
      <Placemark>
        <name>柏神社前</name>
        <description><![CDATA[﻿市区町村コード: 122173<br>都道府県: 千葉県<br>市町村名: 柏市<br>投票区コード: 1<br>投票区名: 第１投票区<br>掲示場住所: 柏三丁目２番２号<br>経度: 139.9735631<br>緯度: 35.86004]]></description>
        <styleUrl>#icon-1899-0288D1</styleUrl>
        <ExtendedData>
          <Data name="﻿市区町村コード">
            <value>122173.0</value>
          </Data>
          <Data name="都道府県">
            <value>千葉県</value>
          </Data>
          <Data name="市町村名">
            <value>柏市</value>
          </Data>
          <Data name="投票区コード">
            <value>1.0</value>
          </Data>
          <Data name="投票区名">
            <value>第１投票区</value>
          </Data>
          <Data name="掲示場住所">
            <value>柏三丁目２番２号</value>
          </Data>
          <Data name="経度">
            <value>139.9735631</value>
          </Data>
          <Data name="緯度">
            <value>35.86004</value>
          </Data>
        </ExtendedData>
        <Point>
          <coordinates>
            139.9735631,35.86004,0
          </coordinates>
        </Point>
      </Placemark>
      <Placemark>
        <name>サンイングオーク前</name>
        <description><![CDATA[﻿市区町村コード: 122173<br>都道府県: 千葉県<br>市町村名: 柏市<br>投票区コード: 1<br>投票区名: 第１投票区<br>掲示場住所: 柏七丁目７９０－５５<br>経度: 139.9801831<br>緯度: 35.86161639]]></description>
        <styleUrl>#icon-1899-0288D1</styleUrl>
        <ExtendedData>
          <Data name="﻿市区町村コード">
            <value>122173.0</value>
          </Data>
          <Data name="都道府県">
            <value>千葉県</value>
          </Data>
          <Data name="市町村名">
            <value>柏市</value>
          </Data>
          <Data name="投票区コード">
            <value>1.0</value>
          </Data>
          <Data name="投票区名">
            <value>第１投票区</value>
          </Data>
          <Data name="掲示場住所">
            <value>柏七丁目７９０－５５</value>
          </Data>
          <Data name="経度">
            <value>139.9801831</value>
          </Data>
          <Data name="緯度">
            <value>35.86161639</value>
          </Data>
        </ExtendedData>
        <Point>
          <coordinates>
            139.9801831,35.86161639,0
          </coordinates>
        </Point>
      </Placemark>
      <Placemark>
        <name>月極ＮＴＫ柏駐車場前</name>
        <description><![CDATA[﻿市区町村コード: 122173<br>都道府県: 千葉県<br>市町村名: 柏市<br>投票区コード: 1<br>投票区名: 第１投票区<br>掲示場住所: 柏七丁目１番<br>経度: 139.9782042<br>緯度: 35.86159167]]></description>
        <styleUrl>#icon-1899-0288D1</styleUrl>
        <ExtendedData>
          <Data name="﻿市区町村コード">
            <value>122173.0</value>
          </Data>
          <Data name="都道府県">
            <value>千葉県</value>
          </Data>
          <Data name="市町村名">
            <value>柏市</value>
          </Data>
          <Data name="投票区コード">
            <value>1.0</value>
          </Data>
          <Data name="投票区名">
            <value>第１投票区</value>
          </Data>
          <Data name="掲示場住所">
            <value>柏七丁目１番</value>
          </Data>
          <Data name="経度">
            <value>139.9782042</value>
          </Data>
          <Data name="緯度">
            <value>35.86159167</value>
          </Data>
        </ExtendedData>
        <Point>
          <coordinates>
            139.9782042,35.86159167,0
          </coordinates>
        </Point>
      </Placemark>
      <Placemark>
        <name>柏上町公園</name>
        <description><![CDATA[﻿市区町村コード: 122173<br>都道府県: 千葉県<br>市町村名: 柏市<br>投票区コード: 1<br>投票区名: 第１投票区<br>掲示場住所: 東上町５番<br>経度: 139.9789467<br>緯度: 35.85973222]]></description>
        <styleUrl>#icon-1899-0288D1</styleUrl>
        <ExtendedData>
          <Data name="﻿市区町村コード">
            <value>122173.0</value>
          </Data>
          <Data name="都道府県">
            <value>千葉県</value>
          </Data>
          <Data name="市町村名">
            <value>柏市</value>
          </Data>
          <Data name="投票区コード">
            <value>1.0</value>
          </Data>
          <Data name="投票区名">
            <value>第１投票区</value>
          </Data>
          <Data name="掲示場住所">
            <value>東上町５番</value>
          </Data>
          <Data name="経度">
            <value>139.9789467</value>
          </Data>
          <Data name="緯度">
            <value>35.85973222</value>
          </Data>
        </ExtendedData>
        <Point>
          <coordinates>
            139.9789467,35.85973222,0
          </coordinates>
        </Point>
      </Placemark>
      <Placemark>
        <name>森田宅前</name>
        <description><![CDATA[﻿市区町村コード: 122173<br>都道府県: 千葉県<br>市町村名: 柏市<br>投票区コード: 1<br>投票区名: 第１投票区<br>掲示場住所: 柏六丁目８番<br>経度: 139.97722<br>緯度: 35.865]]></description>
        <styleUrl>#icon-1899-0288D1</styleUrl>
        <ExtendedData>
          <Data name="﻿市区町村コード">
            <value>122173.0</value>
          </Data>
          <Data name="都道府県">
            <value>千葉県</value>
          </Data>
          <Data name="市町村名">
            <value>柏市</value>
          </Data>
          <Data name="投票区コード">
            <value>1.0</value>
          </Data>
          <Data name="投票区名">
            <value>第１投票区</value>
          </Data>
          <Data name="掲示場住所">
            <value>柏六丁目８番</value>
          </Data>
          <Data name="経度">
            <value>139.97722</value>
          </Data>
          <Data name="緯度">
            <value>35.865</value>
          </Data>
        </ExtendedData>
        <Point>
          <coordinates>
            139.97722,35.865,0
          </coordinates>
        </Point>
      </Placemark>
      <Placemark>
        <name>長全寺前</name>
        <description><![CDATA[﻿市区町村コード: 122173<br>都道府県: 千葉県<br>市町村名: 柏市<br>投票区コード: 1<br>投票区名: 第１投票区<br>掲示場住所: 柏六丁目１番<br>経度: 139.9766072<br>緯度: 35.86213139]]></description>
        <styleUrl>#icon-1899-0288D1</styleUrl>
        <ExtendedData>
          <Data name="﻿市区町村コード">
            <value>122173.0</value>
          </Data>
          <Data name="都道府県">
            <value>千葉県</value>
          </Data>
          <Data name="市町村名">
            <value>柏市</value>
          </Data>
          <Data name="投票区コード">
            <value>1.0</value>
          </Data>
          <Data name="投票区名">
            <value>第１投票区</value>
          </Data>
          <Data name="掲示場住所">
            <value>柏六丁目１番</value>
          </Data>
          <Data name="経度">
            <value>139.9766072</value>
          </Data>
          <Data name="緯度">
            <value>35.86213139</value>
          </Data>
        </ExtendedData>
        <Point>
          <coordinates>
            139.9766072,35.86213139,0
          </coordinates>
        </Point>
      </Placemark>
      <Placemark>
        <name>赤城神社裏</name>
        <description><![CDATA[﻿市区町村コード: 122173<br>都道府県: 千葉県<br>市町村名: 柏市<br>投票区コード: 2<br>投票区名: 第２投票区<br>掲示場住所: あけぼの三丁目６番９号<br>経度: 139.9717403<br>緯度: 35.86881667]]></description>
        <styleUrl>#icon-1899-0288D1</styleUrl>
        <ExtendedData>
          <Data name="﻿市区町村コード">
            <value>122173.0</value>
          </Data>
          <Data name="都道府県">
            <value>千葉県</value>
          </Data>
          <Data name="市町村名">
            <value>柏市</value>
          </Data>
          <Data name="投票区コード">
            <value>2.0</value>
          </Data>
          <Data name="投票区名">
            <value>第２投票区</value>
          </Data>
          <Data name="掲示場住所">
            <value>あけぼの三丁目６番９号</value>
          </Data>
          <Data name="経度">
            <value>139.9717403</value>
          </Data>
          <Data name="緯度">
            <value>35.86881667</value>
          </Data>
        </ExtendedData>
        <Point>
          <coordinates>
            139.9717403,35.86881667,0
          </coordinates>
        </Point>
      </Placemark>
      <Placemark>
        <name>柏市立柏第一小学校給食室前</name>
        <description><![CDATA[﻿市区町村コード: 122173<br>都道府県: 千葉県<br>市町村名: 柏市<br>投票区コード: 2<br>投票区名: 第２投票区<br>掲示場住所: あけぼの一丁目７番６号<br>経度: 139.9720686<br>緯度: 35.86621611]]></description>
        <styleUrl>#icon-1899-0288D1</styleUrl>
        <ExtendedData>
          <Data name="﻿市区町村コード">
            <value>122173.0</value>
          </Data>
          <Data name="都道府県">
            <value>千葉県</value>
          </Data>
          <Data name="市町村名">
            <value>柏市</value>
          </Data>
          <Data name="投票区コード">
            <value>2.0</value>
          </Data>
          <Data name="投票区名">
            <value>第２投票区</value>
          </Data>
          <Data name="掲示場住所">
            <value>あけぼの一丁目７番６号</value>
          </Data>
          <Data name="経度">
            <value>139.9720686</value>
          </Data>
          <Data name="緯度">
            <value>35.86621611</value>
          </Data>
        </ExtendedData>
        <Point>
          <coordinates>
            139.9720686,35.86621611,0
          </coordinates>
        </Point>
      </Placemark>
      <Placemark>
        <name>柏市立柏第一小学校正門横</name>
        <description><![CDATA[﻿市区町村コード: 122173<br>都道府県: 千葉県<br>市町村名: 柏市<br>投票区コード: 2<br>投票区名: 第２投票区<br>掲示場住所: あけぼの一丁目７番６号<br>経度: 139.9715092<br>緯度: 35.86518833]]></description>
        <styleUrl>#icon-1899-0288D1</styleUrl>
        <ExtendedData>
          <Data name="﻿市区町村コード">
            <value>122173.0</value>
          </Data>
          <Data name="都道府県">
            <value>千葉県</value>
          </Data>
          <Data name="市町村名">
            <value>柏市</value>
          </Data>
          <Data name="投票区コード">
            <value>2.0</value>
          </Data>
          <Data name="投票区名">
            <value>第２投票区</value>
          </Data>
          <Data name="掲示場住所">
            <value>あけぼの一丁目７番６号</value>
          </Data>
          <Data name="経度">
            <value>139.9715092</value>
          </Data>
          <Data name="緯度">
            <value>35.86518833</value>
          </Data>
        </ExtendedData>
        <Point>
          <coordinates>
            139.9715092,35.86518833,0
          </coordinates>
        </Point>
      </Placemark>
      <Placemark>
        <name>柏市立柏第一小学校こどもルーム側</name>
        <description><![CDATA[﻿市区町村コード: 122173<br>都道府県: 千葉県<br>市町村名: 柏市<br>投票区コード: 2<br>投票区名: 第２投票区<br>掲示場住所: あけぼの一丁目７番６号<br>経度: 139.9731803<br>緯度: 35.86585083]]></description>
        <styleUrl>#icon-1899-0288D1</styleUrl>
        <ExtendedData>
          <Data name="﻿市区町村コード">
            <value>122173.0</value>
          </Data>
          <Data name="都道府県">
            <value>千葉県</value>
          </Data>
          <Data name="市町村名">
            <value>柏市</value>
          </Data>
          <Data name="投票区コード">
            <value>2.0</value>
          </Data>
          <Data name="投票区名">
            <value>第２投票区</value>
          </Data>
          <Data name="掲示場住所">
            <value>あけぼの一丁目７番６号</value>
          </Data>
          <Data name="経度">
            <value>139.9731803</value>
          </Data>
          <Data name="緯度">
            <value>35.86585083</value>
          </Data>
        </ExtendedData>
        <Point>
          <coordinates>
            139.9731803,35.86585083,0
          </coordinates>
        </Point>
      </Placemark>
      <Placemark>
        <name>梶川宅横の畑</name>
        <description><![CDATA[﻿市区町村コード: 122173<br>都道府県: 千葉県<br>市町村名: 柏市<br>投票区コード: 2<br>投票区名: 第２投票区<br>掲示場住所: あけぼの五丁目５番<br>経度: 139.9668439<br>緯度: 35.87064222]]></description>
        <styleUrl>#icon-1899-0288D1</styleUrl>
        <ExtendedData>
          <Data name="﻿市区町村コード">
            <value>122173.0</value>
          </Data>
          <Data name="都道府県">
            <value>千葉県</value>
          </Data>
          <Data name="市町村名">
            <value>柏市</value>
          </Data>
          <Data name="投票区コード">
            <value>2.0</value>
          </Data>
          <Data name="投票区名">
            <value>第２投票区</value>
          </Data>
          <Data name="掲示場住所">
            <value>あけぼの五丁目５番</value>
          </Data>
          <Data name="経度">
            <value>139.9668439</value>
          </Data>
          <Data name="緯度">
            <value>35.87064222</value>
          </Data>
        </ExtendedData>
        <Point>
          <coordinates>
            139.9668439,35.87064222,0
          </coordinates>
        </Point>
      </Placemark>
      <Placemark>
        <name>あけぼの公園</name>
        <description><![CDATA[﻿市区町村コード: 122173<br>都道府県: 千葉県<br>市町村名: 柏市<br>投票区コード: 2<br>投票区名: 第２投票区<br>掲示場住所: あけぼの二丁目９番<br>経度: 139.9742147<br>緯度: 35.86788972]]></description>
        <styleUrl>#icon-1899-0288D1</styleUrl>
        <ExtendedData>
          <Data name="﻿市区町村コード">
            <value>122173.0</value>
          </Data>
          <Data name="都道府県">
            <value>千葉県</value>
          </Data>
          <Data name="市町村名">
            <value>柏市</value>
          </Data>
          <Data name="投票区コード">
            <value>2.0</value>
          </Data>
          <Data name="投票区名">
            <value>第２投票区</value>
          </Data>
          <Data name="掲示場住所">
            <value>あけぼの二丁目９番</value>
          </Data>
          <Data name="経度">
            <value>139.9742147</value>
          </Data>
          <Data name="緯度">
            <value>35.86788972</value>
          </Data>
        </ExtendedData>
        <Point>
          <coordinates>
            139.9742147,35.86788972,0
          </coordinates>
        </Point>
      </Placemark>
      <Placemark>
        <name>柏駅西口第四駐輪場</name>
        <description><![CDATA[﻿市区町村コード: 122173<br>都道府県: 千葉県<br>市町村名: 柏市<br>投票区コード: 2<br>投票区名: 第２投票区<br>掲示場住所: あけぼの二丁目９番<br>経度: 139.9733758<br>緯度: 35.86649861]]></description>
        <styleUrl>#icon-1899-0288D1</styleUrl>
        <ExtendedData>
          <Data name="﻿市区町村コード">
            <value>122173.0</value>
          </Data>
          <Data name="都道府県">
            <value>千葉県</value>
          </Data>
          <Data name="市町村名">
            <value>柏市</value>
          </Data>
          <Data name="投票区コード">
            <value>2.0</value>
          </Data>
          <Data name="投票区名">
            <value>第２投票区</value>
          </Data>
          <Data name="掲示場住所">
            <value>あけぼの二丁目９番</value>
          </Data>
          <Data name="経度">
            <value>139.9733758</value>
          </Data>
          <Data name="緯度">
            <value>35.86649861</value>
          </Data>
        </ExtendedData>
        <Point>
          <coordinates>
            139.9733758,35.86649861,0
          </coordinates>
        </Point>
      </Placemark>
      <Placemark>
        <name>大里宅前</name>
        <description><![CDATA[﻿市区町村コード: 122173<br>都道府県: 千葉県<br>市町村名: 柏市<br>投票区コード: 3<br>投票区名: 第３投票区<br>掲示場住所: 豊四季４７３番地<br>経度: 139.9502553<br>緯度: 35.85468528]]></description>
        <styleUrl>#icon-1899-0288D1</styleUrl>
        <ExtendedData>
          <Data name="﻿市区町村コード">
            <value>122173.0</value>
          </Data>
          <Data name="都道府県">
            <value>千葉県</value>
          </Data>
          <Data name="市町村名">
            <value>柏市</value>
          </Data>
          <Data name="投票区コード">
            <value>3.0</value>
          </Data>
          <Data name="投票区名">
            <value>第３投票区</value>
          </Data>
          <Data name="掲示場住所">
            <value>豊四季４７３番地</value>
          </Data>
          <Data name="経度">
            <value>139.9502553</value>
          </Data>
          <Data name="緯度">
            <value>35.85468528</value>
          </Data>
        </ExtendedData>
        <Point>
          <coordinates>
            139.9502553,35.85468528,0
          </coordinates>
        </Point>
      </Placemark>
      <Placemark>
        <name>柏市新富近隣センター（稲荷神社）前</name>
        <description><![CDATA[﻿市区町村コード: 122173<br>都道府県: 千葉県<br>市町村名: 柏市<br>投票区コード: 3<br>投票区名: 第３投票区<br>掲示場住所: 豊四季９４５番地の１<br>経度: 139.9492908<br>緯度: 35.85771278]]></description>
        <styleUrl>#icon-1899-0288D1</styleUrl>
        <ExtendedData>
          <Data name="﻿市区町村コード">
            <value>122173.0</value>
          </Data>
          <Data name="都道府県">
            <value>千葉県</value>
          </Data>
          <Data name="市町村名">
            <value>柏市</value>
          </Data>
          <Data name="投票区コード">
            <value>3.0</value>
          </Data>
          <Data name="投票区名">
            <value>第３投票区</value>
          </Data>
          <Data name="掲示場住所">
            <value>豊四季９４５番地の１</value>
          </Data>
          <Data name="経度">
            <value>139.9492908</value>
          </Data>
          <Data name="緯度">
            <value>35.85771278</value>
          </Data>
        </ExtendedData>
        <Point>
          <coordinates>
            139.9492908,35.85771278,0
          </coordinates>
        </Point>
      </Placemark>
      <Placemark>
        <name>豊四季第一公園</name>
        <description><![CDATA[﻿市区町村コード: 122173<br>都道府県: 千葉県<br>市町村名: 柏市<br>投票区コード: 3<br>投票区名: 第３投票区<br>掲示場住所: 豊四季９４５番地の６１５<br>経度: 139.9479144<br>緯度: 35.85798722]]></description>
        <styleUrl>#icon-1899-0288D1</styleUrl>
        <ExtendedData>
          <Data name="﻿市区町村コード">
            <value>122173.0</value>
          </Data>
          <Data name="都道府県">
            <value>千葉県</value>
          </Data>
          <Data name="市町村名">
            <value>柏市</value>
          </Data>
          <Data name="投票区コード">
            <value>3.0</value>
          </Data>
          <Data name="投票区名">
            <value>第３投票区</value>
          </Data>
          <Data name="掲示場住所">
            <value>豊四季９４５番地の６１５</value>
          </Data>
          <Data name="経度">
            <value>139.9479144</value>
          </Data>
          <Data name="緯度">
            <value>35.85798722</value>
          </Data>
        </ExtendedData>
        <Point>
          <coordinates>
            139.9479144,35.85798722,0
          </coordinates>
        </Point>
      </Placemark>
      <Placemark>
        <name>柏市立柏第二小学校正門横</name>
        <description><![CDATA[﻿市区町村コード: 122173<br>都道府県: 千葉県<br>市町村名: 柏市<br>投票区コード: 3<br>投票区名: 第３投票区<br>掲示場住所: 豊四季３１０番地<br>経度: 139.9491894<br>緯度: 35.85866083]]></description>
        <styleUrl>#icon-1899-0288D1</styleUrl>
        <ExtendedData>
          <Data name="﻿市区町村コード">
            <value>122173.0</value>
          </Data>
          <Data name="都道府県">
            <value>千葉県</value>
          </Data>
          <Data name="市町村名">
            <value>柏市</value>
          </Data>
          <Data name="投票区コード">
            <value>3.0</value>
          </Data>
          <Data name="投票区名">
            <value>第３投票区</value>
          </Data>
          <Data name="掲示場住所">
            <value>豊四季３１０番地</value>
          </Data>
          <Data name="経度">
            <value>139.9491894</value>
          </Data>
          <Data name="緯度">
            <value>35.85866083</value>
          </Data>
        </ExtendedData>
        <Point>
          <coordinates>
            139.9491894,35.85866083,0
          </coordinates>
        </Point>
      </Placemark>
      <Placemark>
        <name>笹原第三公園</name>
        <description><![CDATA[﻿市区町村コード: 122173<br>都道府県: 千葉県<br>市町村名: 柏市<br>投票区コード: 3<br>投票区名: 第３投票区<br>掲示場住所: 豊四季３４５番地の５４<br>経度: 139.9446694<br>緯度: 35.85394278]]></description>
        <styleUrl>#icon-1899-0288D1</styleUrl>
        <ExtendedData>
          <Data name="﻿市区町村コード">
            <value>122173.0</value>
          </Data>
          <Data name="都道府県">
            <value>千葉県</value>
          </Data>
          <Data name="市町村名">
            <value>柏市</value>
          </Data>
          <Data name="投票区コード">
            <value>3.0</value>
          </Data>
          <Data name="投票区名">
            <value>第３投票区</value>
          </Data>
          <Data name="掲示場住所">
            <value>豊四季３４５番地の５４</value>
          </Data>
          <Data name="経度">
            <value>139.9446694</value>
          </Data>
          <Data name="緯度">
            <value>35.85394278</value>
          </Data>
        </ExtendedData>
        <Point>
          <coordinates>
            139.9446694,35.85394278,0
          </coordinates>
        </Point>
      </Placemark>
      <Placemark>
        <name>原田宅横</name>
        <description><![CDATA[﻿市区町村コード: 122173<br>都道府県: 千葉県<br>市町村名: 柏市<br>投票区コード: 3<br>投票区名: 第３投票区<br>掲示場住所: 豊四季９４５番地の１１２<br>経度: 139.9402842<br>緯度: 35.85435444]]></description>
        <styleUrl>#icon-1899-0288D1</styleUrl>
        <ExtendedData>
          <Data name="﻿市区町村コード">
            <value>122173.0</value>
          </Data>
          <Data name="都道府県">
            <value>千葉県</value>
          </Data>
          <Data name="市町村名">
            <value>柏市</value>
          </Data>
          <Data name="投票区コード">
            <value>3.0</value>
          </Data>
          <Data name="投票区名">
            <value>第３投票区</value>
          </Data>
          <Data name="掲示場住所">
            <value>豊四季９４５番地の１１２</value>
          </Data>
          <Data name="経度">
            <value>139.9402842</value>
          </Data>
          <Data name="緯度">
            <value>35.85435444</value>
          </Data>
        </ExtendedData>
        <Point>
          <coordinates>
            139.9402842,35.85435444,0
          </coordinates>
        </Point>
      </Placemark>
      <Placemark>
        <name>柏市立豊四季中学校正門横</name>
        <description><![CDATA[﻿市区町村コード: 122173<br>都道府県: 千葉県<br>市町村名: 柏市<br>投票区コード: 3<br>投票区名: 第３投票区<br>掲示場住所: 豊四季２８７番地の７<br>経度: 139.9499956<br>緯度: 35.86077694]]></description>
        <styleUrl>#icon-1899-0288D1</styleUrl>
        <ExtendedData>
          <Data name="﻿市区町村コード">
            <value>122173.0</value>
          </Data>
          <Data name="都道府県">
            <value>千葉県</value>
          </Data>
          <Data name="市町村名">
            <value>柏市</value>
          </Data>
          <Data name="投票区コード">
            <value>3.0</value>
          </Data>
          <Data name="投票区名">
            <value>第３投票区</value>
          </Data>
          <Data name="掲示場住所">
            <value>豊四季２８７番地の７</value>
          </Data>
          <Data name="経度">
            <value>139.9499956</value>
          </Data>
          <Data name="緯度">
            <value>35.86077694</value>
          </Data>
        </ExtendedData>
        <Point>
          <coordinates>
            139.9499956,35.86077694,0
          </coordinates>
        </Point>
      </Placemark>
      <Placemark>
        <name>小平医院前</name>
        <description><![CDATA[﻿市区町村コード: 122173<br>都道府県: 千葉県<br>市町村名: 柏市<br>投票区コード: 4<br>投票区名: 第４投票区<br>掲示場住所: 常盤台１０番<br>経度: 139.9661267<br>緯度: 35.84850028]]></description>
        <styleUrl>#icon-1899-0288D1</styleUrl>
        <ExtendedData>
          <Data name="﻿市区町村コード">
            <value>122173.0</value>
          </Data>
          <Data name="都道府県">
            <value>千葉県</value>
          </Data>
          <Data name="市町村名">
            <value>柏市</value>
          </Data>
          <Data name="投票区コード">
            <value>4.0</value>
          </Data>
          <Data name="投票区名">
            <value>第４投票区</value>
          </Data>
          <Data name="掲示場住所">
            <value>常盤台１０番</value>
          </Data>
          <Data name="経度">
            <value>139.9661267</value>
          </Data>
          <Data name="緯度">
            <value>35.84850028</value>
          </Data>
        </ExtendedData>
        <Point>
          <coordinates>
            139.9661267,35.84850028,0
          </coordinates>
        </Point>
      </Placemark>
      <Placemark>
        <name>常盤台グリーンベルト</name>
        <description><![CDATA[﻿市区町村コード: 122173<br>都道府県: 千葉県<br>市町村名: 柏市<br>投票区コード: 4<br>投票区名: 第４投票区<br>掲示場住所: ひばりが丘１番<br>経度: 139.9682283<br>緯度: 35.84990611]]></description>
        <styleUrl>#icon-1899-0288D1</styleUrl>
        <ExtendedData>
          <Data name="﻿市区町村コード">
            <value>122173.0</value>
          </Data>
          <Data name="都道府県">
            <value>千葉県</value>
          </Data>
          <Data name="市町村名">
            <value>柏市</value>
          </Data>
          <Data name="投票区コード">
            <value>4.0</value>
          </Data>
          <Data name="投票区名">
            <value>第４投票区</value>
          </Data>
          <Data name="掲示場住所">
            <value>ひばりが丘１番</value>
          </Data>
          <Data name="経度">
            <value>139.9682283</value>
          </Data>
          <Data name="緯度">
            <value>35.84990611</value>
          </Data>
        </ExtendedData>
        <Point>
          <coordinates>
            139.9682283,35.84990611,0
          </coordinates>
        </Point>
      </Placemark>
      <Placemark>
        <name>ひばりが丘市民プール</name>
        <description><![CDATA[﻿市区町村コード: 122173<br>都道府県: 千葉県<br>市町村名: 柏市<br>投票区コード: 4<br>投票区名: 第４投票区<br>掲示場住所: ひばりが丘１８番<br>経度: 139.9713936<br>緯度: 35.84920972]]></description>
        <styleUrl>#icon-1899-0288D1</styleUrl>
        <ExtendedData>
          <Data name="﻿市区町村コード">
            <value>122173.0</value>
          </Data>
          <Data name="都道府県">
            <value>千葉県</value>
          </Data>
          <Data name="市町村名">
            <value>柏市</value>
          </Data>
          <Data name="投票区コード">
            <value>4.0</value>
          </Data>
          <Data name="投票区名">
            <value>第４投票区</value>
          </Data>
          <Data name="掲示場住所">
            <value>ひばりが丘１８番</value>
          </Data>
          <Data name="経度">
            <value>139.9713936</value>
          </Data>
          <Data name="緯度">
            <value>35.84920972</value>
          </Data>
        </ExtendedData>
        <Point>
          <coordinates>
            139.9713936,35.84920972,0
          </coordinates>
        </Point>
      </Placemark>
      <Placemark>
        <name>富里第一公園</name>
        <description><![CDATA[﻿市区町村コード: 122173<br>都道府県: 千葉県<br>市町村名: 柏市<br>投票区コード: 4<br>投票区名: 第４投票区<br>掲示場住所: 富里１丁目６<br>経度: 139.9664283<br>緯度: 35.850535]]></description>
        <styleUrl>#icon-1899-0288D1</styleUrl>
        <ExtendedData>
          <Data name="﻿市区町村コード">
            <value>122173.0</value>
          </Data>
          <Data name="都道府県">
            <value>千葉県</value>
          </Data>
          <Data name="市町村名">
            <value>柏市</value>
          </Data>
          <Data name="投票区コード">
            <value>4.0</value>
          </Data>
          <Data name="投票区名">
            <value>第４投票区</value>
          </Data>
          <Data name="掲示場住所">
            <value>富里１丁目６</value>
          </Data>
          <Data name="経度">
            <value>139.9664283</value>
          </Data>
          <Data name="緯度">
            <value>35.850535</value>
          </Data>
        </ExtendedData>
        <Point>
          <coordinates>
            139.9664283,35.850535,0
          </coordinates>
        </Point>
      </Placemark>
      <Placemark>
        <name>一本松公園</name>
        <description><![CDATA[﻿市区町村コード: 122173<br>都道府県: 千葉県<br>市町村名: 柏市<br>投票区コード: 4<br>投票区名: 第４投票区<br>掲示場住所: 緑ケ丘２４番<br>経度: 139.9726511<br>緯度: 35.85126444]]></description>
        <styleUrl>#icon-1899-0288D1</styleUrl>
        <ExtendedData>
          <Data name="﻿市区町村コード">
            <value>122173.0</value>
          </Data>
          <Data name="都道府県">
            <value>千葉県</value>
          </Data>
          <Data name="市町村名">
            <value>柏市</value>
          </Data>
          <Data name="投票区コード">
            <value>4.0</value>
          </Data>
          <Data name="投票区名">
            <value>第４投票区</value>
          </Data>
          <Data name="掲示場住所">
            <value>緑ケ丘２４番</value>
          </Data>
          <Data name="経度">
            <value>139.9726511</value>
          </Data>
          <Data name="緯度">
            <value>35.85126444</value>
          </Data>
        </ExtendedData>
        <Point>
          <coordinates>
            139.9726511,35.85126444,0
          </coordinates>
        </Point>
      </Placemark>
      <Placemark>
        <name>石田宅前</name>
        <description><![CDATA[﻿市区町村コード: 122173<br>都道府県: 千葉県<br>市町村名: 柏市<br>投票区コード: 4<br>投票区名: 第４投票区<br>掲示場住所: 若葉町３番１９号<br>経度: 139.9689825<br>緯度: 35.8541925]]></description>
        <styleUrl>#icon-1899-0288D1</styleUrl>
        <ExtendedData>
          <Data name="﻿市区町村コード">
            <value>122173.0</value>
          </Data>
          <Data name="都道府県">
            <value>千葉県</value>
          </Data>
          <Data name="市町村名">
            <value>柏市</value>
          </Data>
          <Data name="投票区コード">
            <value>4.0</value>
          </Data>
          <Data name="投票区名">
            <value>第４投票区</value>
          </Data>
          <Data name="掲示場住所">
            <value>若葉町３番１９号</value>
          </Data>
          <Data name="経度">
            <value>139.9689825</value>
          </Data>
          <Data name="緯度">
            <value>35.8541925</value>
          </Data>
        </ExtendedData>
        <Point>
          <coordinates>
            139.9689825,35.8541925,0
          </coordinates>
        </Point>
      </Placemark>
      <Placemark>
        <name>柏市立柏第三小学校裏門横</name>
        <description><![CDATA[﻿市区町村コード: 122173<br>都道府県: 千葉県<br>市町村名: 柏市<br>投票区コード: 4<br>投票区名: 第４投票区<br>掲示場住所: 若葉町４番５４号<br>経度: 139.9717239<br>緯度: 35.85283306]]></description>
        <styleUrl>#icon-1899-0288D1</styleUrl>
        <ExtendedData>
          <Data name="﻿市区町村コード">
            <value>122173.0</value>
          </Data>
          <Data name="都道府県">
            <value>千葉県</value>
          </Data>
          <Data name="市町村名">
            <value>柏市</value>
          </Data>
          <Data name="投票区コード">
            <value>4.0</value>
          </Data>
          <Data name="投票区名">
            <value>第４投票区</value>
          </Data>
          <Data name="掲示場住所">
            <value>若葉町４番５４号</value>
          </Data>
          <Data name="経度">
            <value>139.9717239</value>
          </Data>
          <Data name="緯度">
            <value>35.85283306</value>
          </Data>
        </ExtendedData>
        <Point>
          <coordinates>
            139.9717239,35.85283306,0
          </coordinates>
        </Point>
      </Placemark>
      <Placemark>
        <name>柏市立柏第三小学校正門横</name>
        <description><![CDATA[﻿市区町村コード: 122173<br>都道府県: 千葉県<br>市町村名: 柏市<br>投票区コード: 4<br>投票区名: 第４投票区<br>掲示場住所: 若葉町４番５４号<br>経度: 139.9717808<br>緯度: 35.85476]]></description>
        <styleUrl>#icon-1899-0288D1</styleUrl>
        <ExtendedData>
          <Data name="﻿市区町村コード">
            <value>122173.0</value>
          </Data>
          <Data name="都道府県">
            <value>千葉県</value>
          </Data>
          <Data name="市町村名">
            <value>柏市</value>
          </Data>
          <Data name="投票区コード">
            <value>4.0</value>
          </Data>
          <Data name="投票区名">
            <value>第４投票区</value>
          </Data>
          <Data name="掲示場住所">
            <value>若葉町４番５４号</value>
          </Data>
          <Data name="経度">
            <value>139.9717808</value>
          </Data>
          <Data name="緯度">
            <value>35.85476</value>
          </Data>
        </ExtendedData>
        <Point>
          <coordinates>
            139.9717808,35.85476,0
          </coordinates>
        </Point>
      </Placemark>
      <Placemark>
        <name>緑ケ丘グリーンベルト</name>
        <description><![CDATA[﻿市区町村コード: 122173<br>都道府県: 千葉県<br>市町村名: 柏市<br>投票区コード: 4<br>投票区名: 第４投票区<br>掲示場住所: 緑ケ丘３番<br>経度: 139.9707822<br>緯度: 35.8523525]]></description>
        <styleUrl>#icon-1899-0288D1</styleUrl>
        <ExtendedData>
          <Data name="﻿市区町村コード">
            <value>122173.0</value>
          </Data>
          <Data name="都道府県">
            <value>千葉県</value>
          </Data>
          <Data name="市町村名">
            <value>柏市</value>
          </Data>
          <Data name="投票区コード">
            <value>4.0</value>
          </Data>
          <Data name="投票区名">
            <value>第４投票区</value>
          </Data>
          <Data name="掲示場住所">
            <value>緑ケ丘３番</value>
          </Data>
          <Data name="経度">
            <value>139.9707822</value>
          </Data>
          <Data name="緯度">
            <value>35.8523525</value>
          </Data>
        </ExtendedData>
        <Point>
          <coordinates>
            139.9707822,35.8523525,0
          </coordinates>
        </Point>
      </Placemark>
      <Placemark>
        <name>柏市立柏第四小学校駐車場</name>
        <description><![CDATA[﻿市区町村コード: 122173<br>都道府県: 千葉県<br>市町村名: 柏市<br>投票区コード: 5<br>投票区名: 第５投票区<br>掲示場住所: 松ケ崎１１８２番地の９<br>経度: 139.9685992<br>緯度: 35.87448389]]></description>
        <styleUrl>#icon-1899-0288D1</styleUrl>
        <ExtendedData>
          <Data name="﻿市区町村コード">
            <value>122173.0</value>
          </Data>
          <Data name="都道府県">
            <value>千葉県</value>
          </Data>
          <Data name="市町村名">
            <value>柏市</value>
          </Data>
          <Data name="投票区コード">
            <value>5.0</value>
          </Data>
          <Data name="投票区名">
            <value>第５投票区</value>
          </Data>
          <Data name="掲示場住所">
            <value>松ケ崎１１８２番地の９</value>
          </Data>
          <Data name="経度">
            <value>139.9685992</value>
          </Data>
          <Data name="緯度">
            <value>35.87448389</value>
          </Data>
        </ExtendedData>
        <Point>
          <coordinates>
            139.9685992,35.87448389,0
          </coordinates>
        </Point>
      </Placemark>
      <Placemark>
        <name>松ケ崎中央公園</name>
        <description><![CDATA[﻿市区町村コード: 122173<br>都道府県: 千葉県<br>市町村名: 柏市<br>投票区コード: 5<br>投票区名: 第５投票区<br>掲示場住所: 大山台一丁目３９番地<br>経度: 139.9691831<br>緯度: 35.88061556]]></description>
        <styleUrl>#icon-1899-0288D1</styleUrl>
        <ExtendedData>
          <Data name="﻿市区町村コード">
            <value>122173.0</value>
          </Data>
          <Data name="都道府県">
            <value>千葉県</value>
          </Data>
          <Data name="市町村名">
            <value>柏市</value>
          </Data>
          <Data name="投票区コード">
            <value>5.0</value>
          </Data>
          <Data name="投票区名">
            <value>第５投票区</value>
          </Data>
          <Data name="掲示場住所">
            <value>大山台一丁目３９番地</value>
          </Data>
          <Data name="経度">
            <value>139.9691831</value>
          </Data>
          <Data name="緯度">
            <value>35.88061556</value>
          </Data>
        </ExtendedData>
        <Point>
          <coordinates>
            139.9691831,35.88061556,0
          </coordinates>
        </Point>
      </Placemark>
      <Placemark>
        <name>松ケ崎第二公園</name>
        <description><![CDATA[﻿市区町村コード: 122173<br>都道府県: 千葉県<br>市町村名: 柏市<br>投票区コード: 5<br>投票区名: 第５投票区<br>掲示場住所: 松ケ崎１１９１番地の５４<br>経度: 139.9636036<br>緯度: 35.87897194]]></description>
        <styleUrl>#icon-1899-0288D1</styleUrl>
        <ExtendedData>
          <Data name="﻿市区町村コード">
            <value>122173.0</value>
          </Data>
          <Data name="都道府県">
            <value>千葉県</value>
          </Data>
          <Data name="市町村名">
            <value>柏市</value>
          </Data>
          <Data name="投票区コード">
            <value>5.0</value>
          </Data>
          <Data name="投票区名">
            <value>第５投票区</value>
          </Data>
          <Data name="掲示場住所">
            <value>松ケ崎１１９１番地の５４</value>
          </Data>
          <Data name="経度">
            <value>139.9636036</value>
          </Data>
          <Data name="緯度">
            <value>35.87897194</value>
          </Data>
        </ExtendedData>
        <Point>
          <coordinates>
            139.9636036,35.87897194,0
          </coordinates>
        </Point>
      </Placemark>
      <Placemark>
        <name>松ケ崎第九公園</name>
        <description><![CDATA[﻿市区町村コード: 122173<br>都道府県: 千葉県<br>市町村名: 柏市<br>投票区コード: 5<br>投票区名: 第５投票区<br>掲示場住所: 松ケ崎１１９１番地の１４３<br>経度: 139.9651011<br>緯度: 35.87617083]]></description>
        <styleUrl>#icon-1899-0288D1</styleUrl>
        <ExtendedData>
          <Data name="﻿市区町村コード">
            <value>122173.0</value>
          </Data>
          <Data name="都道府県">
            <value>千葉県</value>
          </Data>
          <Data name="市町村名">
            <value>柏市</value>
          </Data>
          <Data name="投票区コード">
            <value>5.0</value>
          </Data>
          <Data name="投票区名">
            <value>第５投票区</value>
          </Data>
          <Data name="掲示場住所">
            <value>松ケ崎１１９１番地の１４３</value>
          </Data>
          <Data name="経度">
            <value>139.9651011</value>
          </Data>
          <Data name="緯度">
            <value>35.87617083</value>
          </Data>
        </ExtendedData>
        <Point>
          <coordinates>
            139.9651011,35.87617083,0
          </coordinates>
        </Point>
      </Placemark>
      <Placemark>
        <name>松ケ崎香取第一公園</name>
        <description><![CDATA[﻿市区町村コード: 122173<br>都道府県: 千葉県<br>市町村名: 柏市<br>投票区コード: 5<br>投票区名: 第５投票区<br>掲示場住所: 松ヶ崎１１７６番地の４２<br>経度: 139.9704542<br>緯度: 35.87668028]]></description>
        <styleUrl>#icon-1899-0288D1</styleUrl>
        <ExtendedData>
          <Data name="﻿市区町村コード">
            <value>122173.0</value>
          </Data>
          <Data name="都道府県">
            <value>千葉県</value>
          </Data>
          <Data name="市町村名">
            <value>柏市</value>
          </Data>
          <Data name="投票区コード">
            <value>5.0</value>
          </Data>
          <Data name="投票区名">
            <value>第５投票区</value>
          </Data>
          <Data name="掲示場住所">
            <value>松ヶ崎１１７６番地の４２</value>
          </Data>
          <Data name="経度">
            <value>139.9704542</value>
          </Data>
          <Data name="緯度">
            <value>35.87668028</value>
          </Data>
        </ExtendedData>
        <Point>
          <coordinates>
            139.9704542,35.87668028,0
          </coordinates>
        </Point>
      </Placemark>
      <Placemark>
        <name>柏市立柏第五中学校グラウンド北側</name>
        <description><![CDATA[﻿市区町村コード: 122173<br>都道府県: 千葉県<br>市町村名: 柏市<br>投票区コード: 5<br>投票区名: 第５投票区<br>掲示場住所: 高田８９１番地の３<br>経度: 139.9644958<br>緯度: 35.87440806]]></description>
        <styleUrl>#icon-1899-0288D1</styleUrl>
        <ExtendedData>
          <Data name="﻿市区町村コード">
            <value>122173.0</value>
          </Data>
          <Data name="都道府県">
            <value>千葉県</value>
          </Data>
          <Data name="市町村名">
            <value>柏市</value>
          </Data>
          <Data name="投票区コード">
            <value>5.0</value>
          </Data>
          <Data name="投票区名">
            <value>第５投票区</value>
          </Data>
          <Data name="掲示場住所">
            <value>高田８９１番地の３</value>
          </Data>
          <Data name="経度">
            <value>139.9644958</value>
          </Data>
          <Data name="緯度">
            <value>35.87440806</value>
          </Data>
        </ExtendedData>
        <Point>
          <coordinates>
            139.9644958,35.87440806,0
          </coordinates>
        </Point>
      </Placemark>
      <Placemark>
        <name>県立柏中央高等学校正門前</name>
        <description><![CDATA[﻿市区町村コード: 122173<br>都道府県: 千葉県<br>市町村名: 柏市<br>投票区コード: 5<br>投票区名: 第５投票区<br>掲示場住所: 松ケ崎７６２番地の２<br>経度: 139.9722981<br>緯度: 35.87522861]]></description>
        <styleUrl>#icon-1899-0288D1</styleUrl>
        <ExtendedData>
          <Data name="﻿市区町村コード">
            <value>122173.0</value>
          </Data>
          <Data name="都道府県">
            <value>千葉県</value>
          </Data>
          <Data name="市町村名">
            <value>柏市</value>
          </Data>
          <Data name="投票区コード">
            <value>5.0</value>
          </Data>
          <Data name="投票区名">
            <value>第５投票区</value>
          </Data>
          <Data name="掲示場住所">
            <value>松ケ崎７６２番地の２</value>
          </Data>
          <Data name="経度">
            <value>139.9722981</value>
          </Data>
          <Data name="緯度">
            <value>35.87522861</value>
          </Data>
        </ExtendedData>
        <Point>
          <coordinates>
            139.9722981,35.87522861,0
          </coordinates>
        </Point>
      </Placemark>
      <Placemark>
        <name>柏市民文化会館前</name>
        <description><![CDATA[﻿市区町村コード: 122173<br>都道府県: 千葉県<br>市町村名: 柏市<br>投票区コード: 6<br>投票区名: 第６投票区<br>掲示場住所: 柏７２２番地の３<br>経度: 139.9833189<br>緯度: 35.86670139]]></description>
        <styleUrl>#icon-1899-0288D1</styleUrl>
        <ExtendedData>
          <Data name="﻿市区町村コード">
            <value>122173.0</value>
          </Data>
          <Data name="都道府県">
            <value>千葉県</value>
          </Data>
          <Data name="市町村名">
            <value>柏市</value>
          </Data>
          <Data name="投票区コード">
            <value>6.0</value>
          </Data>
          <Data name="投票区名">
            <value>第６投票区</value>
          </Data>
          <Data name="掲示場住所">
            <value>柏７２２番地の３</value>
          </Data>
          <Data name="経度">
            <value>139.9833189</value>
          </Data>
          <Data name="緯度">
            <value>35.86670139</value>
          </Data>
        </ExtendedData>
        <Point>
          <coordinates>
            139.9833189,35.86670139,0
          </coordinates>
        </Point>
      </Placemark>
      <Placemark>
        <name>ルネス・フィエスタ前</name>
        <description><![CDATA[﻿市区町村コード: 122173<br>都道府県: 千葉県<br>市町村名: 柏市<br>投票区コード: 6<br>投票区名: 第６投票区<br>掲示場住所: 東一丁目２番<br>経度: 139.9773128<br>緯度: 35.85754083]]></description>
        <styleUrl>#icon-1899-0288D1</styleUrl>
        <ExtendedData>
          <Data name="﻿市区町村コード">
            <value>122173.0</value>
          </Data>
          <Data name="都道府県">
            <value>千葉県</value>
          </Data>
          <Data name="市町村名">
            <value>柏市</value>
          </Data>
          <Data name="投票区コード">
            <value>6.0</value>
          </Data>
          <Data name="投票区名">
            <value>第６投票区</value>
          </Data>
          <Data name="掲示場住所">
            <value>東一丁目２番</value>
          </Data>
          <Data name="経度">
            <value>139.9773128</value>
          </Data>
          <Data name="緯度">
            <value>35.85754083</value>
          </Data>
        </ExtendedData>
        <Point>
          <coordinates>
            139.9773128,35.85754083,0
          </coordinates>
        </Point>
      </Placemark>
      <Placemark>
        <name>上ノ台バス停横</name>
        <description><![CDATA[﻿市区町村コード: 122173<br>都道府県: 千葉県<br>市町村名: 柏市<br>投票区コード: 6<br>投票区名: 第６投票区<br>掲示場住所: 柏９８９番地の２<br>経度: 139.9860783<br>緯度: 35.86430722]]></description>
        <styleUrl>#icon-1899-0288D1</styleUrl>
        <ExtendedData>
          <Data name="﻿市区町村コード">
            <value>122173.0</value>
          </Data>
          <Data name="都道府県">
            <value>千葉県</value>
          </Data>
          <Data name="市町村名">
            <value>柏市</value>
          </Data>
          <Data name="投票区コード">
            <value>6.0</value>
          </Data>
          <Data name="投票区名">
            <value>第６投票区</value>
          </Data>
          <Data name="掲示場住所">
            <value>柏９８９番地の２</value>
          </Data>
          <Data name="経度">
            <value>139.9860783</value>
          </Data>
          <Data name="緯度">
            <value>35.86430722</value>
          </Data>
        </ExtendedData>
        <Point>
          <coordinates>
            139.9860783,35.86430722,0
          </coordinates>
        </Point>
      </Placemark>
      <Placemark>
        <name>西友柏東店前</name>
        <description><![CDATA[﻿市区町村コード: 122173<br>都道府県: 千葉県<br>市町村名: 柏市<br>投票区コード: 6<br>投票区名: 第６投票区<br>掲示場住所: 柏９５５番地の１地先<br>経度: 139.9850731<br>緯度: 35.86267083]]></description>
        <styleUrl>#icon-1899-0288D1</styleUrl>
        <ExtendedData>
          <Data name="﻿市区町村コード">
            <value>122173.0</value>
          </Data>
          <Data name="都道府県">
            <value>千葉県</value>
          </Data>
          <Data name="市町村名">
            <value>柏市</value>
          </Data>
          <Data name="投票区コード">
            <value>6.0</value>
          </Data>
          <Data name="投票区名">
            <value>第６投票区</value>
          </Data>
          <Data name="掲示場住所">
            <value>柏９５５番地の１地先</value>
          </Data>
          <Data name="経度">
            <value>139.9850731</value>
          </Data>
          <Data name="緯度">
            <value>35.86267083</value>
          </Data>
        </ExtendedData>
        <Point>
          <coordinates>
            139.9850731,35.86267083,0
          </coordinates>
        </Point>
      </Placemark>
      <Placemark>
        <name>柏市立柏第五小学校正門横</name>
        <description><![CDATA[﻿市区町村コード: 122173<br>都道府県: 千葉県<br>市町村名: 柏市<br>投票区コード: 6<br>投票区名: 第６投票区<br>掲示場住所: 柏９３２番地の７<br>経度: 139.98374<br>緯度: 35.86152611]]></description>
        <styleUrl>#icon-1899-0288D1</styleUrl>
        <ExtendedData>
          <Data name="﻿市区町村コード">
            <value>122173.0</value>
          </Data>
          <Data name="都道府県">
            <value>千葉県</value>
          </Data>
          <Data name="市町村名">
            <value>柏市</value>
          </Data>
          <Data name="投票区コード">
            <value>6.0</value>
          </Data>
          <Data name="投票区名">
            <value>第６投票区</value>
          </Data>
          <Data name="掲示場住所">
            <value>柏９３２番地の７</value>
          </Data>
          <Data name="経度">
            <value>139.98374</value>
          </Data>
          <Data name="緯度">
            <value>35.86152611</value>
          </Data>
        </ExtendedData>
        <Point>
          <coordinates>
            139.98374,35.86152611,0
          </coordinates>
        </Point>
      </Placemark>
      <Placemark>
        <name>東台本町交差点の南側</name>
        <description><![CDATA[﻿市区町村コード: 122173<br>都道府県: 千葉県<br>市町村名: 柏市<br>投票区コード: 6<br>投票区名: 第６投票区<br>掲示場住所: 東台本町２番<br>経度: 139.9827431<br>緯度: 35.85991028]]></description>
        <styleUrl>#icon-1899-0288D1</styleUrl>
        <ExtendedData>
          <Data name="﻿市区町村コード">
            <value>122173.0</value>
          </Data>
          <Data name="都道府県">
            <value>千葉県</value>
          </Data>
          <Data name="市町村名">
            <value>柏市</value>
          </Data>
          <Data name="投票区コード">
            <value>6.0</value>
          </Data>
          <Data name="投票区名">
            <value>第６投票区</value>
          </Data>
          <Data name="掲示場住所">
            <value>東台本町２番</value>
          </Data>
          <Data name="経度">
            <value>139.9827431</value>
          </Data>
          <Data name="緯度">
            <value>35.85991028</value>
          </Data>
        </ExtendedData>
        <Point>
          <coordinates>
            139.9827431,35.85991028,0
          </coordinates>
        </Point>
      </Placemark>
      <Placemark>
        <name>宮前第一公園</name>
        <description><![CDATA[﻿市区町村コード: 122173<br>都道府県: 千葉県<br>市町村名: 柏市<br>投票区コード: 6<br>投票区名: 第６投票区<br>掲示場住所: 柏１１２９番地の８<br>経度: 139.9876008<br>緯度: 35.86530306]]></description>
        <styleUrl>#icon-1899-0288D1</styleUrl>
        <ExtendedData>
          <Data name="﻿市区町村コード">
            <value>122173.0</value>
          </Data>
          <Data name="都道府県">
            <value>千葉県</value>
          </Data>
          <Data name="市町村名">
            <value>柏市</value>
          </Data>
          <Data name="投票区コード">
            <value>6.0</value>
          </Data>
          <Data name="投票区名">
            <value>第６投票区</value>
          </Data>
          <Data name="掲示場住所">
            <value>柏１１２９番地の８</value>
          </Data>
          <Data name="経度">
            <value>139.9876008</value>
          </Data>
          <Data name="緯度">
            <value>35.86530306</value>
          </Data>
        </ExtendedData>
        <Point>
          <coordinates>
            139.9876008,35.86530306,0
          </coordinates>
        </Point>
      </Placemark>
      <Placemark>
        <name>仲田第一公園</name>
        <description><![CDATA[﻿市区町村コード: 122173<br>都道府県: 千葉県<br>市町村名: 柏市<br>投票区コード: 6<br>投票区名: 第６投票区<br>掲示場住所: 柏７６２番地<br>経度: 139.9821367<br>緯度: 35.86320722]]></description>
        <styleUrl>#icon-1899-0288D1</styleUrl>
        <ExtendedData>
          <Data name="﻿市区町村コード">
            <value>122173.0</value>
          </Data>
          <Data name="都道府県">
            <value>千葉県</value>
          </Data>
          <Data name="市町村名">
            <value>柏市</value>
          </Data>
          <Data name="投票区コード">
            <value>6.0</value>
          </Data>
          <Data name="投票区名">
            <value>第６投票区</value>
          </Data>
          <Data name="掲示場住所">
            <value>柏７６２番地</value>
          </Data>
          <Data name="経度">
            <value>139.9821367</value>
          </Data>
          <Data name="緯度">
            <value>35.86320722</value>
          </Data>
        </ExtendedData>
        <Point>
          <coordinates>
            139.9821367,35.86320722,0
          </coordinates>
        </Point>
      </Placemark>
      <Placemark>
        <name>旭町第四公園</name>
        <description><![CDATA[﻿市区町村コード: 122173<br>都道府県: 千葉県<br>市町村名: 柏市<br>投票区コード: 7<br>投票区名: 第７投票区<br>掲示場住所: 旭町５丁目１<br>経度: 139.9651769<br>緯度: 35.85863778]]></description>
        <styleUrl>#icon-1899-0288D1</styleUrl>
        <ExtendedData>
          <Data name="﻿市区町村コード">
            <value>122173.0</value>
          </Data>
          <Data name="都道府県">
            <value>千葉県</value>
          </Data>
          <Data name="市町村名">
            <value>柏市</value>
          </Data>
          <Data name="投票区コード">
            <value>7.0</value>
          </Data>
          <Data name="投票区名">
            <value>第７投票区</value>
          </Data>
          <Data name="掲示場住所">
            <value>旭町５丁目１</value>
          </Data>
          <Data name="経度">
            <value>139.9651769</value>
          </Data>
          <Data name="緯度">
            <value>35.85863778</value>
          </Data>
        </ExtendedData>
        <Point>
          <coordinates>
            139.9651769,35.85863778,0
          </coordinates>
        </Point>
      </Placemark>
      <Placemark>
        <name>県立東葛飾高等学校通用門横</name>
        <description><![CDATA[﻿市区町村コード: 122173<br>都道府県: 千葉県<br>市町村名: 柏市<br>投票区コード: 7<br>投票区名: 第７投票区<br>掲示場住所: 旭町三丁目２番１号<br>経度: 139.9663117<br>緯度: 35.86078083]]></description>
        <styleUrl>#icon-1899-0288D1</styleUrl>
        <ExtendedData>
          <Data name="﻿市区町村コード">
            <value>122173.0</value>
          </Data>
          <Data name="都道府県">
            <value>千葉県</value>
          </Data>
          <Data name="市町村名">
            <value>柏市</value>
          </Data>
          <Data name="投票区コード">
            <value>7.0</value>
          </Data>
          <Data name="投票区名">
            <value>第７投票区</value>
          </Data>
          <Data name="掲示場住所">
            <value>旭町三丁目２番１号</value>
          </Data>
          <Data name="経度">
            <value>139.9663117</value>
          </Data>
          <Data name="緯度">
            <value>35.86078083</value>
          </Data>
        </ExtendedData>
        <Point>
          <coordinates>
            139.9663117,35.86078083,0
          </coordinates>
        </Point>
      </Placemark>
      <Placemark>
        <name>県立東葛飾高等学校正門横</name>
        <description><![CDATA[﻿市区町村コード: 122173<br>都道府県: 千葉県<br>市町村名: 柏市<br>投票区コード: 7<br>投票区名: 第７投票区<br>掲示場住所: 旭町三丁目２番１号<br>経度: 139.9634628<br>緯度: 35.86118111]]></description>
        <styleUrl>#icon-1899-0288D1</styleUrl>
        <ExtendedData>
          <Data name="﻿市区町村コード">
            <value>122173.0</value>
          </Data>
          <Data name="都道府県">
            <value>千葉県</value>
          </Data>
          <Data name="市町村名">
            <value>柏市</value>
          </Data>
          <Data name="投票区コード">
            <value>7.0</value>
          </Data>
          <Data name="投票区名">
            <value>第７投票区</value>
          </Data>
          <Data name="掲示場住所">
            <value>旭町三丁目２番１号</value>
          </Data>
          <Data name="経度">
            <value>139.9634628</value>
          </Data>
          <Data name="緯度">
            <value>35.86118111</value>
          </Data>
        </ExtendedData>
        <Point>
          <coordinates>
            139.9634628,35.86118111,0
          </coordinates>
        </Point>
      </Placemark>
      <Placemark>
        <name>山下宅横の梅林</name>
        <description><![CDATA[﻿市区町村コード: 122173<br>都道府県: 千葉県<br>市町村名: 柏市<br>投票区コード: 7<br>投票区名: 第７投票区<br>掲示場住所: 富里三丁目３番<br>経度: 139.9634192<br>緯度: 35.85282389]]></description>
        <styleUrl>#icon-1899-0288D1</styleUrl>
        <ExtendedData>
          <Data name="﻿市区町村コード">
            <value>122173.0</value>
          </Data>
          <Data name="都道府県">
            <value>千葉県</value>
          </Data>
          <Data name="市町村名">
            <value>柏市</value>
          </Data>
          <Data name="投票区コード">
            <value>7.0</value>
          </Data>
          <Data name="投票区名">
            <value>第７投票区</value>
          </Data>
          <Data name="掲示場住所">
            <value>富里三丁目３番</value>
          </Data>
          <Data name="経度">
            <value>139.9634192</value>
          </Data>
          <Data name="緯度">
            <value>35.85282389</value>
          </Data>
        </ExtendedData>
        <Point>
          <coordinates>
            139.9634192,35.85282389,0
          </coordinates>
        </Point>
      </Placemark>
      <Placemark>
        <name>若草子供の遊び場</name>
        <description><![CDATA[﻿市区町村コード: 122173<br>都道府県: 千葉県<br>市町村名: 柏市<br>投票区コード: 7<br>投票区名: 第７投票区<br>掲示場住所: 旭町五丁目３番<br>経度: 139.9619314<br>緯度: 35.85754889]]></description>
        <styleUrl>#icon-1899-0288D1</styleUrl>
        <ExtendedData>
          <Data name="﻿市区町村コード">
            <value>122173.0</value>
          </Data>
          <Data name="都道府県">
            <value>千葉県</value>
          </Data>
          <Data name="市町村名">
            <value>柏市</value>
          </Data>
          <Data name="投票区コード">
            <value>7.0</value>
          </Data>
          <Data name="投票区名">
            <value>第７投票区</value>
          </Data>
          <Data name="掲示場住所">
            <value>旭町五丁目３番</value>
          </Data>
          <Data name="経度">
            <value>139.9619314</value>
          </Data>
          <Data name="緯度">
            <value>35.85754889</value>
          </Data>
        </ExtendedData>
        <Point>
          <coordinates>
            139.9619314,35.85754889,0
          </coordinates>
        </Point>
      </Placemark>
      <Placemark>
        <name>柏市旭町近隣センター前</name>
        <description><![CDATA[﻿市区町村コード: 122173<br>都道府県: 千葉県<br>市町村名: 柏市<br>投票区コード: 7<br>投票区名: 第７投票区<br>掲示場住所: 旭町五丁目３番３２号<br>経度: 139.9618742<br>緯度: 35.85604417]]></description>
        <styleUrl>#icon-1899-0288D1</styleUrl>
        <ExtendedData>
          <Data name="﻿市区町村コード">
            <value>122173.0</value>
          </Data>
          <Data name="都道府県">
            <value>千葉県</value>
          </Data>
          <Data name="市町村名">
            <value>柏市</value>
          </Data>
          <Data name="投票区コード">
            <value>7.0</value>
          </Data>
          <Data name="投票区名">
            <value>第７投票区</value>
          </Data>
          <Data name="掲示場住所">
            <value>旭町五丁目３番３２号</value>
          </Data>
          <Data name="経度">
            <value>139.9618742</value>
          </Data>
          <Data name="緯度">
            <value>35.85604417</value>
          </Data>
        </ExtendedData>
        <Point>
          <coordinates>
            139.9618742,35.85604417,0
          </coordinates>
        </Point>
      </Placemark>
      <Placemark>
        <name>柏市柏駅西口第１駐輪場前</name>
        <description><![CDATA[﻿市区町村コード: 122173<br>都道府県: 千葉県<br>市町村名: 柏市<br>投票区コード: 7<br>投票区名: 第７投票区<br>掲示場住所: 旭町一丁目３番<br>経度: 139.9680883<br>緯度: 35.86226222]]></description>
        <styleUrl>#icon-1899-0288D1</styleUrl>
        <ExtendedData>
          <Data name="﻿市区町村コード">
            <value>122173.0</value>
          </Data>
          <Data name="都道府県">
            <value>千葉県</value>
          </Data>
          <Data name="市町村名">
            <value>柏市</value>
          </Data>
          <Data name="投票区コード">
            <value>7.0</value>
          </Data>
          <Data name="投票区名">
            <value>第７投票区</value>
          </Data>
          <Data name="掲示場住所">
            <value>旭町一丁目３番</value>
          </Data>
          <Data name="経度">
            <value>139.9680883</value>
          </Data>
          <Data name="緯度">
            <value>35.86226222</value>
          </Data>
        </ExtendedData>
        <Point>
          <coordinates>
            139.9680883,35.86226222,0
          </coordinates>
        </Point>
      </Placemark>
      <Placemark>
        <name>（株）ユニトレンド</name>
        <description><![CDATA[﻿市区町村コード: 122173<br>都道府県: 千葉県<br>市町村名: 柏市<br>投票区コード: 8<br>投票区名: 第８投票区<br>掲示場住所: 中央二丁目９番１６号<br>経度: 139.9718261<br>緯度: 35.85594722]]></description>
        <styleUrl>#icon-1899-0288D1</styleUrl>
        <ExtendedData>
          <Data name="﻿市区町村コード">
            <value>122173.0</value>
          </Data>
          <Data name="都道府県">
            <value>千葉県</value>
          </Data>
          <Data name="市町村名">
            <value>柏市</value>
          </Data>
          <Data name="投票区コード">
            <value>8.0</value>
          </Data>
          <Data name="投票区名">
            <value>第８投票区</value>
          </Data>
          <Data name="掲示場住所">
            <value>中央二丁目９番１６号</value>
          </Data>
          <Data name="経度">
            <value>139.9718261</value>
          </Data>
          <Data name="緯度">
            <value>35.85594722</value>
          </Data>
        </ExtendedData>
        <Point>
          <coordinates>
            139.9718261,35.85594722,0
          </coordinates>
        </Point>
      </Placemark>
      <Placemark>
        <name>泉町公園</name>
        <description><![CDATA[﻿市区町村コード: 122173<br>都道府県: 千葉県<br>市町村名: 柏市<br>投票区コード: 8<br>投票区名: 第８投票区<br>掲示場住所: 泉町１３番<br>経度: 139.9682031<br>緯度: 35.85642083]]></description>
        <styleUrl>#icon-1899-0288D1</styleUrl>
        <ExtendedData>
          <Data name="﻿市区町村コード">
            <value>122173.0</value>
          </Data>
          <Data name="都道府県">
            <value>千葉県</value>
          </Data>
          <Data name="市町村名">
            <value>柏市</value>
          </Data>
          <Data name="投票区コード">
            <value>8.0</value>
          </Data>
          <Data name="投票区名">
            <value>第８投票区</value>
          </Data>
          <Data name="掲示場住所">
            <value>泉町１３番</value>
          </Data>
          <Data name="経度">
            <value>139.9682031</value>
          </Data>
          <Data name="緯度">
            <value>35.85642083</value>
          </Data>
        </ExtendedData>
        <Point>
          <coordinates>
            139.9682031,35.85642083,0
          </coordinates>
        </Point>
      </Placemark>
      <Placemark>
        <name>県道松戸・柏線東武鉄道野田線高架橋下</name>
        <description><![CDATA[﻿市区町村コード: 122173<br>都道府県: 千葉県<br>市町村名: 柏市<br>投票区コード: 8<br>投票区名: 第８投票区<br>掲示場住所: 泉町１７番<br>経度: 139.9666725<br>緯度: 35.8540075]]></description>
        <styleUrl>#icon-1899-0288D1</styleUrl>
        <ExtendedData>
          <Data name="﻿市区町村コード">
            <value>122173.0</value>
          </Data>
          <Data name="都道府県">
            <value>千葉県</value>
          </Data>
          <Data name="市町村名">
            <value>柏市</value>
          </Data>
          <Data name="投票区コード">
            <value>8.0</value>
          </Data>
          <Data name="投票区名">
            <value>第８投票区</value>
          </Data>
          <Data name="掲示場住所">
            <value>泉町１７番</value>
          </Data>
          <Data name="経度">
            <value>139.9666725</value>
          </Data>
          <Data name="緯度">
            <value>35.8540075</value>
          </Data>
        </ExtendedData>
        <Point>
          <coordinates>
            139.9666725,35.8540075,0
          </coordinates>
        </Point>
      </Placemark>
      <Placemark>
        <name>朝日会館前</name>
        <description><![CDATA[﻿市区町村コード: 122173<br>都道府県: 千葉県<br>市町村名: 柏市<br>投票区コード: 8<br>投票区名: 第８投票区<br>掲示場住所: 中央二丁目２番３４号<br>経度: 139.9714678<br>緯度: 35.85729972]]></description>
        <styleUrl>#icon-1899-0288D1</styleUrl>
        <ExtendedData>
          <Data name="﻿市区町村コード">
            <value>122173.0</value>
          </Data>
          <Data name="都道府県">
            <value>千葉県</value>
          </Data>
          <Data name="市町村名">
            <value>柏市</value>
          </Data>
          <Data name="投票区コード">
            <value>8.0</value>
          </Data>
          <Data name="投票区名">
            <value>第８投票区</value>
          </Data>
          <Data name="掲示場住所">
            <value>中央二丁目２番３４号</value>
          </Data>
          <Data name="経度">
            <value>139.9714678</value>
          </Data>
          <Data name="緯度">
            <value>35.85729972</value>
          </Data>
        </ExtendedData>
        <Point>
          <coordinates>
            139.9714678,35.85729972,0
          </coordinates>
        </Point>
      </Placemark>
      <Placemark>
        <name>柏たなか緑地</name>
        <description><![CDATA[﻿市区町村コード: 122173<br>都道府県: 千葉県<br>市町村名: 柏市<br>投票区コード: 9<br>投票区名: 第９投票区<br>掲示場住所: 大室３丁目４<br>経度: 139.9601817<br>緯度: 35.91334472]]></description>
        <styleUrl>#icon-1899-0288D1</styleUrl>
        <ExtendedData>
          <Data name="﻿市区町村コード">
            <value>122173.0</value>
          </Data>
          <Data name="都道府県">
            <value>千葉県</value>
          </Data>
          <Data name="市町村名">
            <value>柏市</value>
          </Data>
          <Data name="投票区コード">
            <value>9.0</value>
          </Data>
          <Data name="投票区名">
            <value>第９投票区</value>
          </Data>
          <Data name="掲示場住所">
            <value>大室３丁目４</value>
          </Data>
          <Data name="経度">
            <value>139.9601817</value>
          </Data>
          <Data name="緯度">
            <value>35.91334472</value>
          </Data>
        </ExtendedData>
        <Point>
          <coordinates>
            139.9601817,35.91334472,0
          </coordinates>
        </Point>
      </Placemark>
      <Placemark>
        <name>北花崎第一公園</name>
        <description><![CDATA[﻿市区町村コード: 122173<br>都道府県: 千葉県<br>市町村名: 柏市<br>投票区コード: 9<br>投票区名: 第９投票区<br>掲示場住所: 花野井７２０番地<br>経度: 139.9595967<br>緯度: 35.8972825]]></description>
        <styleUrl>#icon-1899-0288D1</styleUrl>
        <ExtendedData>
          <Data name="﻿市区町村コード">
            <value>122173.0</value>
          </Data>
          <Data name="都道府県">
            <value>千葉県</value>
          </Data>
          <Data name="市町村名">
            <value>柏市</value>
          </Data>
          <Data name="投票区コード">
            <value>9.0</value>
          </Data>
          <Data name="投票区名">
            <value>第９投票区</value>
          </Data>
          <Data name="掲示場住所">
            <value>花野井７２０番地</value>
          </Data>
          <Data name="経度">
            <value>139.9595967</value>
          </Data>
          <Data name="緯度">
            <value>35.8972825</value>
          </Data>
        </ExtendedData>
        <Point>
          <coordinates>
            139.9595967,35.8972825,0
          </coordinates>
        </Point>
      </Placemark>
      <Placemark>
        <name>柏たなか駅前公園</name>
        <description><![CDATA[﻿市区町村コード: 122173<br>都道府県: 千葉県<br>市町村名: 柏市<br>投票区コード: 9<br>投票区名: 第９投票区<br>掲示場住所: 大室４<br>経度: 139.9593736<br>緯度: 35.90826028]]></description>
        <styleUrl>#icon-1899-0288D1</styleUrl>
        <ExtendedData>
          <Data name="﻿市区町村コード">
            <value>122173.0</value>
          </Data>
          <Data name="都道府県">
            <value>千葉県</value>
          </Data>
          <Data name="市町村名">
            <value>柏市</value>
          </Data>
          <Data name="投票区コード">
            <value>9.0</value>
          </Data>
          <Data name="投票区名">
            <value>第９投票区</value>
          </Data>
          <Data name="掲示場住所">
            <value>大室４</value>
          </Data>
          <Data name="経度">
            <value>139.9593736</value>
          </Data>
          <Data name="緯度">
            <value>35.90826028</value>
          </Data>
        </ExtendedData>
        <Point>
          <coordinates>
            139.9593736,35.90826028,0
          </coordinates>
        </Point>
      </Placemark>
      <Placemark>
        <name>柏市田中近隣センター前</name>
        <description><![CDATA[﻿市区町村コード: 122173<br>都道府県: 千葉県<br>市町村名: 柏市<br>投票区コード: 9<br>投票区名: 第９投票区<br>掲示場住所: 大室２４９番地の１<br>経度: 139.9590169<br>緯度: 35.90397861]]></description>
        <styleUrl>#icon-1899-0288D1</styleUrl>
        <ExtendedData>
          <Data name="﻿市区町村コード">
            <value>122173.0</value>
          </Data>
          <Data name="都道府県">
            <value>千葉県</value>
          </Data>
          <Data name="市町村名">
            <value>柏市</value>
          </Data>
          <Data name="投票区コード">
            <value>9.0</value>
          </Data>
          <Data name="投票区名">
            <value>第９投票区</value>
          </Data>
          <Data name="掲示場住所">
            <value>大室２４９番地の１</value>
          </Data>
          <Data name="経度">
            <value>139.9590169</value>
          </Data>
          <Data name="緯度">
            <value>35.90397861</value>
          </Data>
        </ExtendedData>
        <Point>
          <coordinates>
            139.9590169,35.90397861,0
          </coordinates>
        </Point>
      </Placemark>
      <Placemark>
        <name>柏市立田中中学校裏門横</name>
        <description><![CDATA[﻿市区町村コード: 122173<br>都道府県: 千葉県<br>市町村名: 柏市<br>投票区コード: 9<br>投票区名: 第９投票区<br>掲示場住所: 大室２４９番地の９<br>経度: 139.9563033<br>緯度: 35.90402167]]></description>
        <styleUrl>#icon-1899-0288D1</styleUrl>
        <ExtendedData>
          <Data name="﻿市区町村コード">
            <value>122173.0</value>
          </Data>
          <Data name="都道府県">
            <value>千葉県</value>
          </Data>
          <Data name="市町村名">
            <value>柏市</value>
          </Data>
          <Data name="投票区コード">
            <value>9.0</value>
          </Data>
          <Data name="投票区名">
            <value>第９投票区</value>
          </Data>
          <Data name="掲示場住所">
            <value>大室２４９番地の９</value>
          </Data>
          <Data name="経度">
            <value>139.9563033</value>
          </Data>
          <Data name="緯度">
            <value>35.90402167</value>
          </Data>
        </ExtendedData>
        <Point>
          <coordinates>
            139.9563033,35.90402167,0
          </coordinates>
        </Point>
      </Placemark>
      <Placemark>
        <name>柏市立田中中学校通用門横</name>
        <description><![CDATA[﻿市区町村コード: 122173<br>都道府県: 千葉県<br>市町村名: 柏市<br>投票区コード: 9<br>投票区名: 第９投票区<br>掲示場住所: 大室２４９番地の９<br>経度: 139.9580219<br>緯度: 35.90492694]]></description>
        <styleUrl>#icon-1899-0288D1</styleUrl>
        <ExtendedData>
          <Data name="﻿市区町村コード">
            <value>122173.0</value>
          </Data>
          <Data name="都道府県">
            <value>千葉県</value>
          </Data>
          <Data name="市町村名">
            <value>柏市</value>
          </Data>
          <Data name="投票区コード">
            <value>9.0</value>
          </Data>
          <Data name="投票区名">
            <value>第９投票区</value>
          </Data>
          <Data name="掲示場住所">
            <value>大室２４９番地の９</value>
          </Data>
          <Data name="経度">
            <value>139.9580219</value>
          </Data>
          <Data name="緯度">
            <value>35.90492694</value>
          </Data>
        </ExtendedData>
        <Point>
          <coordinates>
            139.9580219,35.90492694,0
          </coordinates>
        </Point>
      </Placemark>
      <Placemark>
        <name>新十余二第一公園</name>
        <description><![CDATA[﻿市区町村コード: 122173<br>都道府県: 千葉県<br>市町村名: 柏市<br>投票区コード: 9<br>投票区名: 第９投票区<br>掲示場住所: 新十余二４番地<br>経度: 139.9502875<br>緯度: 35.90597611]]></description>
        <styleUrl>#icon-1899-0288D1</styleUrl>
        <ExtendedData>
          <Data name="﻿市区町村コード">
            <value>122173.0</value>
          </Data>
          <Data name="都道府県">
            <value>千葉県</value>
          </Data>
          <Data name="市町村名">
            <value>柏市</value>
          </Data>
          <Data name="投票区コード">
            <value>9.0</value>
          </Data>
          <Data name="投票区名">
            <value>第９投票区</value>
          </Data>
          <Data name="掲示場住所">
            <value>新十余二４番地</value>
          </Data>
          <Data name="経度">
            <value>139.9502875</value>
          </Data>
          <Data name="緯度">
            <value>35.90597611</value>
          </Data>
        </ExtendedData>
        <Point>
          <coordinates>
            139.9502875,35.90597611,0
          </coordinates>
        </Point>
      </Placemark>
      <Placemark>
        <name>新十余二第二公園</name>
        <description><![CDATA[﻿市区町村コード: 122173<br>都道府県: 千葉県<br>市町村名: 柏市<br>投票区コード: 9<br>投票区名: 第９投票区<br>掲示場住所: 新十余二１１－４<br>経度: 139.9437522<br>緯度: 35.91024083]]></description>
        <styleUrl>#icon-1899-0288D1</styleUrl>
        <ExtendedData>
          <Data name="﻿市区町村コード">
            <value>122173.0</value>
          </Data>
          <Data name="都道府県">
            <value>千葉県</value>
          </Data>
          <Data name="市町村名">
            <value>柏市</value>
          </Data>
          <Data name="投票区コード">
            <value>9.0</value>
          </Data>
          <Data name="投票区名">
            <value>第９投票区</value>
          </Data>
          <Data name="掲示場住所">
            <value>新十余二１１－４</value>
          </Data>
          <Data name="経度">
            <value>139.9437522</value>
          </Data>
          <Data name="緯度">
            <value>35.91024083</value>
          </Data>
        </ExtendedData>
        <Point>
          <coordinates>
            139.9437522,35.91024083,0
          </coordinates>
        </Point>
      </Placemark>
      <Placemark>
        <name>船戸会館</name>
        <description><![CDATA[﻿市区町村コード: 122173<br>都道府県: 千葉県<br>市町村名: 柏市<br>投票区コード: 10<br>投票区名: 第１０投票区<br>掲示場住所: 船戸１１２９番地の２<br>経度: 139.9511733<br>緯度: 35.92002639]]></description>
        <styleUrl>#icon-1899-0288D1</styleUrl>
        <ExtendedData>
          <Data name="﻿市区町村コード">
            <value>122173.0</value>
          </Data>
          <Data name="都道府県">
            <value>千葉県</value>
          </Data>
          <Data name="市町村名">
            <value>柏市</value>
          </Data>
          <Data name="投票区コード">
            <value>10.0</value>
          </Data>
          <Data name="投票区名">
            <value>第１０投票区</value>
          </Data>
          <Data name="掲示場住所">
            <value>船戸１１２９番地の２</value>
          </Data>
          <Data name="経度">
            <value>139.9511733</value>
          </Data>
          <Data name="緯度">
            <value>35.92002639</value>
          </Data>
        </ExtendedData>
        <Point>
          <coordinates>
            139.9511733,35.92002639,0
          </coordinates>
        </Point>
      </Placemark>
      <Placemark>
        <name>関根宅前の畑</name>
        <description><![CDATA[﻿市区町村コード: 122173<br>都道府県: 千葉県<br>市町村名: 柏市<br>投票区コード: 10<br>投票区名: 第１０投票区<br>掲示場住所: 船戸２０７６番地の１<br>経度: 139.9453014<br>緯度: 35.916685]]></description>
        <styleUrl>#icon-1899-0288D1</styleUrl>
        <ExtendedData>
          <Data name="﻿市区町村コード">
            <value>122173.0</value>
          </Data>
          <Data name="都道府県">
            <value>千葉県</value>
          </Data>
          <Data name="市町村名">
            <value>柏市</value>
          </Data>
          <Data name="投票区コード">
            <value>10.0</value>
          </Data>
          <Data name="投票区名">
            <value>第１０投票区</value>
          </Data>
          <Data name="掲示場住所">
            <value>船戸２０７６番地の１</value>
          </Data>
          <Data name="経度">
            <value>139.9453014</value>
          </Data>
          <Data name="緯度">
            <value>35.916685</value>
          </Data>
        </ExtendedData>
        <Point>
          <coordinates>
            139.9453014,35.916685,0
          </coordinates>
        </Point>
      </Placemark>
      <Placemark>
        <name>北部緑地北側</name>
        <description><![CDATA[﻿市区町村コード: 122173<br>都道府県: 千葉県<br>市町村名: 柏市<br>投票区コード: 10<br>投票区名: 第１０投票区<br>掲示場住所: 船戸１８０５番地<br>経度: 139.9473919<br>緯度: 35.91628861]]></description>
        <styleUrl>#icon-1899-0288D1</styleUrl>
        <ExtendedData>
          <Data name="﻿市区町村コード">
            <value>122173.0</value>
          </Data>
          <Data name="都道府県">
            <value>千葉県</value>
          </Data>
          <Data name="市町村名">
            <value>柏市</value>
          </Data>
          <Data name="投票区コード">
            <value>10.0</value>
          </Data>
          <Data name="投票区名">
            <value>第１０投票区</value>
          </Data>
          <Data name="掲示場住所">
            <value>船戸１８０５番地</value>
          </Data>
          <Data name="経度">
            <value>139.9473919</value>
          </Data>
          <Data name="緯度">
            <value>35.91628861</value>
          </Data>
        </ExtendedData>
        <Point>
          <coordinates>
            139.9473919,35.91628861,0
          </coordinates>
        </Point>
      </Placemark>
      <Placemark>
        <name>船戸山高野公園</name>
        <description><![CDATA[﻿市区町村コード: 122173<br>都道府県: 千葉県<br>市町村名: 柏市<br>投票区コード: 10<br>投票区名: 第１０投票区<br>掲示場住所: 船戸山高野６４番地の３<br>経度: 139.9439142<br>緯度: 35.92378]]></description>
        <styleUrl>#icon-1899-0288D1</styleUrl>
        <ExtendedData>
          <Data name="﻿市区町村コード">
            <value>122173.0</value>
          </Data>
          <Data name="都道府県">
            <value>千葉県</value>
          </Data>
          <Data name="市町村名">
            <value>柏市</value>
          </Data>
          <Data name="投票区コード">
            <value>10.0</value>
          </Data>
          <Data name="投票区名">
            <value>第１０投票区</value>
          </Data>
          <Data name="掲示場住所">
            <value>船戸山高野６４番地の３</value>
          </Data>
          <Data name="経度">
            <value>139.9439142</value>
          </Data>
          <Data name="緯度">
            <value>35.92378</value>
          </Data>
        </ExtendedData>
        <Point>
          <coordinates>
            139.9439142,35.92378,0
          </coordinates>
        </Point>
      </Placemark>
      <Placemark>
        <name>柏市北部近隣センター前</name>
        <description><![CDATA[﻿市区町村コード: 122173<br>都道府県: 千葉県<br>市町村名: 柏市<br>投票区コード: 10<br>投票区名: 第１０投票区<br>掲示場住所: 大青田１５４１番地の２<br>経度: 139.9421911<br>緯度: 35.91348806]]></description>
        <styleUrl>#icon-1899-0288D1</styleUrl>
        <ExtendedData>
          <Data name="﻿市区町村コード">
            <value>122173.0</value>
          </Data>
          <Data name="都道府県">
            <value>千葉県</value>
          </Data>
          <Data name="市町村名">
            <value>柏市</value>
          </Data>
          <Data name="投票区コード">
            <value>10.0</value>
          </Data>
          <Data name="投票区名">
            <value>第１０投票区</value>
          </Data>
          <Data name="掲示場住所">
            <value>大青田１５４１番地の２</value>
          </Data>
          <Data name="経度">
            <value>139.9421911</value>
          </Data>
          <Data name="緯度">
            <value>35.91348806</value>
          </Data>
        </ExtendedData>
        <Point>
          <coordinates>
            139.9421911,35.91348806,0
          </coordinates>
        </Point>
      </Placemark>
      <Placemark>
        <name>砂川宅横の畑</name>
        <description><![CDATA[﻿市区町村コード: 122173<br>都道府県: 千葉県<br>市町村名: 柏市<br>投票区コード: 10<br>投票区名: 第１０投票区<br>掲示場住所: 大青田１５２８番地<br>経度: 139.9366239<br>緯度: 35.91231639]]></description>
        <styleUrl>#icon-1899-0288D1</styleUrl>
        <ExtendedData>
          <Data name="﻿市区町村コード">
            <value>122173.0</value>
          </Data>
          <Data name="都道府県">
            <value>千葉県</value>
          </Data>
          <Data name="市町村名">
            <value>柏市</value>
          </Data>
          <Data name="投票区コード">
            <value>10.0</value>
          </Data>
          <Data name="投票区名">
            <value>第１０投票区</value>
          </Data>
          <Data name="掲示場住所">
            <value>大青田１５２８番地</value>
          </Data>
          <Data name="経度">
            <value>139.9366239</value>
          </Data>
          <Data name="緯度">
            <value>35.91231639</value>
          </Data>
        </ExtendedData>
        <Point>
          <coordinates>
            139.9366239,35.91231639,0
          </coordinates>
        </Point>
      </Placemark>
      <Placemark>
        <name>北部緑地南側</name>
        <description><![CDATA[﻿市区町村コード: 122173<br>都道府県: 千葉県<br>市町村名: 柏市<br>投票区コード: 10<br>投票区名: 第１０投票区<br>掲示場住所: 船戸１８０５番地<br>経度: 139.9477267<br>緯度: 35.91565361]]></description>
        <styleUrl>#icon-1899-0288D1</styleUrl>
        <ExtendedData>
          <Data name="﻿市区町村コード">
            <value>122173.0</value>
          </Data>
          <Data name="都道府県">
            <value>千葉県</value>
          </Data>
          <Data name="市町村名">
            <value>柏市</value>
          </Data>
          <Data name="投票区コード">
            <value>10.0</value>
          </Data>
          <Data name="投票区名">
            <value>第１０投票区</value>
          </Data>
          <Data name="掲示場住所">
            <value>船戸１８０５番地</value>
          </Data>
          <Data name="経度">
            <value>139.9477267</value>
          </Data>
          <Data name="緯度">
            <value>35.91565361</value>
          </Data>
        </ExtendedData>
        <Point>
          <coordinates>
            139.9477267,35.91565361,0
          </coordinates>
        </Point>
      </Placemark>
      <Placemark>
        <name>タカラショールーム前</name>
        <description><![CDATA[﻿市区町村コード: 122173<br>都道府県: 千葉県<br>市町村名: 柏市<br>投票区コード: 11<br>投票区名: 第１１投票区<br>掲示場住所: 十余二３６３－１３<br>経度: 139.9545253<br>緯度: 35.88882639]]></description>
        <styleUrl>#icon-1899-0288D1</styleUrl>
        <ExtendedData>
          <Data name="﻿市区町村コード">
            <value>122173.0</value>
          </Data>
          <Data name="都道府県">
            <value>千葉県</value>
          </Data>
          <Data name="市町村名">
            <value>柏市</value>
          </Data>
          <Data name="投票区コード">
            <value>11.0</value>
          </Data>
          <Data name="投票区名">
            <value>第１１投票区</value>
          </Data>
          <Data name="掲示場住所">
            <value>十余二３６３－１３</value>
          </Data>
          <Data name="経度">
            <value>139.9545253</value>
          </Data>
          <Data name="緯度">
            <value>35.88882639</value>
          </Data>
        </ExtendedData>
        <Point>
          <coordinates>
            139.9545253,35.88882639,0
          </coordinates>
        </Point>
      </Placemark>
      <Placemark>
        <name>柏市立柏の葉小学校前</name>
        <description><![CDATA[﻿市区町村コード: 122173<br>都道府県: 千葉県<br>市町村名: 柏市<br>投票区コード: 11<br>投票区名: 第１１投票区<br>掲示場住所: 十余二３４８番地５１中央404街区1<br>経度: 139.9533922<br>緯度: 35.88642778]]></description>
        <styleUrl>#icon-1899-0288D1</styleUrl>
        <ExtendedData>
          <Data name="﻿市区町村コード">
            <value>122173.0</value>
          </Data>
          <Data name="都道府県">
            <value>千葉県</value>
          </Data>
          <Data name="市町村名">
            <value>柏市</value>
          </Data>
          <Data name="投票区コード">
            <value>11.0</value>
          </Data>
          <Data name="投票区名">
            <value>第１１投票区</value>
          </Data>
          <Data name="掲示場住所">
            <value>十余二３４８番地５１中央404街区1</value>
          </Data>
          <Data name="経度">
            <value>139.9533922</value>
          </Data>
          <Data name="緯度">
            <value>35.88642778</value>
          </Data>
        </ExtendedData>
        <Point>
          <coordinates>
            139.9533922,35.88642778,0
          </coordinates>
        </Point>
      </Placemark>
      <Placemark>
        <name>柏市立柏の葉小学校こどもルーム横</name>
        <description><![CDATA[﻿市区町村コード: 122173<br>都道府県: 千葉県<br>市町村名: 柏市<br>投票区コード: 11<br>投票区名: 第１１投票区<br>掲示場住所: 十余二３４８番地５１中央404街区1<br>経度: 139.9529575<br>緯度: 35.88513417]]></description>
        <styleUrl>#icon-1899-0288D1</styleUrl>
        <ExtendedData>
          <Data name="﻿市区町村コード">
            <value>122173.0</value>
          </Data>
          <Data name="都道府県">
            <value>千葉県</value>
          </Data>
          <Data name="市町村名">
            <value>柏市</value>
          </Data>
          <Data name="投票区コード">
            <value>11.0</value>
          </Data>
          <Data name="投票区名">
            <value>第１１投票区</value>
          </Data>
          <Data name="掲示場住所">
            <value>十余二３４８番地５１中央404街区1</value>
          </Data>
          <Data name="経度">
            <value>139.9529575</value>
          </Data>
          <Data name="緯度">
            <value>35.88513417</value>
          </Data>
        </ExtendedData>
        <Point>
          <coordinates>
            139.9529575,35.88513417,0
          </coordinates>
        </Point>
      </Placemark>
      <Placemark>
        <name>柏の葉キャンパス駅東口駅前</name>
        <description><![CDATA[﻿市区町村コード: 122173<br>都道府県: 千葉県<br>市町村名: 柏市<br>投票区コード: 11<br>投票区名: 第１１投票区<br>掲示場住所: 若柴１７１番地<br>経度: 139.9529514<br>緯度: 35.89392167]]></description>
        <styleUrl>#icon-1899-0288D1</styleUrl>
        <ExtendedData>
          <Data name="﻿市区町村コード">
            <value>122173.0</value>
          </Data>
          <Data name="都道府県">
            <value>千葉県</value>
          </Data>
          <Data name="市町村名">
            <value>柏市</value>
          </Data>
          <Data name="投票区コード">
            <value>11.0</value>
          </Data>
          <Data name="投票区名">
            <value>第１１投票区</value>
          </Data>
          <Data name="掲示場住所">
            <value>若柴１７１番地</value>
          </Data>
          <Data name="経度">
            <value>139.9529514</value>
          </Data>
          <Data name="緯度">
            <value>35.89392167</value>
          </Data>
        </ExtendedData>
        <Point>
          <coordinates>
            139.9529514,35.89392167,0
          </coordinates>
        </Point>
      </Placemark>
      <Placemark>
        <name>『十余二』バス停横</name>
        <description><![CDATA[﻿市区町村コード: 122173<br>都道府県: 千葉県<br>市町村名: 柏市<br>投票区コード: 11<br>投票区名: 第１１投票区<br>掲示場住所: 十余二４０９－１１１<br>経度: 139.9452925<br>緯度: 35.88852278]]></description>
        <styleUrl>#icon-1899-0288D1</styleUrl>
        <ExtendedData>
          <Data name="﻿市区町村コード">
            <value>122173.0</value>
          </Data>
          <Data name="都道府県">
            <value>千葉県</value>
          </Data>
          <Data name="市町村名">
            <value>柏市</value>
          </Data>
          <Data name="投票区コード">
            <value>11.0</value>
          </Data>
          <Data name="投票区名">
            <value>第１１投票区</value>
          </Data>
          <Data name="掲示場住所">
            <value>十余二４０９－１１１</value>
          </Data>
          <Data name="経度">
            <value>139.9452925</value>
          </Data>
          <Data name="緯度">
            <value>35.88852278</value>
          </Data>
        </ExtendedData>
        <Point>
          <coordinates>
            139.9452925,35.88852278,0
          </coordinates>
        </Point>
      </Placemark>
      <Placemark>
        <name>しばとも公園</name>
        <description><![CDATA[﻿市区町村コード: 122173<br>都道府県: 千葉県<br>市町村名: 柏市<br>投票区コード: 11<br>投票区名: 第１１投票区<br>掲示場住所: 若柴２８２<br>経度: 139.9533794<br>緯度: 35.89029778]]></description>
        <styleUrl>#icon-1899-0288D1</styleUrl>
        <ExtendedData>
          <Data name="﻿市区町村コード">
            <value>122173.0</value>
          </Data>
          <Data name="都道府県">
            <value>千葉県</value>
          </Data>
          <Data name="市町村名">
            <value>柏市</value>
          </Data>
          <Data name="投票区コード">
            <value>11.0</value>
          </Data>
          <Data name="投票区名">
            <value>第１１投票区</value>
          </Data>
          <Data name="掲示場住所">
            <value>若柴２８２</value>
          </Data>
          <Data name="経度">
            <value>139.9533794</value>
          </Data>
          <Data name="緯度">
            <value>35.89029778</value>
          </Data>
        </ExtendedData>
        <Point>
          <coordinates>
            139.9533794,35.89029778,0
          </coordinates>
        </Point>
      </Placemark>
      <Placemark>
        <name>「キャンパス駅入口」バス停横</name>
        <description><![CDATA[﻿市区町村コード: 122173<br>都道府県: 千葉県<br>市町村名: 柏市<br>投票区コード: 11<br>投票区名: 第１１投票区<br>掲示場住所: 十余二３８７－５<br>経度: 139.9500178<br>緯度: 35.89489694]]></description>
        <styleUrl>#icon-1899-0288D1</styleUrl>
        <ExtendedData>
          <Data name="﻿市区町村コード">
            <value>122173.0</value>
          </Data>
          <Data name="都道府県">
            <value>千葉県</value>
          </Data>
          <Data name="市町村名">
            <value>柏市</value>
          </Data>
          <Data name="投票区コード">
            <value>11.0</value>
          </Data>
          <Data name="投票区名">
            <value>第１１投票区</value>
          </Data>
          <Data name="掲示場住所">
            <value>十余二３８７－５</value>
          </Data>
          <Data name="経度">
            <value>139.9500178</value>
          </Data>
          <Data name="緯度">
            <value>35.89489694</value>
          </Data>
        </ExtendedData>
        <Point>
          <coordinates>
            139.9500178,35.89489694,0
          </coordinates>
        </Point>
      </Placemark>
      <Placemark>
        <name>梅林第三公園</name>
        <description><![CDATA[﻿市区町村コード: 122173<br>都道府県: 千葉県<br>市町村名: 柏市<br>投票区コード: 11<br>投票区名: 第１１投票区<br>掲示場住所: 十余二２１６ー８０<br>経度: 139.9405906<br>緯度: 35.88002917]]></description>
        <styleUrl>#icon-1899-0288D1</styleUrl>
        <ExtendedData>
          <Data name="﻿市区町村コード">
            <value>122173.0</value>
          </Data>
          <Data name="都道府県">
            <value>千葉県</value>
          </Data>
          <Data name="市町村名">
            <value>柏市</value>
          </Data>
          <Data name="投票区コード">
            <value>11.0</value>
          </Data>
          <Data name="投票区名">
            <value>第１１投票区</value>
          </Data>
          <Data name="掲示場住所">
            <value>十余二２１６ー８０</value>
          </Data>
          <Data name="経度">
            <value>139.9405906</value>
          </Data>
          <Data name="緯度">
            <value>35.88002917</value>
          </Data>
        </ExtendedData>
        <Point>
          <coordinates>
            139.9405906,35.88002917,0
          </coordinates>
        </Point>
      </Placemark>
      <Placemark>
        <name>㈱二葉科学前</name>
        <description><![CDATA[﻿市区町村コード: 122173<br>都道府県: 千葉県<br>市町村名: 柏市<br>投票区コード: 11<br>投票区名: 第１１投票区<br>掲示場住所: 十余二下大塚６１９－１４<br>経度: 139.9451331<br>緯度: 35.88623528]]></description>
        <styleUrl>#icon-1899-0288D1</styleUrl>
        <ExtendedData>
          <Data name="﻿市区町村コード">
            <value>122173.0</value>
          </Data>
          <Data name="都道府県">
            <value>千葉県</value>
          </Data>
          <Data name="市町村名">
            <value>柏市</value>
          </Data>
          <Data name="投票区コード">
            <value>11.0</value>
          </Data>
          <Data name="投票区名">
            <value>第１１投票区</value>
          </Data>
          <Data name="掲示場住所">
            <value>十余二下大塚６１９－１４</value>
          </Data>
          <Data name="経度">
            <value>139.9451331</value>
          </Data>
          <Data name="緯度">
            <value>35.88623528</value>
          </Data>
        </ExtendedData>
        <Point>
          <coordinates>
            139.9451331,35.88623528,0
          </coordinates>
        </Point>
      </Placemark>
      <Placemark>
        <name>柏の葉こかげ公園</name>
        <description><![CDATA[﻿市区町村コード: 122173<br>都道府県: 千葉県<br>市町村名: 柏市<br>投票区コード: 11<br>投票区名: 第１１投票区<br>掲示場住所: 十余二３３７－２２０<br>経度: 139.955335<br>緯度: 35.88668722]]></description>
        <styleUrl>#icon-1899-0288D1</styleUrl>
        <ExtendedData>
          <Data name="﻿市区町村コード">
            <value>122173.0</value>
          </Data>
          <Data name="都道府県">
            <value>千葉県</value>
          </Data>
          <Data name="市町村名">
            <value>柏市</value>
          </Data>
          <Data name="投票区コード">
            <value>11.0</value>
          </Data>
          <Data name="投票区名">
            <value>第１１投票区</value>
          </Data>
          <Data name="掲示場住所">
            <value>十余二３３７－２２０</value>
          </Data>
          <Data name="経度">
            <value>139.955335</value>
          </Data>
          <Data name="緯度">
            <value>35.88668722</value>
          </Data>
        </ExtendedData>
        <Point>
          <coordinates>
            139.955335,35.88668722,0
          </coordinates>
        </Point>
      </Placemark>
      <Placemark>
        <name>増尾東映緑地</name>
        <description><![CDATA[﻿市区町村コード: 122173<br>都道府県: 千葉県<br>市町村名: 柏市<br>投票区コード: 12<br>投票区名: 第１２投票区<br>掲示場住所: 増尾八丁目２番<br>経度: 139.9843258<br>緯度: 35.82821667]]></description>
        <styleUrl>#icon-1899-0288D1</styleUrl>
        <ExtendedData>
          <Data name="﻿市区町村コード">
            <value>122173.0</value>
          </Data>
          <Data name="都道府県">
            <value>千葉県</value>
          </Data>
          <Data name="市町村名">
            <value>柏市</value>
          </Data>
          <Data name="投票区コード">
            <value>12.0</value>
          </Data>
          <Data name="投票区名">
            <value>第１２投票区</value>
          </Data>
          <Data name="掲示場住所">
            <value>増尾八丁目２番</value>
          </Data>
          <Data name="経度">
            <value>139.9843258</value>
          </Data>
          <Data name="緯度">
            <value>35.82821667</value>
          </Data>
        </ExtendedData>
        <Point>
          <coordinates>
            139.9843258,35.82821667,0
          </coordinates>
        </Point>
      </Placemark>
      <Placemark>
        <name>鷲ノ山第二公園</name>
        <description><![CDATA[﻿市区町村コード: 122173<br>都道府県: 千葉県<br>市町村名: 柏市<br>投票区コード: 12<br>投票区名: 第１２投票区<br>掲示場住所: 増尾五丁目１１番<br>経度: 139.9863253<br>緯度: 35.83108167]]></description>
        <styleUrl>#icon-1899-0288D1</styleUrl>
        <ExtendedData>
          <Data name="﻿市区町村コード">
            <value>122173.0</value>
          </Data>
          <Data name="都道府県">
            <value>千葉県</value>
          </Data>
          <Data name="市町村名">
            <value>柏市</value>
          </Data>
          <Data name="投票区コード">
            <value>12.0</value>
          </Data>
          <Data name="投票区名">
            <value>第１２投票区</value>
          </Data>
          <Data name="掲示場住所">
            <value>増尾五丁目１１番</value>
          </Data>
          <Data name="経度">
            <value>139.9863253</value>
          </Data>
          <Data name="緯度">
            <value>35.83108167</value>
          </Data>
        </ExtendedData>
        <Point>
          <coordinates>
            139.9863253,35.83108167,0
          </coordinates>
        </Point>
      </Placemark>
      <Placemark>
        <name>幸谷第一公園</name>
        <description><![CDATA[﻿市区町村コード: 122173<br>都道府県: 千葉県<br>市町村名: 柏市<br>投票区コード: 12<br>投票区名: 第１２投票区<br>掲示場住所: 増尾四丁目１２番<br>経度: 139.9833644<br>緯度: 35.83552778]]></description>
        <styleUrl>#icon-1899-0288D1</styleUrl>
        <ExtendedData>
          <Data name="﻿市区町村コード">
            <value>122173.0</value>
          </Data>
          <Data name="都道府県">
            <value>千葉県</value>
          </Data>
          <Data name="市町村名">
            <value>柏市</value>
          </Data>
          <Data name="投票区コード">
            <value>12.0</value>
          </Data>
          <Data name="投票区名">
            <value>第１２投票区</value>
          </Data>
          <Data name="掲示場住所">
            <value>増尾四丁目１２番</value>
          </Data>
          <Data name="経度">
            <value>139.9833644</value>
          </Data>
          <Data name="緯度">
            <value>35.83552778</value>
          </Data>
        </ExtendedData>
        <Point>
          <coordinates>
            139.9833644,35.83552778,0
          </coordinates>
        </Point>
      </Placemark>
      <Placemark>
        <name>柏市立増尾保育園</name>
        <description><![CDATA[﻿市区町村コード: 122173<br>都道府県: 千葉県<br>市町村名: 柏市<br>投票区コード: 12<br>投票区名: 第１２投票区<br>掲示場住所: 増尾六丁目６番１号<br>経度: 139.9812592<br>緯度: 35.82873306]]></description>
        <styleUrl>#icon-1899-0288D1</styleUrl>
        <ExtendedData>
          <Data name="﻿市区町村コード">
            <value>122173.0</value>
          </Data>
          <Data name="都道府県">
            <value>千葉県</value>
          </Data>
          <Data name="市町村名">
            <value>柏市</value>
          </Data>
          <Data name="投票区コード">
            <value>12.0</value>
          </Data>
          <Data name="投票区名">
            <value>第１２投票区</value>
          </Data>
          <Data name="掲示場住所">
            <value>増尾六丁目６番１号</value>
          </Data>
          <Data name="経度">
            <value>139.9812592</value>
          </Data>
          <Data name="緯度">
            <value>35.82873306</value>
          </Data>
        </ExtendedData>
        <Point>
          <coordinates>
            139.9812592,35.82873306,0
          </coordinates>
        </Point>
      </Placemark>
      <Placemark>
        <name>柏市立土小学校信号機横</name>
        <description><![CDATA[﻿市区町村コード: 122173<br>都道府県: 千葉県<br>市町村名: 柏市<br>投票区コード: 12<br>投票区名: 第１２投票区<br>掲示場住所: 増尾四丁目４番１号<br>経度: 139.9811389<br>緯度: 35.83402028]]></description>
        <styleUrl>#icon-1899-0288D1</styleUrl>
        <ExtendedData>
          <Data name="﻿市区町村コード">
            <value>122173.0</value>
          </Data>
          <Data name="都道府県">
            <value>千葉県</value>
          </Data>
          <Data name="市町村名">
            <value>柏市</value>
          </Data>
          <Data name="投票区コード">
            <value>12.0</value>
          </Data>
          <Data name="投票区名">
            <value>第１２投票区</value>
          </Data>
          <Data name="掲示場住所">
            <value>増尾四丁目４番１号</value>
          </Data>
          <Data name="経度">
            <value>139.9811389</value>
          </Data>
          <Data name="緯度">
            <value>35.83402028</value>
          </Data>
        </ExtendedData>
        <Point>
          <coordinates>
            139.9811389,35.83402028,0
          </coordinates>
        </Point>
      </Placemark>
      <Placemark>
        <name>南ケ丘第二公園</name>
        <description><![CDATA[﻿市区町村コード: 122173<br>都道府県: 千葉県<br>市町村名: 柏市<br>投票区コード: 12<br>投票区名: 第１２投票区<br>掲示場住所: 増尾七丁目５番<br>経度: 139.9827953<br>緯度: 35.82670333]]></description>
        <styleUrl>#icon-1899-0288D1</styleUrl>
        <ExtendedData>
          <Data name="﻿市区町村コード">
            <value>122173.0</value>
          </Data>
          <Data name="都道府県">
            <value>千葉県</value>
          </Data>
          <Data name="市町村名">
            <value>柏市</value>
          </Data>
          <Data name="投票区コード">
            <value>12.0</value>
          </Data>
          <Data name="投票区名">
            <value>第１２投票区</value>
          </Data>
          <Data name="掲示場住所">
            <value>増尾七丁目５番</value>
          </Data>
          <Data name="経度">
            <value>139.9827953</value>
          </Data>
          <Data name="緯度">
            <value>35.82670333</value>
          </Data>
        </ExtendedData>
        <Point>
          <coordinates>
            139.9827953,35.82670333,0
          </coordinates>
        </Point>
      </Placemark>
      <Placemark>
        <name>吉場宅横</name>
        <description><![CDATA[﻿市区町村コード: 122173<br>都道府県: 千葉県<br>市町村名: 柏市<br>投票区コード: 12<br>投票区名: 第１２投票区<br>掲示場住所: 増尾１００１番地の１<br>経度: 139.9885656<br>緯度: 35.83271583]]></description>
        <styleUrl>#icon-1899-0288D1</styleUrl>
        <ExtendedData>
          <Data name="﻿市区町村コード">
            <value>122173.0</value>
          </Data>
          <Data name="都道府県">
            <value>千葉県</value>
          </Data>
          <Data name="市町村名">
            <value>柏市</value>
          </Data>
          <Data name="投票区コード">
            <value>12.0</value>
          </Data>
          <Data name="投票区名">
            <value>第１２投票区</value>
          </Data>
          <Data name="掲示場住所">
            <value>増尾１００１番地の１</value>
          </Data>
          <Data name="経度">
            <value>139.9885656</value>
          </Data>
          <Data name="緯度">
            <value>35.83271583</value>
          </Data>
        </ExtendedData>
        <Point>
          <coordinates>
            139.9885656,35.83271583,0
          </coordinates>
        </Point>
      </Placemark>
      <Placemark>
        <name>南ケ丘第一公園</name>
        <description><![CDATA[﻿市区町村コード: 122173<br>都道府県: 千葉県<br>市町村名: 柏市<br>投票区コード: 12<br>投票区名: 第１２投票区<br>掲示場住所: 増尾七丁目４番<br>経度: 139.9810747<br>緯度: 35.82643111]]></description>
        <styleUrl>#icon-1899-0288D1</styleUrl>
        <ExtendedData>
          <Data name="﻿市区町村コード">
            <value>122173.0</value>
          </Data>
          <Data name="都道府県">
            <value>千葉県</value>
          </Data>
          <Data name="市町村名">
            <value>柏市</value>
          </Data>
          <Data name="投票区コード">
            <value>12.0</value>
          </Data>
          <Data name="投票区名">
            <value>第１２投票区</value>
          </Data>
          <Data name="掲示場住所">
            <value>増尾七丁目４番</value>
          </Data>
          <Data name="経度">
            <value>139.9810747</value>
          </Data>
          <Data name="緯度">
            <value>35.82643111</value>
          </Data>
        </ExtendedData>
        <Point>
          <coordinates>
            139.9810747,35.82643111,0
          </coordinates>
        </Point>
      </Placemark>
      <Placemark>
        <name>柏市光ケ丘近隣センター前</name>
        <description><![CDATA[﻿市区町村コード: 122173<br>都道府県: 千葉県<br>市町村名: 柏市<br>投票区コード: 13<br>投票区名: 第１３投票区<br>掲示場住所: 光ケ丘団地２００番５<br>経度: 139.9569472<br>緯度: 35.83090111]]></description>
        <styleUrl>#icon-1899-0288D1</styleUrl>
        <ExtendedData>
          <Data name="﻿市区町村コード">
            <value>122173.0</value>
          </Data>
          <Data name="都道府県">
            <value>千葉県</value>
          </Data>
          <Data name="市町村名">
            <value>柏市</value>
          </Data>
          <Data name="投票区コード">
            <value>13.0</value>
          </Data>
          <Data name="投票区名">
            <value>第１３投票区</value>
          </Data>
          <Data name="掲示場住所">
            <value>光ケ丘団地２００番５</value>
          </Data>
          <Data name="経度">
            <value>139.9569472</value>
          </Data>
          <Data name="緯度">
            <value>35.83090111</value>
          </Data>
        </ExtendedData>
        <Point>
          <coordinates>
            139.9569472,35.83090111,0
          </coordinates>
        </Point>
      </Placemark>
      <Placemark>
        <name>グリーンタウン光ケ丘集会所前</name>
        <description><![CDATA[﻿市区町村コード: 122173<br>都道府県: 千葉県<br>市町村名: 柏市<br>投票区コード: 13<br>投票区名: 第１３投票区<br>掲示場住所: 光ケ丘団地３番６号<br>経度: 139.9575172<br>緯度: 35.82863167]]></description>
        <styleUrl>#icon-1899-0288D1</styleUrl>
        <ExtendedData>
          <Data name="﻿市区町村コード">
            <value>122173.0</value>
          </Data>
          <Data name="都道府県">
            <value>千葉県</value>
          </Data>
          <Data name="市町村名">
            <value>柏市</value>
          </Data>
          <Data name="投票区コード">
            <value>13.0</value>
          </Data>
          <Data name="投票区名">
            <value>第１３投票区</value>
          </Data>
          <Data name="掲示場住所">
            <value>光ケ丘団地３番６号</value>
          </Data>
          <Data name="経度">
            <value>139.9575172</value>
          </Data>
          <Data name="緯度">
            <value>35.82863167</value>
          </Data>
        </ExtendedData>
        <Point>
          <coordinates>
            139.9575172,35.82863167,0
          </coordinates>
        </Point>
      </Placemark>
      <Placemark>
        <name>光ケ丘中央公園</name>
        <description><![CDATA[﻿市区町村コード: 122173<br>都道府県: 千葉県<br>市町村名: 柏市<br>投票区コード: 13<br>投票区名: 第１３投票区<br>掲示場住所: 光ケ丘団地５番<br>経度: 139.9590094<br>緯度: 35.82916583]]></description>
        <styleUrl>#icon-1899-0288D1</styleUrl>
        <ExtendedData>
          <Data name="﻿市区町村コード">
            <value>122173.0</value>
          </Data>
          <Data name="都道府県">
            <value>千葉県</value>
          </Data>
          <Data name="市町村名">
            <value>柏市</value>
          </Data>
          <Data name="投票区コード">
            <value>13.0</value>
          </Data>
          <Data name="投票区名">
            <value>第１３投票区</value>
          </Data>
          <Data name="掲示場住所">
            <value>光ケ丘団地５番</value>
          </Data>
          <Data name="経度">
            <value>139.9590094</value>
          </Data>
          <Data name="緯度">
            <value>35.82916583</value>
          </Data>
        </ExtendedData>
        <Point>
          <coordinates>
            139.9590094,35.82916583,0
          </coordinates>
        </Point>
      </Placemark>
      <Placemark>
        <name>マツモトキヨシ光ケ丘店前</name>
        <description><![CDATA[﻿市区町村コード: 122173<br>都道府県: 千葉県<br>市町村名: 柏市<br>投票区コード: 13<br>投票区名: 第１３投票区<br>掲示場住所: 光ケ丘団地４番<br>経度: 139.9576728<br>緯度: 35.82760917]]></description>
        <styleUrl>#icon-1899-0288D1</styleUrl>
        <ExtendedData>
          <Data name="﻿市区町村コード">
            <value>122173.0</value>
          </Data>
          <Data name="都道府県">
            <value>千葉県</value>
          </Data>
          <Data name="市町村名">
            <value>柏市</value>
          </Data>
          <Data name="投票区コード">
            <value>13.0</value>
          </Data>
          <Data name="投票区名">
            <value>第１３投票区</value>
          </Data>
          <Data name="掲示場住所">
            <value>光ケ丘団地４番</value>
          </Data>
          <Data name="経度">
            <value>139.9576728</value>
          </Data>
          <Data name="緯度">
            <value>35.82760917</value>
          </Data>
        </ExtendedData>
        <Point>
          <coordinates>
            139.9576728,35.82760917,0
          </coordinates>
        </Point>
      </Placemark>
      <Placemark>
        <name>光ケ丘団地１５号棟東側公園</name>
        <description><![CDATA[﻿市区町村コード: 122173<br>都道府県: 千葉県<br>市町村名: 柏市<br>投票区コード: 13<br>投票区名: 第１３投票区<br>掲示場住所: 光ケ丘団地５番<br>経度: 139.9584853<br>緯度: 35.82682972]]></description>
        <styleUrl>#icon-1899-0288D1</styleUrl>
        <ExtendedData>
          <Data name="﻿市区町村コード">
            <value>122173.0</value>
          </Data>
          <Data name="都道府県">
            <value>千葉県</value>
          </Data>
          <Data name="市町村名">
            <value>柏市</value>
          </Data>
          <Data name="投票区コード">
            <value>13.0</value>
          </Data>
          <Data name="投票区名">
            <value>第１３投票区</value>
          </Data>
          <Data name="掲示場住所">
            <value>光ケ丘団地５番</value>
          </Data>
          <Data name="経度">
            <value>139.9584853</value>
          </Data>
          <Data name="緯度">
            <value>35.82682972</value>
          </Data>
        </ExtendedData>
        <Point>
          <coordinates>
            139.9584853,35.82682972,0
          </coordinates>
        </Point>
      </Placemark>
      <Placemark>
        <name>光ケ丘団地１２号棟前</name>
        <description><![CDATA[﻿市区町村コード: 122173<br>都道府県: 千葉県<br>市町村名: 柏市<br>投票区コード: 13<br>投票区名: 第１３投票区<br>掲示場住所: 光ケ丘団地５番<br>経度: 139.9584853<br>緯度: 35.82758944]]></description>
        <styleUrl>#icon-1899-0288D1</styleUrl>
        <ExtendedData>
          <Data name="﻿市区町村コード">
            <value>122173.0</value>
          </Data>
          <Data name="都道府県">
            <value>千葉県</value>
          </Data>
          <Data name="市町村名">
            <value>柏市</value>
          </Data>
          <Data name="投票区コード">
            <value>13.0</value>
          </Data>
          <Data name="投票区名">
            <value>第１３投票区</value>
          </Data>
          <Data name="掲示場住所">
            <value>光ケ丘団地５番</value>
          </Data>
          <Data name="経度">
            <value>139.9584853</value>
          </Data>
          <Data name="緯度">
            <value>35.82758944</value>
          </Data>
        </ExtendedData>
        <Point>
          <coordinates>
            139.9584853,35.82758944,0
          </coordinates>
        </Point>
      </Placemark>
      <Placemark>
        <name>光ケ丘団地４・５号棟前</name>
        <description><![CDATA[﻿市区町村コード: 122173<br>都道府県: 千葉県<br>市町村名: 柏市<br>投票区コード: 13<br>投票区名: 第１３投票区<br>掲示場住所: 光ケ丘団地３番<br>経度: 139.9569431<br>緯度: 35.82914917]]></description>
        <styleUrl>#icon-1899-0288D1</styleUrl>
        <ExtendedData>
          <Data name="﻿市区町村コード">
            <value>122173.0</value>
          </Data>
          <Data name="都道府県">
            <value>千葉県</value>
          </Data>
          <Data name="市町村名">
            <value>柏市</value>
          </Data>
          <Data name="投票区コード">
            <value>13.0</value>
          </Data>
          <Data name="投票区名">
            <value>第１３投票区</value>
          </Data>
          <Data name="掲示場住所">
            <value>光ケ丘団地３番</value>
          </Data>
          <Data name="経度">
            <value>139.9569431</value>
          </Data>
          <Data name="緯度">
            <value>35.82914917</value>
          </Data>
        </ExtendedData>
        <Point>
          <coordinates>
            139.9569431,35.82914917,0
          </coordinates>
        </Point>
      </Placemark>
      <Placemark>
        <name>利根土地改良区事務所前</name>
        <description><![CDATA[﻿市区町村コード: 122173<br>都道府県: 千葉県<br>市町村名: 柏市<br>投票区コード: 14<br>投票区名: 第１４投票区<br>掲示場住所: 根戸４７１番地<br>経度: 139.9899092<br>緯度: 35.88445306]]></description>
        <styleUrl>#icon-1899-0288D1</styleUrl>
        <ExtendedData>
          <Data name="﻿市区町村コード">
            <value>122173.0</value>
          </Data>
          <Data name="都道府県">
            <value>千葉県</value>
          </Data>
          <Data name="市町村名">
            <value>柏市</value>
          </Data>
          <Data name="投票区コード">
            <value>14.0</value>
          </Data>
          <Data name="投票区名">
            <value>第１４投票区</value>
          </Data>
          <Data name="掲示場住所">
            <value>根戸４７１番地</value>
          </Data>
          <Data name="経度">
            <value>139.9899092</value>
          </Data>
          <Data name="緯度">
            <value>35.88445306</value>
          </Data>
        </ExtendedData>
        <Point>
          <coordinates>
            139.9899092,35.88445306,0
          </coordinates>
        </Point>
      </Placemark>
      <Placemark>
        <name>柏市立高野台保育園前</name>
        <description><![CDATA[﻿市区町村コード: 122173<br>都道府県: 千葉県<br>市町村名: 柏市<br>投票区コード: 14<br>投票区名: 第１４投票区<br>掲示場住所: 根戸４１６番地の６７<br>経度: 139.9864864<br>緯度: 35.88193306]]></description>
        <styleUrl>#icon-1899-0288D1</styleUrl>
        <ExtendedData>
          <Data name="﻿市区町村コード">
            <value>122173.0</value>
          </Data>
          <Data name="都道府県">
            <value>千葉県</value>
          </Data>
          <Data name="市町村名">
            <value>柏市</value>
          </Data>
          <Data name="投票区コード">
            <value>14.0</value>
          </Data>
          <Data name="投票区名">
            <value>第１４投票区</value>
          </Data>
          <Data name="掲示場住所">
            <value>根戸４１６番地の６７</value>
          </Data>
          <Data name="経度">
            <value>139.9864864</value>
          </Data>
          <Data name="緯度">
            <value>35.88193306</value>
          </Data>
        </ExtendedData>
        <Point>
          <coordinates>
            139.9864864,35.88193306,0
          </coordinates>
        </Point>
      </Placemark>
      <Placemark>
        <name>柏市立富勢中学校正門横</name>
        <description><![CDATA[﻿市区町村コード: 122173<br>都道府県: 千葉県<br>市町村名: 柏市<br>投票区コード: 14<br>投票区名: 第１４投票区<br>掲示場住所: 根戸４６７番地の１<br>経度: 139.9859861<br>緯度: 35.88443833]]></description>
        <styleUrl>#icon-1899-0288D1</styleUrl>
        <ExtendedData>
          <Data name="﻿市区町村コード">
            <value>122173.0</value>
          </Data>
          <Data name="都道府県">
            <value>千葉県</value>
          </Data>
          <Data name="市町村名">
            <value>柏市</value>
          </Data>
          <Data name="投票区コード">
            <value>14.0</value>
          </Data>
          <Data name="投票区名">
            <value>第１４投票区</value>
          </Data>
          <Data name="掲示場住所">
            <value>根戸４６７番地の１</value>
          </Data>
          <Data name="経度">
            <value>139.9859861</value>
          </Data>
          <Data name="緯度">
            <value>35.88443833</value>
          </Data>
        </ExtendedData>
        <Point>
          <coordinates>
            139.9859861,35.88443833,0
          </coordinates>
        </Point>
      </Placemark>
      <Placemark>
        <name>高野台児童遊園</name>
        <description><![CDATA[﻿市区町村コード: 122173<br>都道府県: 千葉県<br>市町村名: 柏市<br>投票区コード: 14<br>投票区名: 第１４投票区<br>掲示場住所: 根戸４６７番地<br>経度: 139.9892264<br>緯度: 35.88550917]]></description>
        <styleUrl>#icon-1899-0288D1</styleUrl>
        <ExtendedData>
          <Data name="﻿市区町村コード">
            <value>122173.0</value>
          </Data>
          <Data name="都道府県">
            <value>千葉県</value>
          </Data>
          <Data name="市町村名">
            <value>柏市</value>
          </Data>
          <Data name="投票区コード">
            <value>14.0</value>
          </Data>
          <Data name="投票区名">
            <value>第１４投票区</value>
          </Data>
          <Data name="掲示場住所">
            <value>根戸４６７番地</value>
          </Data>
          <Data name="経度">
            <value>139.9892264</value>
          </Data>
          <Data name="緯度">
            <value>35.88550917</value>
          </Data>
        </ExtendedData>
        <Point>
          <coordinates>
            139.9892264,35.88550917,0
          </coordinates>
        </Point>
      </Placemark>
      <Placemark>
        <name>柏市根戸近隣センター体育館前</name>
        <description><![CDATA[﻿市区町村コード: 122173<br>都道府県: 千葉県<br>市町村名: 柏市<br>投票区コード: 14<br>投票区名: 第１４投票区<br>掲示場住所: 根戸４６７番１７８<br>経度: 139.9868117<br>緯度: 35.88540139]]></description>
        <styleUrl>#icon-1899-0288D1</styleUrl>
        <ExtendedData>
          <Data name="﻿市区町村コード">
            <value>122173.0</value>
          </Data>
          <Data name="都道府県">
            <value>千葉県</value>
          </Data>
          <Data name="市町村名">
            <value>柏市</value>
          </Data>
          <Data name="投票区コード">
            <value>14.0</value>
          </Data>
          <Data name="投票区名">
            <value>第１４投票区</value>
          </Data>
          <Data name="掲示場住所">
            <value>根戸４６７番１７８</value>
          </Data>
          <Data name="経度">
            <value>139.9868117</value>
          </Data>
          <Data name="緯度">
            <value>35.88540139</value>
          </Data>
        </ExtendedData>
        <Point>
          <coordinates>
            139.9868117,35.88540139,0
          </coordinates>
        </Point>
      </Placemark>
      <Placemark>
        <name>鈴木宅前</name>
        <description><![CDATA[﻿市区町村コード: 122173<br>都道府県: 千葉県<br>市町村名: 柏市<br>投票区コード: 14<br>投票区名: 第１４投票区<br>掲示場住所: 根戸新田１５番地<br>経度: 139.9836969<br>緯度: 35.87879917]]></description>
        <styleUrl>#icon-1899-0288D1</styleUrl>
        <ExtendedData>
          <Data name="﻿市区町村コード">
            <value>122173.0</value>
          </Data>
          <Data name="都道府県">
            <value>千葉県</value>
          </Data>
          <Data name="市町村名">
            <value>柏市</value>
          </Data>
          <Data name="投票区コード">
            <value>14.0</value>
          </Data>
          <Data name="投票区名">
            <value>第１４投票区</value>
          </Data>
          <Data name="掲示場住所">
            <value>根戸新田１５番地</value>
          </Data>
          <Data name="経度">
            <value>139.9836969</value>
          </Data>
          <Data name="緯度">
            <value>35.87879917</value>
          </Data>
        </ExtendedData>
        <Point>
          <coordinates>
            139.9836969,35.87879917,0
          </coordinates>
        </Point>
      </Placemark>
      <Placemark>
        <name>イチカワ(株)柏工場駐車場西側</name>
        <description><![CDATA[﻿市区町村コード: 122173<br>都道府県: 千葉県<br>市町村名: 柏市<br>投票区コード: 14<br>投票区名: 第１４投票区<br>掲示場住所: 根戸１４３番地の１<br>経度: 139.9855583<br>緯度: 35.87879861]]></description>
        <styleUrl>#icon-1899-0288D1</styleUrl>
        <ExtendedData>
          <Data name="﻿市区町村コード">
            <value>122173.0</value>
          </Data>
          <Data name="都道府県">
            <value>千葉県</value>
          </Data>
          <Data name="市町村名">
            <value>柏市</value>
          </Data>
          <Data name="投票区コード">
            <value>14.0</value>
          </Data>
          <Data name="投票区名">
            <value>第１４投票区</value>
          </Data>
          <Data name="掲示場住所">
            <value>根戸１４３番地の１</value>
          </Data>
          <Data name="経度">
            <value>139.9855583</value>
          </Data>
          <Data name="緯度">
            <value>35.87879861</value>
          </Data>
        </ExtendedData>
        <Point>
          <coordinates>
            139.9855583,35.87879861,0
          </coordinates>
        </Point>
      </Placemark>
      <Placemark>
        <name>ロジポート北柏東門前</name>
        <description><![CDATA[﻿市区町村コード: 122173<br>都道府県: 千葉県<br>市町村名: 柏市<br>投票区コード: 14<br>投票区名: 第１４投票区<br>掲示場住所: 呼塚新田１８８番地の３<br>経度: 139.9839869<br>緯度: 35.87670278]]></description>
        <styleUrl>#icon-1899-0288D1</styleUrl>
        <ExtendedData>
          <Data name="﻿市区町村コード">
            <value>122173.0</value>
          </Data>
          <Data name="都道府県">
            <value>千葉県</value>
          </Data>
          <Data name="市町村名">
            <value>柏市</value>
          </Data>
          <Data name="投票区コード">
            <value>14.0</value>
          </Data>
          <Data name="投票区名">
            <value>第１４投票区</value>
          </Data>
          <Data name="掲示場住所">
            <value>呼塚新田１８８番地の３</value>
          </Data>
          <Data name="経度">
            <value>139.9839869</value>
          </Data>
          <Data name="緯度">
            <value>35.87670278</value>
          </Data>
        </ExtendedData>
        <Point>
          <coordinates>
            139.9839869,35.87670278,0
          </coordinates>
        </Point>
      </Placemark>
      <Placemark>
        <name>ＮＴＴドコモ無線局前</name>
        <description><![CDATA[﻿市区町村コード: 122173<br>都道府県: 千葉県<br>市町村名: 柏市<br>投票区コード: 14<br>投票区名: 第１４投票区<br>掲示場住所: 松ケ崎新田６３番地の３<br>経度: 139.9801297<br>緯度: 35.8773375]]></description>
        <styleUrl>#icon-1899-0288D1</styleUrl>
        <ExtendedData>
          <Data name="﻿市区町村コード">
            <value>122173.0</value>
          </Data>
          <Data name="都道府県">
            <value>千葉県</value>
          </Data>
          <Data name="市町村名">
            <value>柏市</value>
          </Data>
          <Data name="投票区コード">
            <value>14.0</value>
          </Data>
          <Data name="投票区名">
            <value>第１４投票区</value>
          </Data>
          <Data name="掲示場住所">
            <value>松ケ崎新田６３番地の３</value>
          </Data>
          <Data name="経度">
            <value>139.9801297</value>
          </Data>
          <Data name="緯度">
            <value>35.8773375</value>
          </Data>
        </ExtendedData>
        <Point>
          <coordinates>
            139.9801297,35.8773375,0
          </coordinates>
        </Point>
      </Placemark>
      <Placemark>
        <name>JR北柏駅北口エスカレーター向い側</name>
        <description><![CDATA[﻿市区町村コード: 122173<br>都道府県: 千葉県<br>市町村名: 柏市<br>投票区コード: 14<br>投票区名: 第１４投票区<br>掲示場住所: 根戸２３７－２<br>経度: 139.9878742<br>緯度: 35.87674194]]></description>
        <styleUrl>#icon-1899-0288D1</styleUrl>
        <ExtendedData>
          <Data name="﻿市区町村コード">
            <value>122173.0</value>
          </Data>
          <Data name="都道府県">
            <value>千葉県</value>
          </Data>
          <Data name="市町村名">
            <value>柏市</value>
          </Data>
          <Data name="投票区コード">
            <value>14.0</value>
          </Data>
          <Data name="投票区名">
            <value>第１４投票区</value>
          </Data>
          <Data name="掲示場住所">
            <value>根戸２３７－２</value>
          </Data>
          <Data name="経度">
            <value>139.9878742</value>
          </Data>
          <Data name="緯度">
            <value>35.87674194</value>
          </Data>
        </ExtendedData>
        <Point>
          <coordinates>
            139.9878742,35.87674194,0
          </coordinates>
        </Point>
      </Placemark>
      <Placemark>
        <name>柏市最終処分場正門横</name>
        <description><![CDATA[﻿市区町村コード: 122173<br>都道府県: 千葉県<br>市町村名: 柏市<br>投票区コード: 15<br>投票区名: 第１５投票区<br>掲示場住所: 布施１２６番地の１<br>経度: 139.9853742<br>緯度: 35.88980583]]></description>
        <styleUrl>#icon-1899-0288D1</styleUrl>
        <ExtendedData>
          <Data name="﻿市区町村コード">
            <value>122173.0</value>
          </Data>
          <Data name="都道府県">
            <value>千葉県</value>
          </Data>
          <Data name="市町村名">
            <value>柏市</value>
          </Data>
          <Data name="投票区コード">
            <value>15.0</value>
          </Data>
          <Data name="投票区名">
            <value>第１５投票区</value>
          </Data>
          <Data name="掲示場住所">
            <value>布施１２６番地の１</value>
          </Data>
          <Data name="経度">
            <value>139.9853742</value>
          </Data>
          <Data name="緯度">
            <value>35.88980583</value>
          </Data>
        </ExtendedData>
        <Point>
          <coordinates>
            139.9853742,35.88980583,0
          </coordinates>
        </Point>
      </Placemark>
      <Placemark>
        <name>県立柏高等学校駐輪場前</name>
        <description><![CDATA[﻿市区町村コード: 122173<br>都道府県: 千葉県<br>市町村名: 柏市<br>投票区コード: 15<br>投票区名: 第１５投票区<br>掲示場住所: 布施３１３－２<br>経度: 139.9901725<br>緯度: 35.89277889]]></description>
        <styleUrl>#icon-1899-0288D1</styleUrl>
        <ExtendedData>
          <Data name="﻿市区町村コード">
            <value>122173.0</value>
          </Data>
          <Data name="都道府県">
            <value>千葉県</value>
          </Data>
          <Data name="市町村名">
            <value>柏市</value>
          </Data>
          <Data name="投票区コード">
            <value>15.0</value>
          </Data>
          <Data name="投票区名">
            <value>第１５投票区</value>
          </Data>
          <Data name="掲示場住所">
            <value>布施３１３－２</value>
          </Data>
          <Data name="経度">
            <value>139.9901725</value>
          </Data>
          <Data name="緯度">
            <value>35.89277889</value>
          </Data>
        </ExtendedData>
        <Point>
          <coordinates>
            139.9901725,35.89277889,0
          </coordinates>
        </Point>
      </Placemark>
      <Placemark>
        <name>柏市立富勢保育園前</name>
        <description><![CDATA[﻿市区町村コード: 122173<br>都道府県: 千葉県<br>市町村名: 柏市<br>投票区コード: 15<br>投票区名: 第１５投票区<br>掲示場住所: 布施８３４番地の1<br>経度: 139.9925411<br>緯度: 35.88747722]]></description>
        <styleUrl>#icon-1899-0288D1</styleUrl>
        <ExtendedData>
          <Data name="﻿市区町村コード">
            <value>122173.0</value>
          </Data>
          <Data name="都道府県">
            <value>千葉県</value>
          </Data>
          <Data name="市町村名">
            <value>柏市</value>
          </Data>
          <Data name="投票区コード">
            <value>15.0</value>
          </Data>
          <Data name="投票区名">
            <value>第１５投票区</value>
          </Data>
          <Data name="掲示場住所">
            <value>布施８３４番地の1</value>
          </Data>
          <Data name="経度">
            <value>139.9925411</value>
          </Data>
          <Data name="緯度">
            <value>35.88747722</value>
          </Data>
        </ExtendedData>
        <Point>
          <coordinates>
            139.9925411,35.88747722,0
          </coordinates>
        </Point>
      </Placemark>
      <Placemark>
        <name>柏市立富勢小学校プール側門横</name>
        <description><![CDATA[﻿市区町村コード: 122173<br>都道府県: 千葉県<br>市町村名: 柏市<br>投票区コード: 15<br>投票区名: 第１５投票区<br>掲示場住所: 布施９２５番地の１<br>経度: 139.9938067<br>緯度: 35.8873725]]></description>
        <styleUrl>#icon-1899-0288D1</styleUrl>
        <ExtendedData>
          <Data name="﻿市区町村コード">
            <value>122173.0</value>
          </Data>
          <Data name="都道府県">
            <value>千葉県</value>
          </Data>
          <Data name="市町村名">
            <value>柏市</value>
          </Data>
          <Data name="投票区コード">
            <value>15.0</value>
          </Data>
          <Data name="投票区名">
            <value>第１５投票区</value>
          </Data>
          <Data name="掲示場住所">
            <value>布施９２５番地の１</value>
          </Data>
          <Data name="経度">
            <value>139.9938067</value>
          </Data>
          <Data name="緯度">
            <value>35.8873725</value>
          </Data>
        </ExtendedData>
        <Point>
          <coordinates>
            139.9938067,35.8873725,0
          </coordinates>
        </Point>
      </Placemark>
      <Placemark>
        <name>柏市西部消防署富勢分署前</name>
        <description><![CDATA[﻿市区町村コード: 122173<br>都道府県: 千葉県<br>市町村名: 柏市<br>投票区コード: 15<br>投票区名: 第１５投票区<br>掲示場住所: 布施７６２－２<br>経度: 139.9915397<br>緯度: 35.88771806]]></description>
        <styleUrl>#icon-1899-0288D1</styleUrl>
        <ExtendedData>
          <Data name="﻿市区町村コード">
            <value>122173.0</value>
          </Data>
          <Data name="都道府県">
            <value>千葉県</value>
          </Data>
          <Data name="市町村名">
            <value>柏市</value>
          </Data>
          <Data name="投票区コード">
            <value>15.0</value>
          </Data>
          <Data name="投票区名">
            <value>第１５投票区</value>
          </Data>
          <Data name="掲示場住所">
            <value>布施７６２－２</value>
          </Data>
          <Data name="経度">
            <value>139.9915397</value>
          </Data>
          <Data name="緯度">
            <value>35.88771806</value>
          </Data>
        </ExtendedData>
        <Point>
          <coordinates>
            139.9915397,35.88771806,0
          </coordinates>
        </Point>
      </Placemark>
      <Placemark>
        <name>香取神社北側</name>
        <description><![CDATA[﻿市区町村コード: 122173<br>都道府県: 千葉県<br>市町村名: 柏市<br>投票区コード: 15<br>投票区名: 第１５投票区<br>掲示場住所: 布施６３５番地<br>経度: 139.9936956<br>緯度: 35.8937125]]></description>
        <styleUrl>#icon-1899-0288D1</styleUrl>
        <ExtendedData>
          <Data name="﻿市区町村コード">
            <value>122173.0</value>
          </Data>
          <Data name="都道府県">
            <value>千葉県</value>
          </Data>
          <Data name="市町村名">
            <value>柏市</value>
          </Data>
          <Data name="投票区コード">
            <value>15.0</value>
          </Data>
          <Data name="投票区名">
            <value>第１５投票区</value>
          </Data>
          <Data name="掲示場住所">
            <value>布施６３５番地</value>
          </Data>
          <Data name="経度">
            <value>139.9936956</value>
          </Data>
          <Data name="緯度">
            <value>35.8937125</value>
          </Data>
        </ExtendedData>
        <Point>
          <coordinates>
            139.9936956,35.8937125,0
          </coordinates>
        </Point>
      </Placemark>
      <Placemark>
        <name>布施新田ふるさと会館</name>
        <description><![CDATA[﻿市区町村コード: 122173<br>都道府県: 千葉県<br>市町村名: 柏市<br>投票区コード: 15<br>投票区名: 第１５投票区<br>掲示場住所: 布施８６２－１<br>経度: 139.9946171<br>緯度: 35.8897759]]></description>
        <styleUrl>#icon-1899-0288D1</styleUrl>
        <ExtendedData>
          <Data name="﻿市区町村コード">
            <value>122173.0</value>
          </Data>
          <Data name="都道府県">
            <value>千葉県</value>
          </Data>
          <Data name="市町村名">
            <value>柏市</value>
          </Data>
          <Data name="投票区コード">
            <value>15.0</value>
          </Data>
          <Data name="投票区名">
            <value>第１５投票区</value>
          </Data>
          <Data name="掲示場住所">
            <value>布施８６２－１</value>
          </Data>
          <Data name="経度">
            <value>139.9946171</value>
          </Data>
          <Data name="緯度">
            <value>35.8897759</value>
          </Data>
        </ExtendedData>
        <Point>
          <coordinates>
            139.9946171,35.8897759,0
          </coordinates>
        </Point>
      </Placemark>
      <Placemark>
        <name>ココス南柏店北側緑地</name>
        <description><![CDATA[﻿市区町村コード: 122173<br>都道府県: 千葉県<br>市町村名: 柏市<br>投票区コード: 16<br>投票区名: 第１６投票区<br>掲示場住所: 今谷上町６９番地<br>経度: 139.9532781<br>緯度: 35.84186472]]></description>
        <styleUrl>#icon-1899-0288D1</styleUrl>
        <ExtendedData>
          <Data name="﻿市区町村コード">
            <value>122173.0</value>
          </Data>
          <Data name="都道府県">
            <value>千葉県</value>
          </Data>
          <Data name="市町村名">
            <value>柏市</value>
          </Data>
          <Data name="投票区コード">
            <value>16.0</value>
          </Data>
          <Data name="投票区名">
            <value>第１６投票区</value>
          </Data>
          <Data name="掲示場住所">
            <value>今谷上町６９番地</value>
          </Data>
          <Data name="経度">
            <value>139.9532781</value>
          </Data>
          <Data name="緯度">
            <value>35.84186472</value>
          </Data>
        </ExtendedData>
        <Point>
          <coordinates>
            139.9532781,35.84186472,0
          </coordinates>
        </Point>
      </Placemark>
      <Placemark>
        <name>今谷上町第一公園</name>
        <description><![CDATA[﻿市区町村コード: 122173<br>都道府県: 千葉県<br>市町村名: 柏市<br>投票区コード: 16<br>投票区名: 第１６投票区<br>掲示場住所: 今谷上町４２番地の５３<br>経度: 139.9564628<br>緯度: 35.83936972]]></description>
        <styleUrl>#icon-1899-0288D1</styleUrl>
        <ExtendedData>
          <Data name="﻿市区町村コード">
            <value>122173.0</value>
          </Data>
          <Data name="都道府県">
            <value>千葉県</value>
          </Data>
          <Data name="市町村名">
            <value>柏市</value>
          </Data>
          <Data name="投票区コード">
            <value>16.0</value>
          </Data>
          <Data name="投票区名">
            <value>第１６投票区</value>
          </Data>
          <Data name="掲示場住所">
            <value>今谷上町４２番地の５３</value>
          </Data>
          <Data name="経度">
            <value>139.9564628</value>
          </Data>
          <Data name="緯度">
            <value>35.83936972</value>
          </Data>
        </ExtendedData>
        <Point>
          <coordinates>
            139.9564628,35.83936972,0
          </coordinates>
        </Point>
      </Placemark>
      <Placemark>
        <name>南柏中央第一公園</name>
        <description><![CDATA[﻿市区町村コード: 122173<br>都道府県: 千葉県<br>市町村名: 柏市<br>投票区コード: 16<br>投票区名: 第１６投票区<br>掲示場住所: 南柏中央４<br>経度: 139.9536119<br>緯度: 35.84270667]]></description>
        <styleUrl>#icon-1899-0288D1</styleUrl>
        <ExtendedData>
          <Data name="﻿市区町村コード">
            <value>122173.0</value>
          </Data>
          <Data name="都道府県">
            <value>千葉県</value>
          </Data>
          <Data name="市町村名">
            <value>柏市</value>
          </Data>
          <Data name="投票区コード">
            <value>16.0</value>
          </Data>
          <Data name="投票区名">
            <value>第１６投票区</value>
          </Data>
          <Data name="掲示場住所">
            <value>南柏中央４</value>
          </Data>
          <Data name="経度">
            <value>139.9536119</value>
          </Data>
          <Data name="緯度">
            <value>35.84270667</value>
          </Data>
        </ExtendedData>
        <Point>
          <coordinates>
            139.9536119,35.84270667,0
          </coordinates>
        </Point>
      </Placemark>
      <Placemark>
        <name>南柏駅東口ロータリー</name>
        <description><![CDATA[﻿市区町村コード: 122173<br>都道府県: 千葉県<br>市町村名: 柏市<br>投票区コード: 16<br>投票区名: 第１６投票区<br>掲示場住所: 南柏一丁目１番<br>経度: 139.9542219<br>緯度: 35.84420528]]></description>
        <styleUrl>#icon-1899-0288D1</styleUrl>
        <ExtendedData>
          <Data name="﻿市区町村コード">
            <value>122173.0</value>
          </Data>
          <Data name="都道府県">
            <value>千葉県</value>
          </Data>
          <Data name="市町村名">
            <value>柏市</value>
          </Data>
          <Data name="投票区コード">
            <value>16.0</value>
          </Data>
          <Data name="投票区名">
            <value>第１６投票区</value>
          </Data>
          <Data name="掲示場住所">
            <value>南柏一丁目１番</value>
          </Data>
          <Data name="経度">
            <value>139.9542219</value>
          </Data>
          <Data name="緯度">
            <value>35.84420528</value>
          </Data>
        </ExtendedData>
        <Point>
          <coordinates>
            139.9542219,35.84420528,0
          </coordinates>
        </Point>
      </Placemark>
      <Placemark>
        <name>南柏中央第二公園</name>
        <description><![CDATA[﻿市区町村コード: 122173<br>都道府県: 千葉県<br>市町村名: 柏市<br>投票区コード: 16<br>投票区名: 第１６投票区<br>掲示場住所: 南柏中央１０番<br>経度: 139.956495<br>緯度: 35.845735]]></description>
        <styleUrl>#icon-1899-0288D1</styleUrl>
        <ExtendedData>
          <Data name="﻿市区町村コード">
            <value>122173.0</value>
          </Data>
          <Data name="都道府県">
            <value>千葉県</value>
          </Data>
          <Data name="市町村名">
            <value>柏市</value>
          </Data>
          <Data name="投票区コード">
            <value>16.0</value>
          </Data>
          <Data name="投票区名">
            <value>第１６投票区</value>
          </Data>
          <Data name="掲示場住所">
            <value>南柏中央１０番</value>
          </Data>
          <Data name="経度">
            <value>139.956495</value>
          </Data>
          <Data name="緯度">
            <value>35.845735</value>
          </Data>
        </ExtendedData>
        <Point>
          <coordinates>
            139.956495,35.845735,0
          </coordinates>
        </Point>
      </Placemark>
      <Placemark>
        <name>南柏第一公園</name>
        <description><![CDATA[﻿市区町村コード: 122173<br>都道府県: 千葉県<br>市町村名: 柏市<br>投票区コード: 16<br>投票区名: 第１６投票区<br>掲示場住所: 南柏一丁目１０番<br>経度: 139.9527369<br>緯度: 35.84513583]]></description>
        <styleUrl>#icon-1899-0288D1</styleUrl>
        <ExtendedData>
          <Data name="﻿市区町村コード">
            <value>122173.0</value>
          </Data>
          <Data name="都道府県">
            <value>千葉県</value>
          </Data>
          <Data name="市町村名">
            <value>柏市</value>
          </Data>
          <Data name="投票区コード">
            <value>16.0</value>
          </Data>
          <Data name="投票区名">
            <value>第１６投票区</value>
          </Data>
          <Data name="掲示場住所">
            <value>南柏一丁目１０番</value>
          </Data>
          <Data name="経度">
            <value>139.9527369</value>
          </Data>
          <Data name="緯度">
            <value>35.84513583</value>
          </Data>
        </ExtendedData>
        <Point>
          <coordinates>
            139.9527369,35.84513583,0
          </coordinates>
        </Point>
      </Placemark>
      <Placemark>
        <name>南柏児童遊園</name>
        <description><![CDATA[﻿市区町村コード: 122173<br>都道府県: 千葉県<br>市町村名: 柏市<br>投票区コード: 16<br>投票区名: 第１６投票区<br>掲示場住所: 南柏二丁目５番<br>経度: 139.9552717<br>緯度: 35.84695694]]></description>
        <styleUrl>#icon-1899-0288D1</styleUrl>
        <ExtendedData>
          <Data name="﻿市区町村コード">
            <value>122173.0</value>
          </Data>
          <Data name="都道府県">
            <value>千葉県</value>
          </Data>
          <Data name="市町村名">
            <value>柏市</value>
          </Data>
          <Data name="投票区コード">
            <value>16.0</value>
          </Data>
          <Data name="投票区名">
            <value>第１６投票区</value>
          </Data>
          <Data name="掲示場住所">
            <value>南柏二丁目５番</value>
          </Data>
          <Data name="経度">
            <value>139.9552717</value>
          </Data>
          <Data name="緯度">
            <value>35.84695694</value>
          </Data>
        </ExtendedData>
        <Point>
          <coordinates>
            139.9552717,35.84695694,0
          </coordinates>
        </Point>
      </Placemark>
      <Placemark>
        <name>オーベルグランディオ柏駐車場前植樹帯</name>
        <description><![CDATA[﻿市区町村コード: 122173<br>都道府県: 千葉県<br>市町村名: 柏市<br>投票区コード: 17<br>投票区名: 第１７投票区<br>掲示場住所: 豊四季台二丁目１番<br>経度: 139.9610989<br>緯度: 35.86241167]]></description>
        <styleUrl>#icon-1899-0288D1</styleUrl>
        <ExtendedData>
          <Data name="﻿市区町村コード">
            <value>122173.0</value>
          </Data>
          <Data name="都道府県">
            <value>千葉県</value>
          </Data>
          <Data name="市町村名">
            <value>柏市</value>
          </Data>
          <Data name="投票区コード">
            <value>17.0</value>
          </Data>
          <Data name="投票区名">
            <value>第１７投票区</value>
          </Data>
          <Data name="掲示場住所">
            <value>豊四季台二丁目１番</value>
          </Data>
          <Data name="経度">
            <value>139.9610989</value>
          </Data>
          <Data name="緯度">
            <value>35.86241167</value>
          </Data>
        </ExtendedData>
        <Point>
          <coordinates>
            139.9610989,35.86241167,0
          </coordinates>
        </Point>
      </Placemark>
      <Placemark>
        <name>豊四季台近隣センター前</name>
        <description><![CDATA[﻿市区町村コード: 122173<br>都道府県: 千葉県<br>市町村名: 柏市<br>投票区コード: 17<br>投票区名: 第１７投票区<br>掲示場住所: 豊四季台一丁目１番<br>経度: 139.9593236<br>緯度: 35.86642083]]></description>
        <styleUrl>#icon-1899-0288D1</styleUrl>
        <ExtendedData>
          <Data name="﻿市区町村コード">
            <value>122173.0</value>
          </Data>
          <Data name="都道府県">
            <value>千葉県</value>
          </Data>
          <Data name="市町村名">
            <value>柏市</value>
          </Data>
          <Data name="投票区コード">
            <value>17.0</value>
          </Data>
          <Data name="投票区名">
            <value>第１７投票区</value>
          </Data>
          <Data name="掲示場住所">
            <value>豊四季台一丁目１番</value>
          </Data>
          <Data name="経度">
            <value>139.9593236</value>
          </Data>
          <Data name="緯度">
            <value>35.86642083</value>
          </Data>
        </ExtendedData>
        <Point>
          <coordinates>
            139.9593236,35.86642083,0
          </coordinates>
        </Point>
      </Placemark>
      <Placemark>
        <name>豊四季台団地２５号棟横</name>
        <description><![CDATA[﻿市区町村コード: 122173<br>都道府県: 千葉県<br>市町村名: 柏市<br>投票区コード: 17<br>投票区名: 第１７投票区<br>掲示場住所: 豊四季台二丁目１番<br>経度: 139.9594717<br>緯度: 35.86476972]]></description>
        <styleUrl>#icon-1899-0288D1</styleUrl>
        <ExtendedData>
          <Data name="﻿市区町村コード">
            <value>122173.0</value>
          </Data>
          <Data name="都道府県">
            <value>千葉県</value>
          </Data>
          <Data name="市町村名">
            <value>柏市</value>
          </Data>
          <Data name="投票区コード">
            <value>17.0</value>
          </Data>
          <Data name="投票区名">
            <value>第１７投票区</value>
          </Data>
          <Data name="掲示場住所">
            <value>豊四季台二丁目１番</value>
          </Data>
          <Data name="経度">
            <value>139.9594717</value>
          </Data>
          <Data name="緯度">
            <value>35.86476972</value>
          </Data>
        </ExtendedData>
        <Point>
          <coordinates>
            139.9594717,35.86476972,0
          </coordinates>
        </Point>
      </Placemark>
      <Placemark>
        <name>柏市立豊四季保育園前</name>
        <description><![CDATA[﻿市区町村コード: 122173<br>都道府県: 千葉県<br>市町村名: 柏市<br>投票区コード: 17<br>投票区名: 第１７投票区<br>掲示場住所: 豊四季台二丁目１２０番<br>経度: 139.9598328<br>緯度: 35.86297667]]></description>
        <styleUrl>#icon-1899-0288D1</styleUrl>
        <ExtendedData>
          <Data name="﻿市区町村コード">
            <value>122173.0</value>
          </Data>
          <Data name="都道府県">
            <value>千葉県</value>
          </Data>
          <Data name="市町村名">
            <value>柏市</value>
          </Data>
          <Data name="投票区コード">
            <value>17.0</value>
          </Data>
          <Data name="投票区名">
            <value>第１７投票区</value>
          </Data>
          <Data name="掲示場住所">
            <value>豊四季台二丁目１２０番</value>
          </Data>
          <Data name="経度">
            <value>139.9598328</value>
          </Data>
          <Data name="緯度">
            <value>35.86297667</value>
          </Data>
        </ExtendedData>
        <Point>
          <coordinates>
            139.9598328,35.86297667,0
          </coordinates>
        </Point>
      </Placemark>
      <Placemark>
        <name>柏地域医療連携センター前</name>
        <description><![CDATA[﻿市区町村コード: 122173<br>都道府県: 千葉県<br>市町村名: 柏市<br>投票区コード: 17<br>投票区名: 第１７投票区<br>掲示場住所: 豊四季台一丁目１番１１８<br>経度: 139.9575861<br>緯度: 35.86538472]]></description>
        <styleUrl>#icon-1899-0288D1</styleUrl>
        <ExtendedData>
          <Data name="﻿市区町村コード">
            <value>122173.0</value>
          </Data>
          <Data name="都道府県">
            <value>千葉県</value>
          </Data>
          <Data name="市町村名">
            <value>柏市</value>
          </Data>
          <Data name="投票区コード">
            <value>17.0</value>
          </Data>
          <Data name="投票区名">
            <value>第１７投票区</value>
          </Data>
          <Data name="掲示場住所">
            <value>豊四季台一丁目１番１１８</value>
          </Data>
          <Data name="経度">
            <value>139.9575861</value>
          </Data>
          <Data name="緯度">
            <value>35.86538472</value>
          </Data>
        </ExtendedData>
        <Point>
          <coordinates>
            139.9575861,35.86538472,0
          </coordinates>
        </Point>
      </Placemark>
      <Placemark>
        <name>豊四季台公園</name>
        <description><![CDATA[﻿市区町村コード: 122173<br>都道府県: 千葉県<br>市町村名: 柏市<br>投票区コード: 17<br>投票区名: 第１７投票区<br>掲示場住所: 豊四季台一丁目３番<br>経度: 139.9581481<br>緯度: 35.86690222]]></description>
        <styleUrl>#icon-1899-0288D1</styleUrl>
        <ExtendedData>
          <Data name="﻿市区町村コード">
            <value>122173.0</value>
          </Data>
          <Data name="都道府県">
            <value>千葉県</value>
          </Data>
          <Data name="市町村名">
            <value>柏市</value>
          </Data>
          <Data name="投票区コード">
            <value>17.0</value>
          </Data>
          <Data name="投票区名">
            <value>第１７投票区</value>
          </Data>
          <Data name="掲示場住所">
            <value>豊四季台一丁目３番</value>
          </Data>
          <Data name="経度">
            <value>139.9581481</value>
          </Data>
          <Data name="緯度">
            <value>35.86690222</value>
          </Data>
        </ExtendedData>
        <Point>
          <coordinates>
            139.9581481,35.86690222,0
          </coordinates>
        </Point>
      </Placemark>
      <Placemark>
        <name>豊四季台団地３４号棟前</name>
        <description><![CDATA[﻿市区町村コード: 122173<br>都道府県: 千葉県<br>市町村名: 柏市<br>投票区コード: 17<br>投票区名: 第１７投票区<br>掲示場住所: 豊四季台二丁目１番<br>経度: 139.9593403<br>緯度: 35.86339]]></description>
        <styleUrl>#icon-1899-0288D1</styleUrl>
        <ExtendedData>
          <Data name="﻿市区町村コード">
            <value>122173.0</value>
          </Data>
          <Data name="都道府県">
            <value>千葉県</value>
          </Data>
          <Data name="市町村名">
            <value>柏市</value>
          </Data>
          <Data name="投票区コード">
            <value>17.0</value>
          </Data>
          <Data name="投票区名">
            <value>第１７投票区</value>
          </Data>
          <Data name="掲示場住所">
            <value>豊四季台二丁目１番</value>
          </Data>
          <Data name="経度">
            <value>139.9593403</value>
          </Data>
          <Data name="緯度">
            <value>35.86339</value>
          </Data>
        </ExtendedData>
        <Point>
          <coordinates>
            139.9593403,35.86339,0
          </coordinates>
        </Point>
      </Placemark>
      <Placemark>
        <name>豊四季台団地８号棟隣立体駐車場前</name>
        <description><![CDATA[﻿市区町村コード: 122173<br>都道府県: 千葉県<br>市町村名: 柏市<br>投票区コード: 18<br>投票区名: 第１８投票区<br>掲示場住所: 豊四季台三丁目１番８号棟<br>経度: 139.9584431<br>緯度: 35.86271806]]></description>
        <styleUrl>#icon-1899-0288D1</styleUrl>
        <ExtendedData>
          <Data name="﻿市区町村コード">
            <value>122173.0</value>
          </Data>
          <Data name="都道府県">
            <value>千葉県</value>
          </Data>
          <Data name="市町村名">
            <value>柏市</value>
          </Data>
          <Data name="投票区コード">
            <value>18.0</value>
          </Data>
          <Data name="投票区名">
            <value>第１８投票区</value>
          </Data>
          <Data name="掲示場住所">
            <value>豊四季台三丁目１番８号棟</value>
          </Data>
          <Data name="経度">
            <value>139.9584431</value>
          </Data>
          <Data name="緯度">
            <value>35.86271806</value>
          </Data>
        </ExtendedData>
        <Point>
          <coordinates>
            139.9584431,35.86271806,0
          </coordinates>
        </Point>
      </Placemark>
      <Placemark>
        <name>豊四季台団地８８号棟横</name>
        <description><![CDATA[﻿市区町村コード: 122173<br>都道府県: 千葉県<br>市町村名: 柏市<br>投票区コード: 18<br>投票区名: 第１８投票区<br>掲示場住所: 豊四季台四丁目１番７７号棟<br>経度: 139.9551139<br>緯度: 35.86448111]]></description>
        <styleUrl>#icon-1899-0288D1</styleUrl>
        <ExtendedData>
          <Data name="﻿市区町村コード">
            <value>122173.0</value>
          </Data>
          <Data name="都道府県">
            <value>千葉県</value>
          </Data>
          <Data name="市町村名">
            <value>柏市</value>
          </Data>
          <Data name="投票区コード">
            <value>18.0</value>
          </Data>
          <Data name="投票区名">
            <value>第１８投票区</value>
          </Data>
          <Data name="掲示場住所">
            <value>豊四季台四丁目１番７７号棟</value>
          </Data>
          <Data name="経度">
            <value>139.9551139</value>
          </Data>
          <Data name="緯度">
            <value>35.86448111</value>
          </Data>
        </ExtendedData>
        <Point>
          <coordinates>
            139.9551139,35.86448111,0
          </coordinates>
        </Point>
      </Placemark>
      <Placemark>
        <name>豊四季台団地９５号棟横</name>
        <description><![CDATA[﻿市区町村コード: 122173<br>都道府県: 千葉県<br>市町村名: 柏市<br>投票区コード: 18<br>投票区名: 第１８投票区<br>掲示場住所: 豊四季台四丁目１番７３号棟<br>経度: 139.9563061<br>緯度: 35.86461306]]></description>
        <styleUrl>#icon-1899-0288D1</styleUrl>
        <ExtendedData>
          <Data name="﻿市区町村コード">
            <value>122173.0</value>
          </Data>
          <Data name="都道府県">
            <value>千葉県</value>
          </Data>
          <Data name="市町村名">
            <value>柏市</value>
          </Data>
          <Data name="投票区コード">
            <value>18.0</value>
          </Data>
          <Data name="投票区名">
            <value>第１８投票区</value>
          </Data>
          <Data name="掲示場住所">
            <value>豊四季台四丁目１番７３号棟</value>
          </Data>
          <Data name="経度">
            <value>139.9563061</value>
          </Data>
          <Data name="緯度">
            <value>35.86461306</value>
          </Data>
        </ExtendedData>
        <Point>
          <coordinates>
            139.9563061,35.86461306,0
          </coordinates>
        </Point>
      </Placemark>
      <Placemark>
        <name>コンフォール１号棟前</name>
        <description><![CDATA[﻿市区町村コード: 122173<br>都道府県: 千葉県<br>市町村名: 柏市<br>投票区コード: 18<br>投票区名: 第１８投票区<br>掲示場住所: 豊四季台三丁目１番<br>経度: 139.9585903<br>緯度: 35.86370361]]></description>
        <styleUrl>#icon-1899-0288D1</styleUrl>
        <ExtendedData>
          <Data name="﻿市区町村コード">
            <value>122173.0</value>
          </Data>
          <Data name="都道府県">
            <value>千葉県</value>
          </Data>
          <Data name="市町村名">
            <value>柏市</value>
          </Data>
          <Data name="投票区コード">
            <value>18.0</value>
          </Data>
          <Data name="投票区名">
            <value>第１８投票区</value>
          </Data>
          <Data name="掲示場住所">
            <value>豊四季台三丁目１番</value>
          </Data>
          <Data name="経度">
            <value>139.9585903</value>
          </Data>
          <Data name="緯度">
            <value>35.86370361</value>
          </Data>
        </ExtendedData>
        <Point>
          <coordinates>
            139.9585903,35.86370361,0
          </coordinates>
        </Point>
      </Placemark>
      <Placemark>
        <name>豊四季台団地９０号棟広場横</name>
        <description><![CDATA[﻿市区町村コード: 122173<br>都道府県: 千葉県<br>市町村名: 柏市<br>投票区コード: 18<br>投票区名: 第１８投票区<br>掲示場住所: 豊四季台四丁目１番９０号棟<br>経度: 139.9557064<br>緯度: 35.86513361]]></description>
        <styleUrl>#icon-1899-0288D1</styleUrl>
        <ExtendedData>
          <Data name="﻿市区町村コード">
            <value>122173.0</value>
          </Data>
          <Data name="都道府県">
            <value>千葉県</value>
          </Data>
          <Data name="市町村名">
            <value>柏市</value>
          </Data>
          <Data name="投票区コード">
            <value>18.0</value>
          </Data>
          <Data name="投票区名">
            <value>第１８投票区</value>
          </Data>
          <Data name="掲示場住所">
            <value>豊四季台四丁目１番９０号棟</value>
          </Data>
          <Data name="経度">
            <value>139.9557064</value>
          </Data>
          <Data name="緯度">
            <value>35.86513361</value>
          </Data>
        </ExtendedData>
        <Point>
          <coordinates>
            139.9557064,35.86513361,0
          </coordinates>
        </Point>
      </Placemark>
      <Placemark>
        <name>豊四季台団地９９号棟前</name>
        <description><![CDATA[﻿市区町村コード: 122173<br>都道府県: 千葉県<br>市町村名: 柏市<br>投票区コード: 18<br>投票区名: 第１８投票区<br>掲示場住所: 豊四季台四丁目１番９９号棟<br>経度: 139.9553994<br>緯度: 35.86372861]]></description>
        <styleUrl>#icon-1899-0288D1</styleUrl>
        <ExtendedData>
          <Data name="﻿市区町村コード">
            <value>122173.0</value>
          </Data>
          <Data name="都道府県">
            <value>千葉県</value>
          </Data>
          <Data name="市町村名">
            <value>柏市</value>
          </Data>
          <Data name="投票区コード">
            <value>18.0</value>
          </Data>
          <Data name="投票区名">
            <value>第１８投票区</value>
          </Data>
          <Data name="掲示場住所">
            <value>豊四季台四丁目１番９９号棟</value>
          </Data>
          <Data name="経度">
            <value>139.9553994</value>
          </Data>
          <Data name="緯度">
            <value>35.86372861</value>
          </Data>
        </ExtendedData>
        <Point>
          <coordinates>
            139.9553994,35.86372861,0
          </coordinates>
        </Point>
      </Placemark>
      <Placemark>
        <name>リフレッシュプラザ柏西側</name>
        <description><![CDATA[﻿市区町村コード: 122173<br>都道府県: 千葉県<br>市町村名: 柏市<br>投票区コード: 19<br>投票区名: 第１９投票区<br>掲示場住所: 南増尾６２番<br>経度: 139.9724331<br>緯度: 35.81724778]]></description>
        <styleUrl>#icon-1899-0288D1</styleUrl>
        <ExtendedData>
          <Data name="﻿市区町村コード">
            <value>122173.0</value>
          </Data>
          <Data name="都道府県">
            <value>千葉県</value>
          </Data>
          <Data name="市町村名">
            <value>柏市</value>
          </Data>
          <Data name="投票区コード">
            <value>19.0</value>
          </Data>
          <Data name="投票区名">
            <value>第１９投票区</value>
          </Data>
          <Data name="掲示場住所">
            <value>南増尾６２番</value>
          </Data>
          <Data name="経度">
            <value>139.9724331</value>
          </Data>
          <Data name="緯度">
            <value>35.81724778</value>
          </Data>
        </ExtendedData>
        <Point>
          <coordinates>
            139.9724331,35.81724778,0
          </coordinates>
        </Point>
      </Placemark>
      <Placemark>
        <name>柏市立逆井小学校正門横</name>
        <description><![CDATA[﻿市区町村コード: 122173<br>都道府県: 千葉県<br>市町村名: 柏市<br>投票区コード: 19<br>投票区名: 第１９投票区<br>掲示場住所: 逆井４５２番地の２<br>経度: 139.9812725<br>緯度: 35.81163028]]></description>
        <styleUrl>#icon-1899-0288D1</styleUrl>
        <ExtendedData>
          <Data name="﻿市区町村コード">
            <value>122173.0</value>
          </Data>
          <Data name="都道府県">
            <value>千葉県</value>
          </Data>
          <Data name="市町村名">
            <value>柏市</value>
          </Data>
          <Data name="投票区コード">
            <value>19.0</value>
          </Data>
          <Data name="投票区名">
            <value>第１９投票区</value>
          </Data>
          <Data name="掲示場住所">
            <value>逆井４５２番地の２</value>
          </Data>
          <Data name="経度">
            <value>139.9812725</value>
          </Data>
          <Data name="緯度">
            <value>35.81163028</value>
          </Data>
        </ExtendedData>
        <Point>
          <coordinates>
            139.9812725,35.81163028,0
          </coordinates>
        </Point>
      </Placemark>
      <Placemark>
        <name>南増尾第八公園</name>
        <description><![CDATA[﻿市区町村コード: 122173<br>都道府県: 千葉県<br>市町村名: 柏市<br>投票区コード: 19<br>投票区名: 第１９投票区<br>掲示場住所: 南増尾三丁目４番<br>経度: 139.9704225<br>緯度: 35.81495111]]></description>
        <styleUrl>#icon-1899-0288D1</styleUrl>
        <ExtendedData>
          <Data name="﻿市区町村コード">
            <value>122173.0</value>
          </Data>
          <Data name="都道府県">
            <value>千葉県</value>
          </Data>
          <Data name="市町村名">
            <value>柏市</value>
          </Data>
          <Data name="投票区コード">
            <value>19.0</value>
          </Data>
          <Data name="投票区名">
            <value>第１９投票区</value>
          </Data>
          <Data name="掲示場住所">
            <value>南増尾三丁目４番</value>
          </Data>
          <Data name="経度">
            <value>139.9704225</value>
          </Data>
          <Data name="緯度">
            <value>35.81495111</value>
          </Data>
        </ExtendedData>
        <Point>
          <coordinates>
            139.9704225,35.81495111,0
          </coordinates>
        </Point>
      </Placemark>
      <Placemark>
        <name>小新山第一公園</name>
        <description><![CDATA[﻿市区町村コード: 122173<br>都道府県: 千葉県<br>市町村名: 柏市<br>投票区コード: 19<br>投票区名: 第１９投票区<br>掲示場住所: 新逆井一丁目２４番<br>経度: 139.9709472<br>緯度: 35.81048056]]></description>
        <styleUrl>#icon-1899-0288D1</styleUrl>
        <ExtendedData>
          <Data name="﻿市区町村コード">
            <value>122173.0</value>
          </Data>
          <Data name="都道府県">
            <value>千葉県</value>
          </Data>
          <Data name="市町村名">
            <value>柏市</value>
          </Data>
          <Data name="投票区コード">
            <value>19.0</value>
          </Data>
          <Data name="投票区名">
            <value>第１９投票区</value>
          </Data>
          <Data name="掲示場住所">
            <value>新逆井一丁目２４番</value>
          </Data>
          <Data name="経度">
            <value>139.9709472</value>
          </Data>
          <Data name="緯度">
            <value>35.81048056</value>
          </Data>
        </ExtendedData>
        <Point>
          <coordinates>
            139.9709472,35.81048056,0
          </coordinates>
        </Point>
      </Placemark>
      <Placemark>
        <name>逆井南公園</name>
        <description><![CDATA[﻿市区町村コード: 122173<br>都道府県: 千葉県<br>市町村名: 柏市<br>投票区コード: 19<br>投票区名: 第１９投票区<br>掲示場住所: 新逆井一丁目６番<br>経度: 139.9714147<br>緯度: 35.81332389]]></description>
        <styleUrl>#icon-1899-0288D1</styleUrl>
        <ExtendedData>
          <Data name="﻿市区町村コード">
            <value>122173.0</value>
          </Data>
          <Data name="都道府県">
            <value>千葉県</value>
          </Data>
          <Data name="市町村名">
            <value>柏市</value>
          </Data>
          <Data name="投票区コード">
            <value>19.0</value>
          </Data>
          <Data name="投票区名">
            <value>第１９投票区</value>
          </Data>
          <Data name="掲示場住所">
            <value>新逆井一丁目６番</value>
          </Data>
          <Data name="経度">
            <value>139.9714147</value>
          </Data>
          <Data name="緯度">
            <value>35.81332389</value>
          </Data>
        </ExtendedData>
        <Point>
          <coordinates>
            139.9714147,35.81332389,0
          </coordinates>
        </Point>
      </Placemark>
      <Placemark>
        <name>南部公園</name>
        <description><![CDATA[﻿市区町村コード: 122173<br>都道府県: 千葉県<br>市町村名: 柏市<br>投票区コード: 19<br>投票区名: 第１９投票区<br>掲示場住所: 新逆井二丁目５番<br>経度: 139.9729636<br>緯度: 35.80945806]]></description>
        <styleUrl>#icon-1899-0288D1</styleUrl>
        <ExtendedData>
          <Data name="﻿市区町村コード">
            <value>122173.0</value>
          </Data>
          <Data name="都道府県">
            <value>千葉県</value>
          </Data>
          <Data name="市町村名">
            <value>柏市</value>
          </Data>
          <Data name="投票区コード">
            <value>19.0</value>
          </Data>
          <Data name="投票区名">
            <value>第１９投票区</value>
          </Data>
          <Data name="掲示場住所">
            <value>新逆井二丁目５番</value>
          </Data>
          <Data name="経度">
            <value>139.9729636</value>
          </Data>
          <Data name="緯度">
            <value>35.80945806</value>
          </Data>
        </ExtendedData>
        <Point>
          <coordinates>
            139.9729636,35.80945806,0
          </coordinates>
        </Point>
      </Placemark>
      <Placemark>
        <name>柏市立土南部小学校正門横</name>
        <description><![CDATA[﻿市区町村コード: 122173<br>都道府県: 千葉県<br>市町村名: 柏市<br>投票区コード: 19<br>投票区名: 第１９投票区<br>掲示場住所: 新逆井一丁目１０番１号<br>経度: 139.9753406<br>緯度: 35.81199083]]></description>
        <styleUrl>#icon-1899-0288D1</styleUrl>
        <ExtendedData>
          <Data name="﻿市区町村コード">
            <value>122173.0</value>
          </Data>
          <Data name="都道府県">
            <value>千葉県</value>
          </Data>
          <Data name="市町村名">
            <value>柏市</value>
          </Data>
          <Data name="投票区コード">
            <value>19.0</value>
          </Data>
          <Data name="投票区名">
            <value>第１９投票区</value>
          </Data>
          <Data name="掲示場住所">
            <value>新逆井一丁目１０番１号</value>
          </Data>
          <Data name="経度">
            <value>139.9753406</value>
          </Data>
          <Data name="緯度">
            <value>35.81199083</value>
          </Data>
        </ExtendedData>
        <Point>
          <coordinates>
            139.9753406,35.81199083,0
          </coordinates>
        </Point>
      </Placemark>
      <Placemark>
        <name>南増尾小鳥の森緑地</name>
        <description><![CDATA[﻿市区町村コード: 122173<br>都道府県: 千葉県<br>市町村名: 柏市<br>投票区コード: 19<br>投票区名: 第１９投票区<br>掲示場住所: 南増尾三丁目４０番<br>経度: 139.9684967<br>緯度: 35.81356444]]></description>
        <styleUrl>#icon-1899-0288D1</styleUrl>
        <ExtendedData>
          <Data name="﻿市区町村コード">
            <value>122173.0</value>
          </Data>
          <Data name="都道府県">
            <value>千葉県</value>
          </Data>
          <Data name="市町村名">
            <value>柏市</value>
          </Data>
          <Data name="投票区コード">
            <value>19.0</value>
          </Data>
          <Data name="投票区名">
            <value>第１９投票区</value>
          </Data>
          <Data name="掲示場住所">
            <value>南増尾三丁目４０番</value>
          </Data>
          <Data name="経度">
            <value>139.9684967</value>
          </Data>
          <Data name="緯度">
            <value>35.81356444</value>
          </Data>
        </ExtendedData>
        <Point>
          <coordinates>
            139.9684967,35.81356444,0
          </coordinates>
        </Point>
      </Placemark>
      <Placemark>
        <name>西原第四公園</name>
        <description><![CDATA[﻿市区町村コード: 122173<br>都道府県: 千葉県<br>市町村名: 柏市<br>投票区コード: 20<br>投票区名: 第２０投票区<br>掲示場住所: 西原五丁目１７番<br>経度: 139.9221172<br>緯度: 35.8910475]]></description>
        <styleUrl>#icon-1899-0288D1</styleUrl>
        <ExtendedData>
          <Data name="﻿市区町村コード">
            <value>122173.0</value>
          </Data>
          <Data name="都道府県">
            <value>千葉県</value>
          </Data>
          <Data name="市町村名">
            <value>柏市</value>
          </Data>
          <Data name="投票区コード">
            <value>20.0</value>
          </Data>
          <Data name="投票区名">
            <value>第２０投票区</value>
          </Data>
          <Data name="掲示場住所">
            <value>西原五丁目１７番</value>
          </Data>
          <Data name="経度">
            <value>139.9221172</value>
          </Data>
          <Data name="緯度">
            <value>35.8910475</value>
          </Data>
        </ExtendedData>
        <Point>
          <coordinates>
            139.9221172,35.8910475,0
          </coordinates>
        </Point>
      </Placemark>
      <Placemark>
        <name>第１２パールメゾン木村</name>
        <description><![CDATA[﻿市区町村コード: 122173<br>都道府県: 千葉県<br>市町村名: 柏市<br>投票区コード: 20<br>投票区名: 第２０投票区<br>掲示場住所: 西原五丁目２番４０号<br>経度: 139.9204511<br>緯度: 35.89391333]]></description>
        <styleUrl>#icon-1899-0288D1</styleUrl>
        <ExtendedData>
          <Data name="﻿市区町村コード">
            <value>122173.0</value>
          </Data>
          <Data name="都道府県">
            <value>千葉県</value>
          </Data>
          <Data name="市町村名">
            <value>柏市</value>
          </Data>
          <Data name="投票区コード">
            <value>20.0</value>
          </Data>
          <Data name="投票区名">
            <value>第２０投票区</value>
          </Data>
          <Data name="掲示場住所">
            <value>西原五丁目２番４０号</value>
          </Data>
          <Data name="経度">
            <value>139.9204511</value>
          </Data>
          <Data name="緯度">
            <value>35.89391333</value>
          </Data>
        </ExtendedData>
        <Point>
          <coordinates>
            139.9204511,35.89391333,0
          </coordinates>
        </Point>
      </Placemark>
      <Placemark>
        <name>柏市立西原小学校正門横</name>
        <description><![CDATA[﻿市区町村コード: 122173<br>都道府県: 千葉県<br>市町村名: 柏市<br>投票区コード: 20<br>投票区名: 第２０投票区<br>掲示場住所: 西原四丁目１７番１号<br>経度: 139.9245958<br>緯度: 35.89321361]]></description>
        <styleUrl>#icon-1899-0288D1</styleUrl>
        <ExtendedData>
          <Data name="﻿市区町村コード">
            <value>122173.0</value>
          </Data>
          <Data name="都道府県">
            <value>千葉県</value>
          </Data>
          <Data name="市町村名">
            <value>柏市</value>
          </Data>
          <Data name="投票区コード">
            <value>20.0</value>
          </Data>
          <Data name="投票区名">
            <value>第２０投票区</value>
          </Data>
          <Data name="掲示場住所">
            <value>西原四丁目１７番１号</value>
          </Data>
          <Data name="経度">
            <value>139.9245958</value>
          </Data>
          <Data name="緯度">
            <value>35.89321361</value>
          </Data>
        </ExtendedData>
        <Point>
          <coordinates>
            139.9245958,35.89321361,0
          </coordinates>
        </Point>
      </Placemark>
      <Placemark>
        <name>西十余二高齢者スポーツ場</name>
        <description><![CDATA[﻿市区町村コード: 122173<br>都道府県: 千葉県<br>市町村名: 柏市<br>投票区コード: 20<br>投票区名: 第２０投票区<br>掲示場住所: 西原五丁目３番<br>経度: 139.9191492<br>緯度: 35.893845]]></description>
        <styleUrl>#icon-1899-0288D1</styleUrl>
        <ExtendedData>
          <Data name="﻿市区町村コード">
            <value>122173.0</value>
          </Data>
          <Data name="都道府県">
            <value>千葉県</value>
          </Data>
          <Data name="市町村名">
            <value>柏市</value>
          </Data>
          <Data name="投票区コード">
            <value>20.0</value>
          </Data>
          <Data name="投票区名">
            <value>第２０投票区</value>
          </Data>
          <Data name="掲示場住所">
            <value>西原五丁目３番</value>
          </Data>
          <Data name="経度">
            <value>139.9191492</value>
          </Data>
          <Data name="緯度">
            <value>35.893845</value>
          </Data>
        </ExtendedData>
        <Point>
          <coordinates>
            139.9191492,35.893845,0
          </coordinates>
        </Point>
      </Placemark>
      <Placemark>
        <name>西原第三公園</name>
        <description><![CDATA[﻿市区町村コード: 122173<br>都道府県: 千葉県<br>市町村名: 柏市<br>投票区コード: 20<br>投票区名: 第２０投票区<br>掲示場住所: 西原五丁目４番<br>経度: 139.9191478<br>緯度: 35.8929825]]></description>
        <styleUrl>#icon-1899-0288D1</styleUrl>
        <ExtendedData>
          <Data name="﻿市区町村コード">
            <value>122173.0</value>
          </Data>
          <Data name="都道府県">
            <value>千葉県</value>
          </Data>
          <Data name="市町村名">
            <value>柏市</value>
          </Data>
          <Data name="投票区コード">
            <value>20.0</value>
          </Data>
          <Data name="投票区名">
            <value>第２０投票区</value>
          </Data>
          <Data name="掲示場住所">
            <value>西原五丁目４番</value>
          </Data>
          <Data name="経度">
            <value>139.9191478</value>
          </Data>
          <Data name="緯度">
            <value>35.8929825</value>
          </Data>
        </ExtendedData>
        <Point>
          <coordinates>
            139.9191478,35.8929825,0
          </coordinates>
        </Point>
      </Placemark>
      <Placemark>
        <name>西原第一公園</name>
        <description><![CDATA[﻿市区町村コード: 122173<br>都道府県: 千葉県<br>市町村名: 柏市<br>投票区コード: 20<br>投票区名: 第２０投票区<br>掲示場住所: 西原五丁目８番<br>経度: 139.9194372<br>緯度: 35.89231167]]></description>
        <styleUrl>#icon-1899-0288D1</styleUrl>
        <ExtendedData>
          <Data name="﻿市区町村コード">
            <value>122173.0</value>
          </Data>
          <Data name="都道府県">
            <value>千葉県</value>
          </Data>
          <Data name="市町村名">
            <value>柏市</value>
          </Data>
          <Data name="投票区コード">
            <value>20.0</value>
          </Data>
          <Data name="投票区名">
            <value>第２０投票区</value>
          </Data>
          <Data name="掲示場住所">
            <value>西原五丁目８番</value>
          </Data>
          <Data name="経度">
            <value>139.9194372</value>
          </Data>
          <Data name="緯度">
            <value>35.89231167</value>
          </Data>
        </ExtendedData>
        <Point>
          <coordinates>
            139.9194372,35.89231167,0
          </coordinates>
        </Point>
      </Placemark>
      <Placemark>
        <name>西十余二第一公園</name>
        <description><![CDATA[﻿市区町村コード: 122173<br>都道府県: 千葉県<br>市町村名: 柏市<br>投票区コード: 20<br>投票区名: 第２０投票区<br>掲示場住所: 西原三丁目５７６－２４３<br>経度: 139.9203528<br>緯度: 35.89534472]]></description>
        <styleUrl>#icon-1899-0288D1</styleUrl>
        <ExtendedData>
          <Data name="﻿市区町村コード">
            <value>122173.0</value>
          </Data>
          <Data name="都道府県">
            <value>千葉県</value>
          </Data>
          <Data name="市町村名">
            <value>柏市</value>
          </Data>
          <Data name="投票区コード">
            <value>20.0</value>
          </Data>
          <Data name="投票区名">
            <value>第２０投票区</value>
          </Data>
          <Data name="掲示場住所">
            <value>西原三丁目５７６－２４３</value>
          </Data>
          <Data name="経度">
            <value>139.9203528</value>
          </Data>
          <Data name="緯度">
            <value>35.89534472</value>
          </Data>
        </ExtendedData>
        <Point>
          <coordinates>
            139.9203528,35.89534472,0
          </coordinates>
        </Point>
      </Placemark>
      <Placemark>
        <name>NTT柏第３社宅１号棟前</name>
        <description><![CDATA[﻿市区町村コード: 122173<br>都道府県: 千葉県<br>市町村名: 柏市<br>投票区コード: 21<br>投票区名: 第２１投票区<br>掲示場住所: 千代田三丁目６番<br>経度: 139.9777753<br>緯度: 35.852995]]></description>
        <styleUrl>#icon-1899-0288D1</styleUrl>
        <ExtendedData>
          <Data name="﻿市区町村コード">
            <value>122173.0</value>
          </Data>
          <Data name="都道府県">
            <value>千葉県</value>
          </Data>
          <Data name="市町村名">
            <value>柏市</value>
          </Data>
          <Data name="投票区コード">
            <value>21.0</value>
          </Data>
          <Data name="投票区名">
            <value>第２１投票区</value>
          </Data>
          <Data name="掲示場住所">
            <value>千代田三丁目６番</value>
          </Data>
          <Data name="経度">
            <value>139.9777753</value>
          </Data>
          <Data name="緯度">
            <value>35.852995</value>
          </Data>
        </ExtendedData>
        <Point>
          <coordinates>
            139.9777753,35.852995,0
          </coordinates>
        </Point>
      </Placemark>
      <Placemark>
        <name>千代田町公園東側</name>
        <description><![CDATA[﻿市区町村コード: 122173<br>都道府県: 千葉県<br>市町村名: 柏市<br>投票区コード: 21<br>投票区名: 第２１投票区<br>掲示場住所: 千代田二丁目８番<br>経度: 139.9764356<br>緯度: 35.85389972]]></description>
        <styleUrl>#icon-1899-0288D1</styleUrl>
        <ExtendedData>
          <Data name="﻿市区町村コード">
            <value>122173.0</value>
          </Data>
          <Data name="都道府県">
            <value>千葉県</value>
          </Data>
          <Data name="市町村名">
            <value>柏市</value>
          </Data>
          <Data name="投票区コード">
            <value>21.0</value>
          </Data>
          <Data name="投票区名">
            <value>第２１投票区</value>
          </Data>
          <Data name="掲示場住所">
            <value>千代田二丁目８番</value>
          </Data>
          <Data name="経度">
            <value>139.9764356</value>
          </Data>
          <Data name="緯度">
            <value>35.85389972</value>
          </Data>
        </ExtendedData>
        <Point>
          <coordinates>
            139.9764356,35.85389972,0
          </coordinates>
        </Point>
      </Placemark>
      <Placemark>
        <name>千代田町公園西側</name>
        <description><![CDATA[﻿市区町村コード: 122173<br>都道府県: 千葉県<br>市町村名: 柏市<br>投票区コード: 21<br>投票区名: 第２１投票区<br>掲示場住所: 千代田二丁目８番<br>経度: 139.9759578<br>緯度: 35.8532925]]></description>
        <styleUrl>#icon-1899-0288D1</styleUrl>
        <ExtendedData>
          <Data name="﻿市区町村コード">
            <value>122173.0</value>
          </Data>
          <Data name="都道府県">
            <value>千葉県</value>
          </Data>
          <Data name="市町村名">
            <value>柏市</value>
          </Data>
          <Data name="投票区コード">
            <value>21.0</value>
          </Data>
          <Data name="投票区名">
            <value>第２１投票区</value>
          </Data>
          <Data name="掲示場住所">
            <value>千代田二丁目８番</value>
          </Data>
          <Data name="経度">
            <value>139.9759578</value>
          </Data>
          <Data name="緯度">
            <value>35.8532925</value>
          </Data>
        </ExtendedData>
        <Point>
          <coordinates>
            139.9759578,35.8532925,0
          </coordinates>
        </Point>
      </Placemark>
      <Placemark>
        <name>千代田ふるさとセンター</name>
        <description><![CDATA[﻿市区町村コード: 122173<br>都道府県: 千葉県<br>市町村名: 柏市<br>投票区コード: 21<br>投票区名: 第２１投票区<br>掲示場住所: 千代田二丁目７番２１号<br>経度: 139.9770978<br>緯度: 35.85481056]]></description>
        <styleUrl>#icon-1899-0288D1</styleUrl>
        <ExtendedData>
          <Data name="﻿市区町村コード">
            <value>122173.0</value>
          </Data>
          <Data name="都道府県">
            <value>千葉県</value>
          </Data>
          <Data name="市町村名">
            <value>柏市</value>
          </Data>
          <Data name="投票区コード">
            <value>21.0</value>
          </Data>
          <Data name="投票区名">
            <value>第２１投票区</value>
          </Data>
          <Data name="掲示場住所">
            <value>千代田二丁目７番２１号</value>
          </Data>
          <Data name="経度">
            <value>139.9770978</value>
          </Data>
          <Data name="緯度">
            <value>35.85481056</value>
          </Data>
        </ExtendedData>
        <Point>
          <coordinates>
            139.9770978,35.85481056,0
          </coordinates>
        </Point>
      </Placemark>
      <Placemark>
        <name>あかね第二公園</name>
        <description><![CDATA[﻿市区町村コード: 122173<br>都道府県: 千葉県<br>市町村名: 柏市<br>投票区コード: 21<br>投票区名: 第２１投票区<br>掲示場住所: あかね町８番<br>経度: 139.9775256<br>緯度: 35.85197278]]></description>
        <styleUrl>#icon-1899-0288D1</styleUrl>
        <ExtendedData>
          <Data name="﻿市区町村コード">
            <value>122173.0</value>
          </Data>
          <Data name="都道府県">
            <value>千葉県</value>
          </Data>
          <Data name="市町村名">
            <value>柏市</value>
          </Data>
          <Data name="投票区コード">
            <value>21.0</value>
          </Data>
          <Data name="投票区名">
            <value>第２１投票区</value>
          </Data>
          <Data name="掲示場住所">
            <value>あかね町８番</value>
          </Data>
          <Data name="経度">
            <value>139.9775256</value>
          </Data>
          <Data name="緯度">
            <value>35.85197278</value>
          </Data>
        </ExtendedData>
        <Point>
          <coordinates>
            139.9775256,35.85197278,0
          </coordinates>
        </Point>
      </Placemark>
      <Placemark>
        <name>あかね第三公園</name>
        <description><![CDATA[﻿市区町村コード: 122173<br>都道府県: 千葉県<br>市町村名: 柏市<br>投票区コード: 21<br>投票区名: 第２１投票区<br>掲示場住所: あかね町２番<br>経度: 139.9805306<br>緯度: 35.85192167]]></description>
        <styleUrl>#icon-1899-0288D1</styleUrl>
        <ExtendedData>
          <Data name="﻿市区町村コード">
            <value>122173.0</value>
          </Data>
          <Data name="都道府県">
            <value>千葉県</value>
          </Data>
          <Data name="市町村名">
            <value>柏市</value>
          </Data>
          <Data name="投票区コード">
            <value>21.0</value>
          </Data>
          <Data name="投票区名">
            <value>第２１投票区</value>
          </Data>
          <Data name="掲示場住所">
            <value>あかね町２番</value>
          </Data>
          <Data name="経度">
            <value>139.9805306</value>
          </Data>
          <Data name="緯度">
            <value>35.85192167</value>
          </Data>
        </ExtendedData>
        <Point>
          <coordinates>
            139.9805306,35.85192167,0
          </coordinates>
        </Point>
      </Placemark>
      <Placemark>
        <name>あかね第一公園</name>
        <description><![CDATA[﻿市区町村コード: 122173<br>都道府県: 千葉県<br>市町村名: 柏市<br>投票区コード: 21<br>投票区名: 第２１投票区<br>掲示場住所: あかね町１５番<br>経度: 139.9769511<br>緯度: 35.85002861]]></description>
        <styleUrl>#icon-1899-0288D1</styleUrl>
        <ExtendedData>
          <Data name="﻿市区町村コード">
            <value>122173.0</value>
          </Data>
          <Data name="都道府県">
            <value>千葉県</value>
          </Data>
          <Data name="市町村名">
            <value>柏市</value>
          </Data>
          <Data name="投票区コード">
            <value>21.0</value>
          </Data>
          <Data name="投票区名">
            <value>第２１投票区</value>
          </Data>
          <Data name="掲示場住所">
            <value>あかね町１５番</value>
          </Data>
          <Data name="経度">
            <value>139.9769511</value>
          </Data>
          <Data name="緯度">
            <value>35.85002861</value>
          </Data>
        </ExtendedData>
        <Point>
          <coordinates>
            139.9769511,35.85002861,0
          </coordinates>
        </Point>
      </Placemark>
      <Placemark>
        <name>小金原の野馬除土手跡前</name>
        <description><![CDATA[﻿市区町村コード: 122173<br>都道府県: 千葉県<br>市町村名: 柏市<br>投票区コード: 21<br>投票区名: 第２１投票区<br>掲示場住所: あかね町１１番<br>経度: 139.9736436<br>緯度: 35.85100722]]></description>
        <styleUrl>#icon-1899-0288D1</styleUrl>
        <ExtendedData>
          <Data name="﻿市区町村コード">
            <value>122173.0</value>
          </Data>
          <Data name="都道府県">
            <value>千葉県</value>
          </Data>
          <Data name="市町村名">
            <value>柏市</value>
          </Data>
          <Data name="投票区コード">
            <value>21.0</value>
          </Data>
          <Data name="投票区名">
            <value>第２１投票区</value>
          </Data>
          <Data name="掲示場住所">
            <value>あかね町１１番</value>
          </Data>
          <Data name="経度">
            <value>139.9736436</value>
          </Data>
          <Data name="緯度">
            <value>35.85100722</value>
          </Data>
        </ExtendedData>
        <Point>
          <coordinates>
            139.9736436,35.85100722,0
          </coordinates>
        </Point>
      </Placemark>
      <Placemark>
        <name>柏市立柏第三小学校プール側</name>
        <description><![CDATA[﻿市区町村コード: 122173<br>都道府県: 千葉県<br>市町村名: 柏市<br>投票区コード: 21<br>投票区名: 第２１投票区<br>掲示場住所: 柏市若葉町４番５４号<br>経度: 139.9735644<br>緯度: 35.8534225]]></description>
        <styleUrl>#icon-1899-0288D1</styleUrl>
        <ExtendedData>
          <Data name="﻿市区町村コード">
            <value>122173.0</value>
          </Data>
          <Data name="都道府県">
            <value>千葉県</value>
          </Data>
          <Data name="市町村名">
            <value>柏市</value>
          </Data>
          <Data name="投票区コード">
            <value>21.0</value>
          </Data>
          <Data name="投票区名">
            <value>第２１投票区</value>
          </Data>
          <Data name="掲示場住所">
            <value>柏市若葉町４番５４号</value>
          </Data>
          <Data name="経度">
            <value>139.9735644</value>
          </Data>
          <Data name="緯度">
            <value>35.8534225</value>
          </Data>
        </ExtendedData>
        <Point>
          <coordinates>
            139.9735644,35.8534225,0
          </coordinates>
        </Point>
      </Placemark>
      <Placemark>
        <name>柏市立酒井根中学校前</name>
        <description><![CDATA[﻿市区町村コード: 122173<br>都道府県: 千葉県<br>市町村名: 柏市<br>投票区コード: 22<br>投票区名: 第２２投票区<br>掲示場住所: 酒井根一丁目３番１号<br>経度: 139.9664825<br>緯度: 35.82405917]]></description>
        <styleUrl>#icon-1899-0288D1</styleUrl>
        <ExtendedData>
          <Data name="﻿市区町村コード">
            <value>122173.0</value>
          </Data>
          <Data name="都道府県">
            <value>千葉県</value>
          </Data>
          <Data name="市町村名">
            <value>柏市</value>
          </Data>
          <Data name="投票区コード">
            <value>22.0</value>
          </Data>
          <Data name="投票区名">
            <value>第２２投票区</value>
          </Data>
          <Data name="掲示場住所">
            <value>酒井根一丁目３番１号</value>
          </Data>
          <Data name="経度">
            <value>139.9664825</value>
          </Data>
          <Data name="緯度">
            <value>35.82405917</value>
          </Data>
        </ExtendedData>
        <Point>
          <coordinates>
            139.9664825,35.82405917,0
          </coordinates>
        </Point>
      </Placemark>
      <Placemark>
        <name>柏市立酒井根東小学校正門横</name>
        <description><![CDATA[﻿市区町村コード: 122173<br>都道府県: 千葉県<br>市町村名: 柏市<br>投票区コード: 22<br>投票区名: 第２２投票区<br>掲示場住所: 酒井根一丁目２番１号<br>経度: 139.9637358<br>緯度: 35.82575333]]></description>
        <styleUrl>#icon-1899-0288D1</styleUrl>
        <ExtendedData>
          <Data name="﻿市区町村コード">
            <value>122173.0</value>
          </Data>
          <Data name="都道府県">
            <value>千葉県</value>
          </Data>
          <Data name="市町村名">
            <value>柏市</value>
          </Data>
          <Data name="投票区コード">
            <value>22.0</value>
          </Data>
          <Data name="投票区名">
            <value>第２２投票区</value>
          </Data>
          <Data name="掲示場住所">
            <value>酒井根一丁目２番１号</value>
          </Data>
          <Data name="経度">
            <value>139.9637358</value>
          </Data>
          <Data name="緯度">
            <value>35.82575333</value>
          </Data>
        </ExtendedData>
        <Point>
          <coordinates>
            139.9637358,35.82575333,0
          </coordinates>
        </Point>
      </Placemark>
      <Placemark>
        <name>八坂大神横の畑</name>
        <description><![CDATA[﻿市区町村コード: 122173<br>都道府県: 千葉県<br>市町村名: 柏市<br>投票区コード: 22<br>投票区名: 第２２投票区<br>掲示場住所: 酒井根五丁目１１番<br>経度: 139.9596094<br>緯度: 35.82489139]]></description>
        <styleUrl>#icon-1899-0288D1</styleUrl>
        <ExtendedData>
          <Data name="﻿市区町村コード">
            <value>122173.0</value>
          </Data>
          <Data name="都道府県">
            <value>千葉県</value>
          </Data>
          <Data name="市町村名">
            <value>柏市</value>
          </Data>
          <Data name="投票区コード">
            <value>22.0</value>
          </Data>
          <Data name="投票区名">
            <value>第２２投票区</value>
          </Data>
          <Data name="掲示場住所">
            <value>酒井根五丁目１１番</value>
          </Data>
          <Data name="経度">
            <value>139.9596094</value>
          </Data>
          <Data name="緯度">
            <value>35.82489139</value>
          </Data>
        </ExtendedData>
        <Point>
          <coordinates>
            139.9596094,35.82489139,0
          </coordinates>
        </Point>
      </Placemark>
      <Placemark>
        <name>田町公園</name>
        <description><![CDATA[﻿市区町村コード: 122173<br>都道府県: 千葉県<br>市町村名: 柏市<br>投票区コード: 22<br>投票区名: 第２２投票区<br>掲示場住所: 南増尾１丁目２１<br>経度: 139.9694033<br>緯度: 35.81811917]]></description>
        <styleUrl>#icon-1899-0288D1</styleUrl>
        <ExtendedData>
          <Data name="﻿市区町村コード">
            <value>122173.0</value>
          </Data>
          <Data name="都道府県">
            <value>千葉県</value>
          </Data>
          <Data name="市町村名">
            <value>柏市</value>
          </Data>
          <Data name="投票区コード">
            <value>22.0</value>
          </Data>
          <Data name="投票区名">
            <value>第２２投票区</value>
          </Data>
          <Data name="掲示場住所">
            <value>南増尾１丁目２１</value>
          </Data>
          <Data name="経度">
            <value>139.9694033</value>
          </Data>
          <Data name="緯度">
            <value>35.81811917</value>
          </Data>
        </ExtendedData>
        <Point>
          <coordinates>
            139.9694033,35.81811917,0
          </coordinates>
        </Point>
      </Placemark>
      <Placemark>
        <name>柏市立酒井根小学校正門横</name>
        <description><![CDATA[﻿市区町村コード: 122173<br>都道府県: 千葉県<br>市町村名: 柏市<br>投票区コード: 22<br>投票区名: 第２２投票区<br>掲示場住所: 酒井根１９番地の２<br>経度: 139.9621625<br>緯度: 35.82064611]]></description>
        <styleUrl>#icon-1899-0288D1</styleUrl>
        <ExtendedData>
          <Data name="﻿市区町村コード">
            <value>122173.0</value>
          </Data>
          <Data name="都道府県">
            <value>千葉県</value>
          </Data>
          <Data name="市町村名">
            <value>柏市</value>
          </Data>
          <Data name="投票区コード">
            <value>22.0</value>
          </Data>
          <Data name="投票区名">
            <value>第２２投票区</value>
          </Data>
          <Data name="掲示場住所">
            <value>酒井根１９番地の２</value>
          </Data>
          <Data name="経度">
            <value>139.9621625</value>
          </Data>
          <Data name="緯度">
            <value>35.82064611</value>
          </Data>
        </ExtendedData>
        <Point>
          <coordinates>
            139.9621625,35.82064611,0
          </coordinates>
        </Point>
      </Placemark>
      <Placemark>
        <name>酒井根第三公園</name>
        <description><![CDATA[﻿市区町村コード: 122173<br>都道府県: 千葉県<br>市町村名: 柏市<br>投票区コード: 22<br>投票区名: 第２２投票区<br>掲示場住所: 酒井根三丁目８番<br>経度: 139.9654447<br>緯度: 35.81991917]]></description>
        <styleUrl>#icon-1899-0288D1</styleUrl>
        <ExtendedData>
          <Data name="﻿市区町村コード">
            <value>122173.0</value>
          </Data>
          <Data name="都道府県">
            <value>千葉県</value>
          </Data>
          <Data name="市町村名">
            <value>柏市</value>
          </Data>
          <Data name="投票区コード">
            <value>22.0</value>
          </Data>
          <Data name="投票区名">
            <value>第２２投票区</value>
          </Data>
          <Data name="掲示場住所">
            <value>酒井根三丁目８番</value>
          </Data>
          <Data name="経度">
            <value>139.9654447</value>
          </Data>
          <Data name="緯度">
            <value>35.81991917</value>
          </Data>
        </ExtendedData>
        <Point>
          <coordinates>
            139.9654447,35.81991917,0
          </coordinates>
        </Point>
      </Placemark>
      <Placemark>
        <name>酒井根第二公園</name>
        <description><![CDATA[﻿市区町村コード: 122173<br>都道府県: 千葉県<br>市町村名: 柏市<br>投票区コード: 22<br>投票区名: 第２２投票区<br>掲示場住所: 酒井根三丁目２８番<br>経度: 139.9652869<br>緯度: 35.81757278]]></description>
        <styleUrl>#icon-1899-0288D1</styleUrl>
        <ExtendedData>
          <Data name="﻿市区町村コード">
            <value>122173.0</value>
          </Data>
          <Data name="都道府県">
            <value>千葉県</value>
          </Data>
          <Data name="市町村名">
            <value>柏市</value>
          </Data>
          <Data name="投票区コード">
            <value>22.0</value>
          </Data>
          <Data name="投票区名">
            <value>第２２投票区</value>
          </Data>
          <Data name="掲示場住所">
            <value>酒井根三丁目２８番</value>
          </Data>
          <Data name="経度">
            <value>139.9652869</value>
          </Data>
          <Data name="緯度">
            <value>35.81757278</value>
          </Data>
        </ExtendedData>
        <Point>
          <coordinates>
            139.9652869,35.81757278,0
          </coordinates>
        </Point>
      </Placemark>
      <Placemark>
        <name>右大道第一公園</name>
        <description><![CDATA[﻿市区町村コード: 122173<br>都道府県: 千葉県<br>市町村名: 柏市<br>投票区コード: 22<br>投票区名: 第２２投票区<br>掲示場住所: 青葉台一丁目１２番<br>経度: 139.9626847<br>緯度: 35.81482583]]></description>
        <styleUrl>#icon-1899-0288D1</styleUrl>
        <ExtendedData>
          <Data name="﻿市区町村コード">
            <value>122173.0</value>
          </Data>
          <Data name="都道府県">
            <value>千葉県</value>
          </Data>
          <Data name="市町村名">
            <value>柏市</value>
          </Data>
          <Data name="投票区コード">
            <value>22.0</value>
          </Data>
          <Data name="投票区名">
            <value>第２２投票区</value>
          </Data>
          <Data name="掲示場住所">
            <value>青葉台一丁目１２番</value>
          </Data>
          <Data name="経度">
            <value>139.9626847</value>
          </Data>
          <Data name="緯度">
            <value>35.81482583</value>
          </Data>
        </ExtendedData>
        <Point>
          <coordinates>
            139.9626847,35.81482583,0
          </coordinates>
        </Point>
      </Placemark>
      <Placemark>
        <name>南増尾第二子供の遊び場</name>
        <description><![CDATA[﻿市区町村コード: 122173<br>都道府県: 千葉県<br>市町村名: 柏市<br>投票区コード: 22<br>投票区名: 第２２投票区<br>掲示場住所: 南増尾二丁目１５番<br>経度: 139.9667278<br>緯度: 35.81557861]]></description>
        <styleUrl>#icon-1899-0288D1</styleUrl>
        <ExtendedData>
          <Data name="﻿市区町村コード">
            <value>122173.0</value>
          </Data>
          <Data name="都道府県">
            <value>千葉県</value>
          </Data>
          <Data name="市町村名">
            <value>柏市</value>
          </Data>
          <Data name="投票区コード">
            <value>22.0</value>
          </Data>
          <Data name="投票区名">
            <value>第２２投票区</value>
          </Data>
          <Data name="掲示場住所">
            <value>南増尾二丁目１５番</value>
          </Data>
          <Data name="経度">
            <value>139.9667278</value>
          </Data>
          <Data name="緯度">
            <value>35.81557861</value>
          </Data>
        </ExtendedData>
        <Point>
          <coordinates>
            139.9667278,35.81557861,0
          </coordinates>
        </Point>
      </Placemark>
      <Placemark>
        <name>古塚第一公園</name>
        <description><![CDATA[﻿市区町村コード: 122173<br>都道府県: 千葉県<br>市町村名: 柏市<br>投票区コード: 22<br>投票区名: 第２２投票区<br>掲示場住所: 南増尾１丁目１１<br>経度: 139.9707994<br>緯度: 35.81995278]]></description>
        <styleUrl>#icon-1899-0288D1</styleUrl>
        <ExtendedData>
          <Data name="﻿市区町村コード">
            <value>122173.0</value>
          </Data>
          <Data name="都道府県">
            <value>千葉県</value>
          </Data>
          <Data name="市町村名">
            <value>柏市</value>
          </Data>
          <Data name="投票区コード">
            <value>22.0</value>
          </Data>
          <Data name="投票区名">
            <value>第２２投票区</value>
          </Data>
          <Data name="掲示場住所">
            <value>南増尾１丁目１１</value>
          </Data>
          <Data name="経度">
            <value>139.9707994</value>
          </Data>
          <Data name="緯度">
            <value>35.81995278</value>
          </Data>
        </ExtendedData>
        <Point>
          <coordinates>
            139.9707994,35.81995278,0
          </coordinates>
        </Point>
      </Placemark>
      <Placemark>
        <name>紳士服アオキ隣</name>
        <description><![CDATA[﻿市区町村コード: 122173<br>都道府県: 千葉県<br>市町村名: 柏市<br>投票区コード: 23<br>投票区名: 第２３投票区<br>掲示場住所: 豊町一丁目２番<br>経度: 139.9562636<br>緯度: 35.84808417]]></description>
        <styleUrl>#icon-1899-0288D1</styleUrl>
        <ExtendedData>
          <Data name="﻿市区町村コード">
            <value>122173.0</value>
          </Data>
          <Data name="都道府県">
            <value>千葉県</value>
          </Data>
          <Data name="市町村名">
            <value>柏市</value>
          </Data>
          <Data name="投票区コード">
            <value>23.0</value>
          </Data>
          <Data name="投票区名">
            <value>第２３投票区</value>
          </Data>
          <Data name="掲示場住所">
            <value>豊町一丁目２番</value>
          </Data>
          <Data name="経度">
            <value>139.9562636</value>
          </Data>
          <Data name="緯度">
            <value>35.84808417</value>
          </Data>
        </ExtendedData>
        <Point>
          <coordinates>
            139.9562636,35.84808417,0
          </coordinates>
        </Point>
      </Placemark>
      <Placemark>
        <name>鈴木宅前</name>
        <description><![CDATA[﻿市区町村コード: 122173<br>都道府県: 千葉県<br>市町村名: 柏市<br>投票区コード: 23<br>投票区名: 第２３投票区<br>掲示場住所: 豊四季９５０番地の１２<br>経度: 139.9598225<br>緯度: 35.84741722]]></description>
        <styleUrl>#icon-1899-0288D1</styleUrl>
        <ExtendedData>
          <Data name="﻿市区町村コード">
            <value>122173.0</value>
          </Data>
          <Data name="都道府県">
            <value>千葉県</value>
          </Data>
          <Data name="市町村名">
            <value>柏市</value>
          </Data>
          <Data name="投票区コード">
            <value>23.0</value>
          </Data>
          <Data name="投票区名">
            <value>第２３投票区</value>
          </Data>
          <Data name="掲示場住所">
            <value>豊四季９５０番地の１２</value>
          </Data>
          <Data name="経度">
            <value>139.9598225</value>
          </Data>
          <Data name="緯度">
            <value>35.84741722</value>
          </Data>
        </ExtendedData>
        <Point>
          <coordinates>
            139.9598225,35.84741722,0
          </coordinates>
        </Point>
      </Placemark>
      <Placemark>
        <name>ラーメンめん吉前</name>
        <description><![CDATA[﻿市区町村コード: 122173<br>都道府県: 千葉県<br>市町村名: 柏市<br>投票区コード: 23<br>投票区名: 第２３投票区<br>掲示場住所: 豊四季５５３番地１<br>経度: 139.9582958<br>緯度: 35.84562194]]></description>
        <styleUrl>#icon-1899-0288D1</styleUrl>
        <ExtendedData>
          <Data name="﻿市区町村コード">
            <value>122173.0</value>
          </Data>
          <Data name="都道府県">
            <value>千葉県</value>
          </Data>
          <Data name="市町村名">
            <value>柏市</value>
          </Data>
          <Data name="投票区コード">
            <value>23.0</value>
          </Data>
          <Data name="投票区名">
            <value>第２３投票区</value>
          </Data>
          <Data name="掲示場住所">
            <value>豊四季５５３番地１</value>
          </Data>
          <Data name="経度">
            <value>139.9582958</value>
          </Data>
          <Data name="緯度">
            <value>35.84562194</value>
          </Data>
        </ExtendedData>
        <Point>
          <coordinates>
            139.9582958,35.84562194,0
          </coordinates>
        </Point>
      </Placemark>
      <Placemark>
        <name>横銭宅横</name>
        <description><![CDATA[﻿市区町村コード: 122173<br>都道府県: 千葉県<br>市町村名: 柏市<br>投票区コード: 23<br>投票区名: 第２３投票区<br>掲示場住所: 豊四季６７８番地の６７<br>経度: 139.9651506<br>緯度: 35.84791306]]></description>
        <styleUrl>#icon-1899-0288D1</styleUrl>
        <ExtendedData>
          <Data name="﻿市区町村コード">
            <value>122173.0</value>
          </Data>
          <Data name="都道府県">
            <value>千葉県</value>
          </Data>
          <Data name="市町村名">
            <value>柏市</value>
          </Data>
          <Data name="投票区コード">
            <value>23.0</value>
          </Data>
          <Data name="投票区名">
            <value>第２３投票区</value>
          </Data>
          <Data name="掲示場住所">
            <value>豊四季６７８番地の６７</value>
          </Data>
          <Data name="経度">
            <value>139.9651506</value>
          </Data>
          <Data name="緯度">
            <value>35.84791306</value>
          </Data>
        </ExtendedData>
        <Point>
          <coordinates>
            139.9651506,35.84791306,0
          </coordinates>
        </Point>
      </Placemark>
      <Placemark>
        <name>大膳山大昭の森緑地</name>
        <description><![CDATA[﻿市区町村コード: 122173<br>都道府県: 千葉県<br>市町村名: 柏市<br>投票区コード: 23<br>投票区名: 第２３投票区<br>掲示場住所: 豊町一丁目２番<br>経度: 139.9582586<br>緯度: 35.84797611]]></description>
        <styleUrl>#icon-1899-0288D1</styleUrl>
        <ExtendedData>
          <Data name="﻿市区町村コード">
            <value>122173.0</value>
          </Data>
          <Data name="都道府県">
            <value>千葉県</value>
          </Data>
          <Data name="市町村名">
            <value>柏市</value>
          </Data>
          <Data name="投票区コード">
            <value>23.0</value>
          </Data>
          <Data name="投票区名">
            <value>第２３投票区</value>
          </Data>
          <Data name="掲示場住所">
            <value>豊町一丁目２番</value>
          </Data>
          <Data name="経度">
            <value>139.9582586</value>
          </Data>
          <Data name="緯度">
            <value>35.84797611</value>
          </Data>
        </ExtendedData>
        <Point>
          <coordinates>
            139.9582586,35.84797611,0
          </coordinates>
        </Point>
      </Placemark>
      <Placemark>
        <name>櫻井宅前</name>
        <description><![CDATA[﻿市区町村コード: 122173<br>都道府県: 千葉県<br>市町村名: 柏市<br>投票区コード: 23<br>投票区名: 第２３投票区<br>掲示場住所: 豊四季６１０番地の１３<br>経度: 139.9619194<br>緯度: 35.84496861]]></description>
        <styleUrl>#icon-1899-0288D1</styleUrl>
        <ExtendedData>
          <Data name="﻿市区町村コード">
            <value>122173.0</value>
          </Data>
          <Data name="都道府県">
            <value>千葉県</value>
          </Data>
          <Data name="市町村名">
            <value>柏市</value>
          </Data>
          <Data name="投票区コード">
            <value>23.0</value>
          </Data>
          <Data name="投票区名">
            <value>第２３投票区</value>
          </Data>
          <Data name="掲示場住所">
            <value>豊四季６１０番地の１３</value>
          </Data>
          <Data name="経度">
            <value>139.9619194</value>
          </Data>
          <Data name="緯度">
            <value>35.84496861</value>
          </Data>
        </ExtendedData>
        <Point>
          <coordinates>
            139.9619194,35.84496861,0
          </coordinates>
        </Point>
      </Placemark>
      <Placemark>
        <name>くりの木あそび山の山林の南側</name>
        <description><![CDATA[﻿市区町村コード: 122173<br>都道府県: 千葉県<br>市町村名: 柏市<br>投票区コード: 23<br>投票区名: 第２３投票区<br>掲示場住所: 豊四季５４４番地の１<br>経度: 139.9600656<br>緯度: 35.84398639]]></description>
        <styleUrl>#icon-1899-0288D1</styleUrl>
        <ExtendedData>
          <Data name="﻿市区町村コード">
            <value>122173.0</value>
          </Data>
          <Data name="都道府県">
            <value>千葉県</value>
          </Data>
          <Data name="市町村名">
            <value>柏市</value>
          </Data>
          <Data name="投票区コード">
            <value>23.0</value>
          </Data>
          <Data name="投票区名">
            <value>第２３投票区</value>
          </Data>
          <Data name="掲示場住所">
            <value>豊四季５４４番地の１</value>
          </Data>
          <Data name="経度">
            <value>139.9600656</value>
          </Data>
          <Data name="緯度">
            <value>35.84398639</value>
          </Data>
        </ExtendedData>
        <Point>
          <coordinates>
            139.9600656,35.84398639,0
          </coordinates>
        </Point>
      </Placemark>
      <Placemark>
        <name>柏市立豊町保育園</name>
        <description><![CDATA[﻿市区町村コード: 122173<br>都道府県: 千葉県<br>市町村名: 柏市<br>投票区コード: 23<br>投票区名: 第２３投票区<br>掲示場住所: 豊四季６９８番地の２８<br>経度: 139.9626736<br>緯度: 35.84683611]]></description>
        <styleUrl>#icon-1899-0288D1</styleUrl>
        <ExtendedData>
          <Data name="﻿市区町村コード">
            <value>122173.0</value>
          </Data>
          <Data name="都道府県">
            <value>千葉県</value>
          </Data>
          <Data name="市町村名">
            <value>柏市</value>
          </Data>
          <Data name="投票区コード">
            <value>23.0</value>
          </Data>
          <Data name="投票区名">
            <value>第２３投票区</value>
          </Data>
          <Data name="掲示場住所">
            <value>豊四季６９８番地の２８</value>
          </Data>
          <Data name="経度">
            <value>139.9626736</value>
          </Data>
          <Data name="緯度">
            <value>35.84683611</value>
          </Data>
        </ExtendedData>
        <Point>
          <coordinates>
            139.9626736,35.84683611,0
          </coordinates>
        </Point>
      </Placemark>
      <Placemark>
        <name>向原公園</name>
        <description><![CDATA[﻿市区町村コード: 122173<br>都道府県: 千葉県<br>市町村名: 柏市<br>投票区コード: 24<br>投票区名: 第２４投票区<br>掲示場住所: 向原町３番<br>経度: 139.9615333<br>緯度: 35.86356972]]></description>
        <styleUrl>#icon-1899-0288D1</styleUrl>
        <ExtendedData>
          <Data name="﻿市区町村コード">
            <value>122173.0</value>
          </Data>
          <Data name="都道府県">
            <value>千葉県</value>
          </Data>
          <Data name="市町村名">
            <value>柏市</value>
          </Data>
          <Data name="投票区コード">
            <value>24.0</value>
          </Data>
          <Data name="投票区名">
            <value>第２４投票区</value>
          </Data>
          <Data name="掲示場住所">
            <value>向原町３番</value>
          </Data>
          <Data name="経度">
            <value>139.9615333</value>
          </Data>
          <Data name="緯度">
            <value>35.86356972</value>
          </Data>
        </ExtendedData>
        <Point>
          <coordinates>
            139.9615333,35.86356972,0
          </coordinates>
        </Point>
      </Placemark>
      <Placemark>
        <name>柏西口第三公園</name>
        <description><![CDATA[﻿市区町村コード: 122173<br>都道府県: 千葉県<br>市町村名: 柏市<br>投票区コード: 24<br>投票区名: 第２４投票区<br>掲示場住所: 明原一丁目１０番<br>経度: 139.9653247<br>緯度: 35.86352333]]></description>
        <styleUrl>#icon-1899-0288D1</styleUrl>
        <ExtendedData>
          <Data name="﻿市区町村コード">
            <value>122173.0</value>
          </Data>
          <Data name="都道府県">
            <value>千葉県</value>
          </Data>
          <Data name="市町村名">
            <value>柏市</value>
          </Data>
          <Data name="投票区コード">
            <value>24.0</value>
          </Data>
          <Data name="投票区名">
            <value>第２４投票区</value>
          </Data>
          <Data name="掲示場住所">
            <value>明原一丁目１０番</value>
          </Data>
          <Data name="経度">
            <value>139.9653247</value>
          </Data>
          <Data name="緯度">
            <value>35.86352333</value>
          </Data>
        </ExtendedData>
        <Point>
          <coordinates>
            139.9653247,35.86352333,0
          </coordinates>
        </Point>
      </Placemark>
      <Placemark>
        <name>柏市立柏中学校テニスコート東側</name>
        <description><![CDATA[﻿市区町村コード: 122173<br>都道府県: 千葉県<br>市町村名: 柏市<br>投票区コード: 24<br>投票区名: 第２４投票区<br>掲示場住所: 明原四丁目１番１号<br>経度: 139.9652533<br>緯度: 35.8651075]]></description>
        <styleUrl>#icon-1899-0288D1</styleUrl>
        <ExtendedData>
          <Data name="﻿市区町村コード">
            <value>122173.0</value>
          </Data>
          <Data name="都道府県">
            <value>千葉県</value>
          </Data>
          <Data name="市町村名">
            <value>柏市</value>
          </Data>
          <Data name="投票区コード">
            <value>24.0</value>
          </Data>
          <Data name="投票区名">
            <value>第２４投票区</value>
          </Data>
          <Data name="掲示場住所">
            <value>明原四丁目１番１号</value>
          </Data>
          <Data name="経度">
            <value>139.9652533</value>
          </Data>
          <Data name="緯度">
            <value>35.8651075</value>
          </Data>
        </ExtendedData>
        <Point>
          <coordinates>
            139.9652533,35.8651075,0
          </coordinates>
        </Point>
      </Placemark>
      <Placemark>
        <name>柏市立柏中学校正門横</name>
        <description><![CDATA[﻿市区町村コード: 122173<br>都道府県: 千葉県<br>市町村名: 柏市<br>投票区コード: 24<br>投票区名: 第２４投票区<br>掲示場住所: 明原四丁目１番１号<br>経度: 139.9646372<br>緯度: 35.86543778]]></description>
        <styleUrl>#icon-1899-0288D1</styleUrl>
        <ExtendedData>
          <Data name="﻿市区町村コード">
            <value>122173.0</value>
          </Data>
          <Data name="都道府県">
            <value>千葉県</value>
          </Data>
          <Data name="市町村名">
            <value>柏市</value>
          </Data>
          <Data name="投票区コード">
            <value>24.0</value>
          </Data>
          <Data name="投票区名">
            <value>第２４投票区</value>
          </Data>
          <Data name="掲示場住所">
            <value>明原四丁目１番１号</value>
          </Data>
          <Data name="経度">
            <value>139.9646372</value>
          </Data>
          <Data name="緯度">
            <value>35.86543778</value>
          </Data>
        </ExtendedData>
        <Point>
          <coordinates>
            139.9646372,35.86543778,0
          </coordinates>
        </Point>
      </Placemark>
      <Placemark>
        <name>柏市空手道連盟大道館入口</name>
        <description><![CDATA[﻿市区町村コード: 122173<br>都道府県: 千葉県<br>市町村名: 柏市<br>投票区コード: 24<br>投票区名: 第２４投票区<br>掲示場住所: 明原二丁目９番<br>経度: 139.9658717<br>緯度: 35.868295]]></description>
        <styleUrl>#icon-1899-0288D1</styleUrl>
        <ExtendedData>
          <Data name="﻿市区町村コード">
            <value>122173.0</value>
          </Data>
          <Data name="都道府県">
            <value>千葉県</value>
          </Data>
          <Data name="市町村名">
            <value>柏市</value>
          </Data>
          <Data name="投票区コード">
            <value>24.0</value>
          </Data>
          <Data name="投票区名">
            <value>第２４投票区</value>
          </Data>
          <Data name="掲示場住所">
            <value>明原二丁目９番</value>
          </Data>
          <Data name="経度">
            <value>139.9658717</value>
          </Data>
          <Data name="緯度">
            <value>35.868295</value>
          </Data>
        </ExtendedData>
        <Point>
          <coordinates>
            139.9658717,35.868295,0
          </coordinates>
        </Point>
      </Placemark>
      <Placemark>
        <name>柏市立柏中学校西側</name>
        <description><![CDATA[﻿市区町村コード: 122173<br>都道府県: 千葉県<br>市町村名: 柏市<br>投票区コード: 24<br>投票区名: 第２４投票区<br>掲示場住所: 明原四丁目１番１号<br>経度: 139.9626047<br>緯度: 35.86479917]]></description>
        <styleUrl>#icon-1899-0288D1</styleUrl>
        <ExtendedData>
          <Data name="﻿市区町村コード">
            <value>122173.0</value>
          </Data>
          <Data name="都道府県">
            <value>千葉県</value>
          </Data>
          <Data name="市町村名">
            <value>柏市</value>
          </Data>
          <Data name="投票区コード">
            <value>24.0</value>
          </Data>
          <Data name="投票区名">
            <value>第２４投票区</value>
          </Data>
          <Data name="掲示場住所">
            <value>明原四丁目１番１号</value>
          </Data>
          <Data name="経度">
            <value>139.9626047</value>
          </Data>
          <Data name="緯度">
            <value>35.86479917</value>
          </Data>
        </ExtendedData>
        <Point>
          <coordinates>
            139.9626047,35.86479917,0
          </coordinates>
        </Point>
      </Placemark>
      <Placemark>
        <name>柏西口第一公園東側</name>
        <description><![CDATA[﻿市区町村コード: 122173<br>都道府県: 千葉県<br>市町村名: 柏市<br>投票区コード: 24<br>投票区名: 第２４投票区<br>掲示場住所: 明原三丁目１番<br>経度: 139.9659378<br>緯度: 35.86613694]]></description>
        <styleUrl>#icon-1899-0288D1</styleUrl>
        <ExtendedData>
          <Data name="﻿市区町村コード">
            <value>122173.0</value>
          </Data>
          <Data name="都道府県">
            <value>千葉県</value>
          </Data>
          <Data name="市町村名">
            <value>柏市</value>
          </Data>
          <Data name="投票区コード">
            <value>24.0</value>
          </Data>
          <Data name="投票区名">
            <value>第２４投票区</value>
          </Data>
          <Data name="掲示場住所">
            <value>明原三丁目１番</value>
          </Data>
          <Data name="経度">
            <value>139.9659378</value>
          </Data>
          <Data name="緯度">
            <value>35.86613694</value>
          </Data>
        </ExtendedData>
        <Point>
          <coordinates>
            139.9659378,35.86613694,0
          </coordinates>
        </Point>
      </Placemark>
      <Placemark>
        <name>柏西口第一公園西側</name>
        <description><![CDATA[﻿市区町村コード: 122173<br>都道府県: 千葉県<br>市町村名: 柏市<br>投票区コード: 24<br>投票区名: 第２４投票区<br>掲示場住所: 明原三丁目１番<br>経度: 139.9649228<br>緯度: 35.86587639]]></description>
        <styleUrl>#icon-1899-0288D1</styleUrl>
        <ExtendedData>
          <Data name="﻿市区町村コード">
            <value>122173.0</value>
          </Data>
          <Data name="都道府県">
            <value>千葉県</value>
          </Data>
          <Data name="市町村名">
            <value>柏市</value>
          </Data>
          <Data name="投票区コード">
            <value>24.0</value>
          </Data>
          <Data name="投票区名">
            <value>第２４投票区</value>
          </Data>
          <Data name="掲示場住所">
            <value>明原三丁目１番</value>
          </Data>
          <Data name="経度">
            <value>139.9649228</value>
          </Data>
          <Data name="緯度">
            <value>35.86587639</value>
          </Data>
        </ExtendedData>
        <Point>
          <coordinates>
            139.9649228,35.86587639,0
          </coordinates>
        </Point>
      </Placemark>
      <Placemark>
        <name>藤ノ台第二公園</name>
        <description><![CDATA[﻿市区町村コード: 122173<br>都道府県: 千葉県<br>市町村名: 柏市<br>投票区コード: 25<br>投票区名: 第２５投票区<br>掲示場住所: 逆井藤ノ台４－４<br>経度: 139.9880261<br>緯度: 35.82439083]]></description>
        <styleUrl>#icon-1899-0288D1</styleUrl>
        <ExtendedData>
          <Data name="﻿市区町村コード">
            <value>122173.0</value>
          </Data>
          <Data name="都道府県">
            <value>千葉県</value>
          </Data>
          <Data name="市町村名">
            <value>柏市</value>
          </Data>
          <Data name="投票区コード">
            <value>25.0</value>
          </Data>
          <Data name="投票区名">
            <value>第２５投票区</value>
          </Data>
          <Data name="掲示場住所">
            <value>逆井藤ノ台４－４</value>
          </Data>
          <Data name="経度">
            <value>139.9880261</value>
          </Data>
          <Data name="緯度">
            <value>35.82439083</value>
          </Data>
        </ExtendedData>
        <Point>
          <coordinates>
            139.9880261,35.82439083,0
          </coordinates>
        </Point>
      </Placemark>
      <Placemark>
        <name>藤心第二ふるさと会館前</name>
        <description><![CDATA[﻿市区町村コード: 122173<br>都道府県: 千葉県<br>市町村名: 柏市<br>投票区コード: 25<br>投票区名: 第２５投票区<br>掲示場住所: 藤心二丁目２４番<br>経度: 139.9893597<br>緯度: 35.82805639]]></description>
        <styleUrl>#icon-1899-0288D1</styleUrl>
        <ExtendedData>
          <Data name="﻿市区町村コード">
            <value>122173.0</value>
          </Data>
          <Data name="都道府県">
            <value>千葉県</value>
          </Data>
          <Data name="市町村名">
            <value>柏市</value>
          </Data>
          <Data name="投票区コード">
            <value>25.0</value>
          </Data>
          <Data name="投票区名">
            <value>第２５投票区</value>
          </Data>
          <Data name="掲示場住所">
            <value>藤心二丁目２４番</value>
          </Data>
          <Data name="経度">
            <value>139.9893597</value>
          </Data>
          <Data name="緯度">
            <value>35.82805639</value>
          </Data>
        </ExtendedData>
        <Point>
          <coordinates>
            139.9893597,35.82805639,0
          </coordinates>
        </Point>
      </Placemark>
      <Placemark>
        <name>藤ノ台第一公園</name>
        <description><![CDATA[﻿市区町村コード: 122173<br>都道府県: 千葉県<br>市町村名: 柏市<br>投票区コード: 25<br>投票区名: 第２５投票区<br>掲示場住所: 逆井藤ノ台８番<br>経度: 139.9878475<br>緯度: 35.82375861]]></description>
        <styleUrl>#icon-1899-0288D1</styleUrl>
        <ExtendedData>
          <Data name="﻿市区町村コード">
            <value>122173.0</value>
          </Data>
          <Data name="都道府県">
            <value>千葉県</value>
          </Data>
          <Data name="市町村名">
            <value>柏市</value>
          </Data>
          <Data name="投票区コード">
            <value>25.0</value>
          </Data>
          <Data name="投票区名">
            <value>第２５投票区</value>
          </Data>
          <Data name="掲示場住所">
            <value>逆井藤ノ台８番</value>
          </Data>
          <Data name="経度">
            <value>139.9878475</value>
          </Data>
          <Data name="緯度">
            <value>35.82375861</value>
          </Data>
        </ExtendedData>
        <Point>
          <coordinates>
            139.9878475,35.82375861,0
          </coordinates>
        </Point>
      </Placemark>
      <Placemark>
        <name>ふじ第四公園</name>
        <description><![CDATA[﻿市区町村コード: 122173<br>都道府県: 千葉県<br>市町村名: 柏市<br>投票区コード: 25<br>投票区名: 第２５投票区<br>掲示場住所: 藤心四丁目１８番<br>経度: 139.9910414<br>緯度: 35.82611583]]></description>
        <styleUrl>#icon-1899-0288D1</styleUrl>
        <ExtendedData>
          <Data name="﻿市区町村コード">
            <value>122173.0</value>
          </Data>
          <Data name="都道府県">
            <value>千葉県</value>
          </Data>
          <Data name="市町村名">
            <value>柏市</value>
          </Data>
          <Data name="投票区コード">
            <value>25.0</value>
          </Data>
          <Data name="投票区名">
            <value>第２５投票区</value>
          </Data>
          <Data name="掲示場住所">
            <value>藤心四丁目１８番</value>
          </Data>
          <Data name="経度">
            <value>139.9910414</value>
          </Data>
          <Data name="緯度">
            <value>35.82611583</value>
          </Data>
        </ExtendedData>
        <Point>
          <coordinates>
            139.9910414,35.82611583,0
          </coordinates>
        </Point>
      </Placemark>
      <Placemark>
        <name>柏市南部老人福祉センター</name>
        <description><![CDATA[﻿市区町村コード: 122173<br>都道府県: 千葉県<br>市町村名: 柏市<br>投票区コード: 25<br>投票区名: 第２５投票区<br>掲示場住所: 藤心２９３番地の１<br>経度: 139.9960547<br>緯度: 35.82496333]]></description>
        <styleUrl>#icon-1899-0288D1</styleUrl>
        <ExtendedData>
          <Data name="﻿市区町村コード">
            <value>122173.0</value>
          </Data>
          <Data name="都道府県">
            <value>千葉県</value>
          </Data>
          <Data name="市町村名">
            <value>柏市</value>
          </Data>
          <Data name="投票区コード">
            <value>25.0</value>
          </Data>
          <Data name="投票区名">
            <value>第２５投票区</value>
          </Data>
          <Data name="掲示場住所">
            <value>藤心２９３番地の１</value>
          </Data>
          <Data name="経度">
            <value>139.9960547</value>
          </Data>
          <Data name="緯度">
            <value>35.82496333</value>
          </Data>
        </ExtendedData>
        <Point>
          <coordinates>
            139.9960547,35.82496333,0
          </coordinates>
        </Point>
      </Placemark>
      <Placemark>
        <name>柏市藤心近隣センター</name>
        <description><![CDATA[﻿市区町村コード: 122173<br>都道府県: 千葉県<br>市町村名: 柏市<br>投票区コード: 25<br>投票区名: 第２５投票区<br>掲示場住所: 藤心四丁目１番１１号<br>経度: 139.9891375<br>緯度: 35.82268722]]></description>
        <styleUrl>#icon-1899-0288D1</styleUrl>
        <ExtendedData>
          <Data name="﻿市区町村コード">
            <value>122173.0</value>
          </Data>
          <Data name="都道府県">
            <value>千葉県</value>
          </Data>
          <Data name="市町村名">
            <value>柏市</value>
          </Data>
          <Data name="投票区コード">
            <value>25.0</value>
          </Data>
          <Data name="投票区名">
            <value>第２５投票区</value>
          </Data>
          <Data name="掲示場住所">
            <value>藤心四丁目１番１１号</value>
          </Data>
          <Data name="経度">
            <value>139.9891375</value>
          </Data>
          <Data name="緯度">
            <value>35.82268722</value>
          </Data>
        </ExtendedData>
        <Point>
          <coordinates>
            139.9891375,35.82268722,0
          </coordinates>
        </Point>
      </Placemark>
      <Placemark>
        <name>木戸前第二公園</name>
        <description><![CDATA[﻿市区町村コード: 122173<br>都道府県: 千葉県<br>市町村名: 柏市<br>投票区コード: 25<br>投票区名: 第２５投票区<br>掲示場住所: 藤心二丁目１番<br>経度: 139.9854978<br>緯度: 35.82608694]]></description>
        <styleUrl>#icon-1899-0288D1</styleUrl>
        <ExtendedData>
          <Data name="﻿市区町村コード">
            <value>122173.0</value>
          </Data>
          <Data name="都道府県">
            <value>千葉県</value>
          </Data>
          <Data name="市町村名">
            <value>柏市</value>
          </Data>
          <Data name="投票区コード">
            <value>25.0</value>
          </Data>
          <Data name="投票区名">
            <value>第２５投票区</value>
          </Data>
          <Data name="掲示場住所">
            <value>藤心二丁目１番</value>
          </Data>
          <Data name="経度">
            <value>139.9854978</value>
          </Data>
          <Data name="緯度">
            <value>35.82608694</value>
          </Data>
        </ExtendedData>
        <Point>
          <coordinates>
            139.9854978,35.82608694,0
          </coordinates>
        </Point>
      </Placemark>
      <Placemark>
        <name>ふじ第一公園</name>
        <description><![CDATA[﻿市区町村コード: 122173<br>都道府県: 千葉県<br>市町村名: 柏市<br>投票区コード: 25<br>投票区名: 第２５投票区<br>掲示場住所: 藤心四丁目４番<br>経度: 139.9894825<br>緯度: 35.82424889]]></description>
        <styleUrl>#icon-1899-0288D1</styleUrl>
        <ExtendedData>
          <Data name="﻿市区町村コード">
            <value>122173.0</value>
          </Data>
          <Data name="都道府県">
            <value>千葉県</value>
          </Data>
          <Data name="市町村名">
            <value>柏市</value>
          </Data>
          <Data name="投票区コード">
            <value>25.0</value>
          </Data>
          <Data name="投票区名">
            <value>第２５投票区</value>
          </Data>
          <Data name="掲示場住所">
            <value>藤心四丁目４番</value>
          </Data>
          <Data name="経度">
            <value>139.9894825</value>
          </Data>
          <Data name="緯度">
            <value>35.82424889</value>
          </Data>
        </ExtendedData>
        <Point>
          <coordinates>
            139.9894825,35.82424889,0
          </coordinates>
        </Point>
      </Placemark>
      <Placemark>
        <name>戸張第三公園</name>
        <description><![CDATA[﻿市区町村コード: 122173<br>都道府県: 千葉県<br>市町村名: 柏市<br>投票区コード: 26<br>投票区名: 第２６投票区<br>掲示場住所: 東柏一丁目１５番<br>経度: 139.9869758<br>緯度: 35.85280611]]></description>
        <styleUrl>#icon-1899-0288D1</styleUrl>
        <ExtendedData>
          <Data name="﻿市区町村コード">
            <value>122173.0</value>
          </Data>
          <Data name="都道府県">
            <value>千葉県</value>
          </Data>
          <Data name="市町村名">
            <value>柏市</value>
          </Data>
          <Data name="投票区コード">
            <value>26.0</value>
          </Data>
          <Data name="投票区名">
            <value>第２６投票区</value>
          </Data>
          <Data name="掲示場住所">
            <value>東柏一丁目１５番</value>
          </Data>
          <Data name="経度">
            <value>139.9869758</value>
          </Data>
          <Data name="緯度">
            <value>35.85280611</value>
          </Data>
        </ExtendedData>
        <Point>
          <coordinates>
            139.9869758,35.85280611,0
          </coordinates>
        </Point>
      </Placemark>
      <Placemark>
        <name>柏市立柏第二中学校正門横</name>
        <description><![CDATA[﻿市区町村コード: 122173<br>都道府県: 千葉県<br>市町村名: 柏市<br>投票区コード: 26<br>投票区名: 第２６投票区<br>掲示場住所: 弥生町６番６号<br>経度: 139.9850536<br>緯度: 35.85647833]]></description>
        <styleUrl>#icon-1899-0288D1</styleUrl>
        <ExtendedData>
          <Data name="﻿市区町村コード">
            <value>122173.0</value>
          </Data>
          <Data name="都道府県">
            <value>千葉県</value>
          </Data>
          <Data name="市町村名">
            <value>柏市</value>
          </Data>
          <Data name="投票区コード">
            <value>26.0</value>
          </Data>
          <Data name="投票区名">
            <value>第２６投票区</value>
          </Data>
          <Data name="掲示場住所">
            <value>弥生町６番６号</value>
          </Data>
          <Data name="経度">
            <value>139.9850536</value>
          </Data>
          <Data name="緯度">
            <value>35.85647833</value>
          </Data>
        </ExtendedData>
        <Point>
          <coordinates>
            139.9850536,35.85647833,0
          </coordinates>
        </Point>
      </Placemark>
      <Placemark>
        <name>刈込坂バス停前</name>
        <description><![CDATA[﻿市区町村コード: 122173<br>都道府県: 千葉県<br>市町村名: 柏市<br>投票区コード: 26<br>投票区名: 第２６投票区<br>掲示場住所: 名戸ケ谷５１４－３，５１５－４<br>経度: 139.9883328<br>緯度: 35.84799222]]></description>
        <styleUrl>#icon-1899-0288D1</styleUrl>
        <ExtendedData>
          <Data name="﻿市区町村コード">
            <value>122173.0</value>
          </Data>
          <Data name="都道府県">
            <value>千葉県</value>
          </Data>
          <Data name="市町村名">
            <value>柏市</value>
          </Data>
          <Data name="投票区コード">
            <value>26.0</value>
          </Data>
          <Data name="投票区名">
            <value>第２６投票区</value>
          </Data>
          <Data name="掲示場住所">
            <value>名戸ケ谷５１４－３，５１５－４</value>
          </Data>
          <Data name="経度">
            <value>139.9883328</value>
          </Data>
          <Data name="緯度">
            <value>35.84799222</value>
          </Data>
        </ExtendedData>
        <Point>
          <coordinates>
            139.9883328,35.84799222,0
          </coordinates>
        </Point>
      </Placemark>
      <Placemark>
        <name>コマーシャルコンテナ前</name>
        <description><![CDATA[﻿市区町村コード: 122173<br>都道府県: 千葉県<br>市町村名: 柏市<br>投票区コード: 26<br>投票区名: 第２６投票区<br>掲示場住所: 関場町６番<br>経度: 139.9824703<br>緯度: 35.85022972]]></description>
        <styleUrl>#icon-1899-0288D1</styleUrl>
        <ExtendedData>
          <Data name="﻿市区町村コード">
            <value>122173.0</value>
          </Data>
          <Data name="都道府県">
            <value>千葉県</value>
          </Data>
          <Data name="市町村名">
            <value>柏市</value>
          </Data>
          <Data name="投票区コード">
            <value>26.0</value>
          </Data>
          <Data name="投票区名">
            <value>第２６投票区</value>
          </Data>
          <Data name="掲示場住所">
            <value>関場町６番</value>
          </Data>
          <Data name="経度">
            <value>139.9824703</value>
          </Data>
          <Data name="緯度">
            <value>35.85022972</value>
          </Data>
        </ExtendedData>
        <Point>
          <coordinates>
            139.9824703,35.85022972,0
          </coordinates>
        </Point>
      </Placemark>
      <Placemark>
        <name>柏市立柏第二中学校バレーコート前</name>
        <description><![CDATA[﻿市区町村コード: 122173<br>都道府県: 千葉県<br>市町村名: 柏市<br>投票区コード: 26<br>投票区名: 第２６投票区<br>掲示場住所: 弥生町６番６号<br>経度: 139.9868833<br>緯度: 35.85613889]]></description>
        <styleUrl>#icon-1899-0288D1</styleUrl>
        <ExtendedData>
          <Data name="﻿市区町村コード">
            <value>122173.0</value>
          </Data>
          <Data name="都道府県">
            <value>千葉県</value>
          </Data>
          <Data name="市町村名">
            <value>柏市</value>
          </Data>
          <Data name="投票区コード">
            <value>26.0</value>
          </Data>
          <Data name="投票区名">
            <value>第２６投票区</value>
          </Data>
          <Data name="掲示場住所">
            <value>弥生町６番６号</value>
          </Data>
          <Data name="経度">
            <value>139.9868833</value>
          </Data>
          <Data name="緯度">
            <value>35.85613889</value>
          </Data>
        </ExtendedData>
        <Point>
          <coordinates>
            139.9868833,35.85613889,0
          </coordinates>
        </Point>
      </Placemark>
      <Placemark>
        <name>関場町第二公園</name>
        <description><![CDATA[﻿市区町村コード: 122173<br>都道府県: 千葉県<br>市町村名: 柏市<br>投票区コード: 26<br>投票区名: 第２６投票区<br>掲示場住所: 関場町２番<br>経度: 139.9841606<br>緯度: 35.85195056]]></description>
        <styleUrl>#icon-1899-0288D1</styleUrl>
        <ExtendedData>
          <Data name="﻿市区町村コード">
            <value>122173.0</value>
          </Data>
          <Data name="都道府県">
            <value>千葉県</value>
          </Data>
          <Data name="市町村名">
            <value>柏市</value>
          </Data>
          <Data name="投票区コード">
            <value>26.0</value>
          </Data>
          <Data name="投票区名">
            <value>第２６投票区</value>
          </Data>
          <Data name="掲示場住所">
            <value>関場町２番</value>
          </Data>
          <Data name="経度">
            <value>139.9841606</value>
          </Data>
          <Data name="緯度">
            <value>35.85195056</value>
          </Data>
        </ExtendedData>
        <Point>
          <coordinates>
            139.9841606,35.85195056,0
          </coordinates>
        </Point>
      </Placemark>
      <Placemark>
        <name>柏市新田原近隣センター</name>
        <description><![CDATA[﻿市区町村コード: 122173<br>都道府県: 千葉県<br>市町村名: 柏市<br>投票区コード: 26<br>投票区名: 第２６投票区<br>掲示場住所: 東柏二丁目２番<br>経度: 139.9856525<br>緯度: 35.849805]]></description>
        <styleUrl>#icon-1899-0288D1</styleUrl>
        <ExtendedData>
          <Data name="﻿市区町村コード">
            <value>122173.0</value>
          </Data>
          <Data name="都道府県">
            <value>千葉県</value>
          </Data>
          <Data name="市町村名">
            <value>柏市</value>
          </Data>
          <Data name="投票区コード">
            <value>26.0</value>
          </Data>
          <Data name="投票区名">
            <value>第２６投票区</value>
          </Data>
          <Data name="掲示場住所">
            <value>東柏二丁目２番</value>
          </Data>
          <Data name="経度">
            <value>139.9856525</value>
          </Data>
          <Data name="緯度">
            <value>35.849805</value>
          </Data>
        </ExtendedData>
        <Point>
          <coordinates>
            139.9856525,35.849805,0
          </coordinates>
        </Point>
      </Placemark>
      <Placemark>
        <name>エステート荒工山４号棟前</name>
        <description><![CDATA[﻿市区町村コード: 122173<br>都道府県: 千葉県<br>市町村名: 柏市<br>投票区コード: 26<br>投票区名: 第２６投票区<br>掲示場住所: 東二丁目２番<br>経度: 139.9811222<br>緯度: 35.85784333]]></description>
        <styleUrl>#icon-1899-0288D1</styleUrl>
        <ExtendedData>
          <Data name="﻿市区町村コード">
            <value>122173.0</value>
          </Data>
          <Data name="都道府県">
            <value>千葉県</value>
          </Data>
          <Data name="市町村名">
            <value>柏市</value>
          </Data>
          <Data name="投票区コード">
            <value>26.0</value>
          </Data>
          <Data name="投票区名">
            <value>第２６投票区</value>
          </Data>
          <Data name="掲示場住所">
            <value>東二丁目２番</value>
          </Data>
          <Data name="経度">
            <value>139.9811222</value>
          </Data>
          <Data name="緯度">
            <value>35.85784333</value>
          </Data>
        </ExtendedData>
        <Point>
          <coordinates>
            139.9811222,35.85784333,0
          </coordinates>
        </Point>
      </Placemark>
      <Placemark>
        <name>東柏文京公園</name>
        <description><![CDATA[﻿市区町村コード: 122173<br>都道府県: 千葉県<br>市町村名: 柏市<br>投票区コード: 26<br>投票区名: 第２６投票区<br>掲示場住所: 柏市東柏一丁目２４<br>経度: 139.9883617<br>緯度: 35.85195444]]></description>
        <styleUrl>#icon-1899-0288D1</styleUrl>
        <ExtendedData>
          <Data name="﻿市区町村コード">
            <value>122173.0</value>
          </Data>
          <Data name="都道府県">
            <value>千葉県</value>
          </Data>
          <Data name="市町村名">
            <value>柏市</value>
          </Data>
          <Data name="投票区コード">
            <value>26.0</value>
          </Data>
          <Data name="投票区名">
            <value>第２６投票区</value>
          </Data>
          <Data name="掲示場住所">
            <value>柏市東柏一丁目２４</value>
          </Data>
          <Data name="経度">
            <value>139.9883617</value>
          </Data>
          <Data name="緯度">
            <value>35.85195444</value>
          </Data>
        </ExtendedData>
        <Point>
          <coordinates>
            139.9883617,35.85195444,0
          </coordinates>
        </Point>
      </Placemark>
      <Placemark>
        <name>小林宅前</name>
        <description><![CDATA[﻿市区町村コード: 122173<br>都道府県: 千葉県<br>市町村名: 柏市<br>投票区コード: 27<br>投票区名: 第２７投票区<br>掲示場住所: 東中新宿一丁目２２番５号<br>経度: 139.9621025<br>緯度: 35.83350667]]></description>
        <styleUrl>#icon-1899-0288D1</styleUrl>
        <ExtendedData>
          <Data name="﻿市区町村コード">
            <value>122173.0</value>
          </Data>
          <Data name="都道府県">
            <value>千葉県</value>
          </Data>
          <Data name="市町村名">
            <value>柏市</value>
          </Data>
          <Data name="投票区コード">
            <value>27.0</value>
          </Data>
          <Data name="投票区名">
            <value>第２７投票区</value>
          </Data>
          <Data name="掲示場住所">
            <value>東中新宿一丁目２２番５号</value>
          </Data>
          <Data name="経度">
            <value>139.9621025</value>
          </Data>
          <Data name="緯度">
            <value>35.83350667</value>
          </Data>
        </ExtendedData>
        <Point>
          <coordinates>
            139.9621025,35.83350667,0
          </coordinates>
        </Point>
      </Placemark>
      <Placemark>
        <name>森宅前</name>
        <description><![CDATA[﻿市区町村コード: 122173<br>都道府県: 千葉県<br>市町村名: 柏市<br>投票区コード: 27<br>投票区名: 第２７投票区<br>掲示場住所: 東中新宿一丁目６番４号<br>経度: 139.9588933<br>緯度: 35.83521778]]></description>
        <styleUrl>#icon-1899-0288D1</styleUrl>
        <ExtendedData>
          <Data name="﻿市区町村コード">
            <value>122173.0</value>
          </Data>
          <Data name="都道府県">
            <value>千葉県</value>
          </Data>
          <Data name="市町村名">
            <value>柏市</value>
          </Data>
          <Data name="投票区コード">
            <value>27.0</value>
          </Data>
          <Data name="投票区名">
            <value>第２７投票区</value>
          </Data>
          <Data name="掲示場住所">
            <value>東中新宿一丁目６番４号</value>
          </Data>
          <Data name="経度">
            <value>139.9588933</value>
          </Data>
          <Data name="緯度">
            <value>35.83521778</value>
          </Data>
        </ExtendedData>
        <Point>
          <coordinates>
            139.9588933,35.83521778,0
          </coordinates>
        </Point>
      </Placemark>
      <Placemark>
        <name>広池学園ゴルフ練習場横</name>
        <description><![CDATA[﻿市区町村コード: 122173<br>都道府県: 千葉県<br>市町村名: 柏市<br>投票区コード: 27<br>投票区名: 第２７投票区<br>掲示場住所: 光ケ丘二丁目１番<br>経度: 139.9509111<br>緯度: 35.8284675]]></description>
        <styleUrl>#icon-1899-0288D1</styleUrl>
        <ExtendedData>
          <Data name="﻿市区町村コード">
            <value>122173.0</value>
          </Data>
          <Data name="都道府県">
            <value>千葉県</value>
          </Data>
          <Data name="市町村名">
            <value>柏市</value>
          </Data>
          <Data name="投票区コード">
            <value>27.0</value>
          </Data>
          <Data name="投票区名">
            <value>第２７投票区</value>
          </Data>
          <Data name="掲示場住所">
            <value>光ケ丘二丁目１番</value>
          </Data>
          <Data name="経度">
            <value>139.9509111</value>
          </Data>
          <Data name="緯度">
            <value>35.8284675</value>
          </Data>
        </ExtendedData>
        <Point>
          <coordinates>
            139.9509111,35.8284675,0
          </coordinates>
        </Point>
      </Placemark>
      <Placemark>
        <name>広池学園入口横</name>
        <description><![CDATA[﻿市区町村コード: 122173<br>都道府県: 千葉県<br>市町村名: 柏市<br>投票区コード: 27<br>投票区名: 第２７投票区<br>掲示場住所: 光ケ丘二丁目１番<br>経度: 139.9564128<br>緯度: 35.83247639]]></description>
        <styleUrl>#icon-1899-0288D1</styleUrl>
        <ExtendedData>
          <Data name="﻿市区町村コード">
            <value>122173.0</value>
          </Data>
          <Data name="都道府県">
            <value>千葉県</value>
          </Data>
          <Data name="市町村名">
            <value>柏市</value>
          </Data>
          <Data name="投票区コード">
            <value>27.0</value>
          </Data>
          <Data name="投票区名">
            <value>第２７投票区</value>
          </Data>
          <Data name="掲示場住所">
            <value>光ケ丘二丁目１番</value>
          </Data>
          <Data name="経度">
            <value>139.9564128</value>
          </Data>
          <Data name="緯度">
            <value>35.83247639</value>
          </Data>
        </ExtendedData>
        <Point>
          <coordinates>
            139.9564128,35.83247639,0
          </coordinates>
        </Point>
      </Placemark>
      <Placemark>
        <name>『麗澤大学前』バス停横</name>
        <description><![CDATA[﻿市区町村コード: 122173<br>都道府県: 千葉県<br>市町村名: 柏市<br>投票区コード: 27<br>投票区名: 第２７投票区<br>掲示場住所: 光ケ丘二丁目２番<br>経度: 139.9559431<br>緯度: 35.831635]]></description>
        <styleUrl>#icon-1899-0288D1</styleUrl>
        <ExtendedData>
          <Data name="﻿市区町村コード">
            <value>122173.0</value>
          </Data>
          <Data name="都道府県">
            <value>千葉県</value>
          </Data>
          <Data name="市町村名">
            <value>柏市</value>
          </Data>
          <Data name="投票区コード">
            <value>27.0</value>
          </Data>
          <Data name="投票区名">
            <value>第２７投票区</value>
          </Data>
          <Data name="掲示場住所">
            <value>光ケ丘二丁目２番</value>
          </Data>
          <Data name="経度">
            <value>139.9559431</value>
          </Data>
          <Data name="緯度">
            <value>35.831635</value>
          </Data>
        </ExtendedData>
        <Point>
          <coordinates>
            139.9559431,35.831635,0
          </coordinates>
        </Point>
      </Placemark>
      <Placemark>
        <name>東中新宿子供の遊び場</name>
        <description><![CDATA[﻿市区町村コード: 122173<br>都道府県: 千葉県<br>市町村名: 柏市<br>投票区コード: 27<br>投票区名: 第２７投票区<br>掲示場住所: 東中新宿四丁目７番<br>経度: 139.9612183<br>緯度: 35.82904583]]></description>
        <styleUrl>#icon-1899-0288D1</styleUrl>
        <ExtendedData>
          <Data name="﻿市区町村コード">
            <value>122173.0</value>
          </Data>
          <Data name="都道府県">
            <value>千葉県</value>
          </Data>
          <Data name="市町村名">
            <value>柏市</value>
          </Data>
          <Data name="投票区コード">
            <value>27.0</value>
          </Data>
          <Data name="投票区名">
            <value>第２７投票区</value>
          </Data>
          <Data name="掲示場住所">
            <value>東中新宿四丁目７番</value>
          </Data>
          <Data name="経度">
            <value>139.9612183</value>
          </Data>
          <Data name="緯度">
            <value>35.82904583</value>
          </Data>
        </ExtendedData>
        <Point>
          <coordinates>
            139.9612183,35.82904583,0
          </coordinates>
        </Point>
      </Placemark>
      <Placemark>
        <name>東中新宿第一公園</name>
        <description><![CDATA[﻿市区町村コード: 122173<br>都道府県: 千葉県<br>市町村名: 柏市<br>投票区コード: 27<br>投票区名: 第２７投票区<br>掲示場住所: 東中新宿四丁目４番<br>経度: 139.9589533<br>緯度: 35.83120444]]></description>
        <styleUrl>#icon-1899-0288D1</styleUrl>
        <ExtendedData>
          <Data name="﻿市区町村コード">
            <value>122173.0</value>
          </Data>
          <Data name="都道府県">
            <value>千葉県</value>
          </Data>
          <Data name="市町村名">
            <value>柏市</value>
          </Data>
          <Data name="投票区コード">
            <value>27.0</value>
          </Data>
          <Data name="投票区名">
            <value>第２７投票区</value>
          </Data>
          <Data name="掲示場住所">
            <value>東中新宿四丁目４番</value>
          </Data>
          <Data name="経度">
            <value>139.9589533</value>
          </Data>
          <Data name="緯度">
            <value>35.83120444</value>
          </Data>
        </ExtendedData>
        <Point>
          <coordinates>
            139.9589533,35.83120444,0
          </coordinates>
        </Point>
      </Placemark>
      <Placemark>
        <name>東山第二公園</name>
        <description><![CDATA[﻿市区町村コード: 122173<br>都道府県: 千葉県<br>市町村名: 柏市<br>投票区コード: 27<br>投票区名: 第２７投票区<br>掲示場住所: 東山二丁目２番<br>経度: 139.9532819<br>緯度: 35.82645306]]></description>
        <styleUrl>#icon-1899-0288D1</styleUrl>
        <ExtendedData>
          <Data name="﻿市区町村コード">
            <value>122173.0</value>
          </Data>
          <Data name="都道府県">
            <value>千葉県</value>
          </Data>
          <Data name="市町村名">
            <value>柏市</value>
          </Data>
          <Data name="投票区コード">
            <value>27.0</value>
          </Data>
          <Data name="投票区名">
            <value>第２７投票区</value>
          </Data>
          <Data name="掲示場住所">
            <value>東山二丁目２番</value>
          </Data>
          <Data name="経度">
            <value>139.9532819</value>
          </Data>
          <Data name="緯度">
            <value>35.82645306</value>
          </Data>
        </ExtendedData>
        <Point>
          <coordinates>
            139.9532819,35.82645306,0
          </coordinates>
        </Point>
      </Placemark>
      <Placemark>
        <name>加賀第一公園</name>
        <description><![CDATA[﻿市区町村コード: 122173<br>都道府県: 千葉県<br>市町村名: 柏市<br>投票区コード: 28<br>投票区名: 第２８投票区<br>掲示場住所: 加賀二丁目１３番<br>経度: 139.9690006<br>緯度: 35.82902444]]></description>
        <styleUrl>#icon-1899-0288D1</styleUrl>
        <ExtendedData>
          <Data name="﻿市区町村コード">
            <value>122173.0</value>
          </Data>
          <Data name="都道府県">
            <value>千葉県</value>
          </Data>
          <Data name="市町村名">
            <value>柏市</value>
          </Data>
          <Data name="投票区コード">
            <value>28.0</value>
          </Data>
          <Data name="投票区名">
            <value>第２８投票区</value>
          </Data>
          <Data name="掲示場住所">
            <value>加賀二丁目１３番</value>
          </Data>
          <Data name="経度">
            <value>139.9690006</value>
          </Data>
          <Data name="緯度">
            <value>35.82902444</value>
          </Data>
        </ExtendedData>
        <Point>
          <coordinates>
            139.9690006,35.82902444,0
          </coordinates>
        </Point>
      </Placemark>
      <Placemark>
        <name>柏市立光ケ丘中学校通用門横</name>
        <description><![CDATA[﻿市区町村コード: 122173<br>都道府県: 千葉県<br>市町村名: 柏市<br>投票区コード: 28<br>投票区名: 第２８投票区<br>掲示場住所: 光ケ丘四丁目２３番１号<br>経度: 139.9656478<br>緯度: 35.82830778]]></description>
        <styleUrl>#icon-1899-0288D1</styleUrl>
        <ExtendedData>
          <Data name="﻿市区町村コード">
            <value>122173.0</value>
          </Data>
          <Data name="都道府県">
            <value>千葉県</value>
          </Data>
          <Data name="市町村名">
            <value>柏市</value>
          </Data>
          <Data name="投票区コード">
            <value>28.0</value>
          </Data>
          <Data name="投票区名">
            <value>第２８投票区</value>
          </Data>
          <Data name="掲示場住所">
            <value>光ケ丘四丁目２３番１号</value>
          </Data>
          <Data name="経度">
            <value>139.9656478</value>
          </Data>
          <Data name="緯度">
            <value>35.82830778</value>
          </Data>
        </ExtendedData>
        <Point>
          <coordinates>
            139.9656478,35.82830778,0
          </coordinates>
        </Point>
      </Placemark>
      <Placemark>
        <name>中新宿第五公園</name>
        <description><![CDATA[﻿市区町村コード: 122173<br>都道府県: 千葉県<br>市町村名: 柏市<br>投票区コード: 28<br>投票区名: 第２８投票区<br>掲示場住所: 東中新宿三丁目２１番<br>経度: 139.9628758<br>緯度: 35.83073944]]></description>
        <styleUrl>#icon-1899-0288D1</styleUrl>
        <ExtendedData>
          <Data name="﻿市区町村コード">
            <value>122173.0</value>
          </Data>
          <Data name="都道府県">
            <value>千葉県</value>
          </Data>
          <Data name="市町村名">
            <value>柏市</value>
          </Data>
          <Data name="投票区コード">
            <value>28.0</value>
          </Data>
          <Data name="投票区名">
            <value>第２８投票区</value>
          </Data>
          <Data name="掲示場住所">
            <value>東中新宿三丁目２１番</value>
          </Data>
          <Data name="経度">
            <value>139.9628758</value>
          </Data>
          <Data name="緯度">
            <value>35.83073944</value>
          </Data>
        </ExtendedData>
        <Point>
          <coordinates>
            139.9628758,35.83073944,0
          </coordinates>
        </Point>
      </Placemark>
      <Placemark>
        <name>『増尾中原』バス停・電話ボックス前</name>
        <description><![CDATA[﻿市区町村コード: 122173<br>都道府県: 千葉県<br>市町村名: 柏市<br>投票区コード: 28<br>投票区名: 第２８投票区<br>掲示場住所: つくしが丘五丁目７番<br>経度: 139.9672678<br>緯度: 35.82977222]]></description>
        <styleUrl>#icon-1899-0288D1</styleUrl>
        <ExtendedData>
          <Data name="﻿市区町村コード">
            <value>122173.0</value>
          </Data>
          <Data name="都道府県">
            <value>千葉県</value>
          </Data>
          <Data name="市町村名">
            <value>柏市</value>
          </Data>
          <Data name="投票区コード">
            <value>28.0</value>
          </Data>
          <Data name="投票区名">
            <value>第２８投票区</value>
          </Data>
          <Data name="掲示場住所">
            <value>つくしが丘五丁目７番</value>
          </Data>
          <Data name="経度">
            <value>139.9672678</value>
          </Data>
          <Data name="緯度">
            <value>35.82977222</value>
          </Data>
        </ExtendedData>
        <Point>
          <coordinates>
            139.9672678,35.82977222,0
          </coordinates>
        </Point>
      </Placemark>
      <Placemark>
        <name>柏市立光ケ丘中学校倉庫前</name>
        <description><![CDATA[﻿市区町村コード: 122173<br>都道府県: 千葉県<br>市町村名: 柏市<br>投票区コード: 28<br>投票区名: 第２８投票区<br>掲示場住所: 光ケ丘四丁目２３番１号<br>経度: 139.9658014<br>緯度: 35.82947861]]></description>
        <styleUrl>#icon-1899-0288D1</styleUrl>
        <ExtendedData>
          <Data name="﻿市区町村コード">
            <value>122173.0</value>
          </Data>
          <Data name="都道府県">
            <value>千葉県</value>
          </Data>
          <Data name="市町村名">
            <value>柏市</value>
          </Data>
          <Data name="投票区コード">
            <value>28.0</value>
          </Data>
          <Data name="投票区名">
            <value>第２８投票区</value>
          </Data>
          <Data name="掲示場住所">
            <value>光ケ丘四丁目２３番１号</value>
          </Data>
          <Data name="経度">
            <value>139.9658014</value>
          </Data>
          <Data name="緯度">
            <value>35.82947861</value>
          </Data>
        </ExtendedData>
        <Point>
          <coordinates>
            139.9658014,35.82947861,0
          </coordinates>
        </Point>
      </Placemark>
      <Placemark>
        <name>中原ふれあい防災公園北側</name>
        <description><![CDATA[﻿市区町村コード: 122173<br>都道府県: 千葉県<br>市町村名: 柏市<br>投票区コード: 28<br>投票区名: 第２８投票区<br>掲示場住所: 中原一丁目２８番地<br>経度: 139.9666169<br>緯度: 35.82901639]]></description>
        <styleUrl>#icon-1899-0288D1</styleUrl>
        <ExtendedData>
          <Data name="﻿市区町村コード">
            <value>122173.0</value>
          </Data>
          <Data name="都道府県">
            <value>千葉県</value>
          </Data>
          <Data name="市町村名">
            <value>柏市</value>
          </Data>
          <Data name="投票区コード">
            <value>28.0</value>
          </Data>
          <Data name="投票区名">
            <value>第２８投票区</value>
          </Data>
          <Data name="掲示場住所">
            <value>中原一丁目２８番地</value>
          </Data>
          <Data name="経度">
            <value>139.9666169</value>
          </Data>
          <Data name="緯度">
            <value>35.82901639</value>
          </Data>
        </ExtendedData>
        <Point>
          <coordinates>
            139.9666169,35.82901639,0
          </coordinates>
        </Point>
      </Placemark>
      <Placemark>
        <name>中原ふれあい防災公園南側</name>
        <description><![CDATA[﻿市区町村コード: 122173<br>都道府県: 千葉県<br>市町村名: 柏市<br>投票区コード: 28<br>投票区名: 第２８投票区<br>掲示場住所: 中原一丁目２８番地<br>経度: 139.9684489<br>緯度: 35.82632361]]></description>
        <styleUrl>#icon-1899-0288D1</styleUrl>
        <ExtendedData>
          <Data name="﻿市区町村コード">
            <value>122173.0</value>
          </Data>
          <Data name="都道府県">
            <value>千葉県</value>
          </Data>
          <Data name="市町村名">
            <value>柏市</value>
          </Data>
          <Data name="投票区コード">
            <value>28.0</value>
          </Data>
          <Data name="投票区名">
            <value>第２８投票区</value>
          </Data>
          <Data name="掲示場住所">
            <value>中原一丁目２８番地</value>
          </Data>
          <Data name="経度">
            <value>139.9684489</value>
          </Data>
          <Data name="緯度">
            <value>35.82632361</value>
          </Data>
        </ExtendedData>
        <Point>
          <coordinates>
            139.9684489,35.82632361,0
          </coordinates>
        </Point>
      </Placemark>
      <Placemark>
        <name>柏市立柏第八小学校正門横</name>
        <description><![CDATA[﻿市区町村コード: 122173<br>都道府県: 千葉県<br>市町村名: 柏市<br>投票区コード: 29<br>投票区名: 第２９投票区<br>掲示場住所: 永楽台二丁目８番１号<br>経度: 139.9727025<br>緯度: 35.84418139]]></description>
        <styleUrl>#icon-1899-0288D1</styleUrl>
        <ExtendedData>
          <Data name="﻿市区町村コード">
            <value>122173.0</value>
          </Data>
          <Data name="都道府県">
            <value>千葉県</value>
          </Data>
          <Data name="市町村名">
            <value>柏市</value>
          </Data>
          <Data name="投票区コード">
            <value>29.0</value>
          </Data>
          <Data name="投票区名">
            <value>第２９投票区</value>
          </Data>
          <Data name="掲示場住所">
            <value>永楽台二丁目８番１号</value>
          </Data>
          <Data name="経度">
            <value>139.9727025</value>
          </Data>
          <Data name="緯度">
            <value>35.84418139</value>
          </Data>
        </ExtendedData>
        <Point>
          <coordinates>
            139.9727025,35.84418139,0
          </coordinates>
        </Point>
      </Placemark>
      <Placemark>
        <name>永楽台近隣公園北側</name>
        <description><![CDATA[﻿市区町村コード: 122173<br>都道府県: 千葉県<br>市町村名: 柏市<br>投票区コード: 29<br>投票区名: 第２９投票区<br>掲示場住所: 永楽台二丁目１１番<br>経度: 139.9713547<br>緯度: 35.84283889]]></description>
        <styleUrl>#icon-1899-0288D1</styleUrl>
        <ExtendedData>
          <Data name="﻿市区町村コード">
            <value>122173.0</value>
          </Data>
          <Data name="都道府県">
            <value>千葉県</value>
          </Data>
          <Data name="市町村名">
            <value>柏市</value>
          </Data>
          <Data name="投票区コード">
            <value>29.0</value>
          </Data>
          <Data name="投票区名">
            <value>第２９投票区</value>
          </Data>
          <Data name="掲示場住所">
            <value>永楽台二丁目１１番</value>
          </Data>
          <Data name="経度">
            <value>139.9713547</value>
          </Data>
          <Data name="緯度">
            <value>35.84283889</value>
          </Data>
        </ExtendedData>
        <Point>
          <coordinates>
            139.9713547,35.84283889,0
          </coordinates>
        </Point>
      </Placemark>
      <Placemark>
        <name>日立台第一公園</name>
        <description><![CDATA[﻿市区町村コード: 122173<br>都道府県: 千葉県<br>市町村名: 柏市<br>投票区コード: 29<br>投票区名: 第２９投票区<br>掲示場住所: 日立台二丁目１番<br>経度: 139.9687158<br>緯度: 35.84715722]]></description>
        <styleUrl>#icon-1899-0288D1</styleUrl>
        <ExtendedData>
          <Data name="﻿市区町村コード">
            <value>122173.0</value>
          </Data>
          <Data name="都道府県">
            <value>千葉県</value>
          </Data>
          <Data name="市町村名">
            <value>柏市</value>
          </Data>
          <Data name="投票区コード">
            <value>29.0</value>
          </Data>
          <Data name="投票区名">
            <value>第２９投票区</value>
          </Data>
          <Data name="掲示場住所">
            <value>日立台二丁目１番</value>
          </Data>
          <Data name="経度">
            <value>139.9687158</value>
          </Data>
          <Data name="緯度">
            <value>35.84715722</value>
          </Data>
        </ExtendedData>
        <Point>
          <coordinates>
            139.9687158,35.84715722,0
          </coordinates>
        </Point>
      </Placemark>
      <Placemark>
        <name>日立台公園</name>
        <description><![CDATA[﻿市区町村コード: 122173<br>都道府県: 千葉県<br>市町村名: 柏市<br>投票区コード: 29<br>投票区名: 第２９投票区<br>掲示場住所: 日立台一丁目２番<br>経度: 139.9732253<br>緯度: 35.8508625]]></description>
        <styleUrl>#icon-1899-0288D1</styleUrl>
        <ExtendedData>
          <Data name="﻿市区町村コード">
            <value>122173.0</value>
          </Data>
          <Data name="都道府県">
            <value>千葉県</value>
          </Data>
          <Data name="市町村名">
            <value>柏市</value>
          </Data>
          <Data name="投票区コード">
            <value>29.0</value>
          </Data>
          <Data name="投票区名">
            <value>第２９投票区</value>
          </Data>
          <Data name="掲示場住所">
            <value>日立台一丁目２番</value>
          </Data>
          <Data name="経度">
            <value>139.9732253</value>
          </Data>
          <Data name="緯度">
            <value>35.8508625</value>
          </Data>
        </ExtendedData>
        <Point>
          <coordinates>
            139.9732253,35.8508625,0
          </coordinates>
        </Point>
      </Placemark>
      <Placemark>
        <name>柏市立柏第四中学校正門横</name>
        <description><![CDATA[﻿市区町村コード: 122173<br>都道府県: 千葉県<br>市町村名: 柏市<br>投票区コード: 29<br>投票区名: 第２９投票区<br>掲示場住所: 名戸ケ谷一丁目６番８号<br>経度: 139.9775431<br>緯度: 35.84565028]]></description>
        <styleUrl>#icon-1899-0288D1</styleUrl>
        <ExtendedData>
          <Data name="﻿市区町村コード">
            <value>122173.0</value>
          </Data>
          <Data name="都道府県">
            <value>千葉県</value>
          </Data>
          <Data name="市町村名">
            <value>柏市</value>
          </Data>
          <Data name="投票区コード">
            <value>29.0</value>
          </Data>
          <Data name="投票区名">
            <value>第２９投票区</value>
          </Data>
          <Data name="掲示場住所">
            <value>名戸ケ谷一丁目６番８号</value>
          </Data>
          <Data name="経度">
            <value>139.9775431</value>
          </Data>
          <Data name="緯度">
            <value>35.84565028</value>
          </Data>
        </ExtendedData>
        <Point>
          <coordinates>
            139.9775431,35.84565028,0
          </coordinates>
        </Point>
      </Placemark>
      <Placemark>
        <name>亀甲台公園</name>
        <description><![CDATA[﻿市区町村コード: 122173<br>都道府県: 千葉県<br>市町村名: 柏市<br>投票区コード: 29<br>投票区名: 第２９投票区<br>掲示場住所: 亀甲台町一丁目２７番<br>経度: 139.9800144<br>緯度: 35.84878833]]></description>
        <styleUrl>#icon-1899-0288D1</styleUrl>
        <ExtendedData>
          <Data name="﻿市区町村コード">
            <value>122173.0</value>
          </Data>
          <Data name="都道府県">
            <value>千葉県</value>
          </Data>
          <Data name="市町村名">
            <value>柏市</value>
          </Data>
          <Data name="投票区コード">
            <value>29.0</value>
          </Data>
          <Data name="投票区名">
            <value>第２９投票区</value>
          </Data>
          <Data name="掲示場住所">
            <value>亀甲台町一丁目２７番</value>
          </Data>
          <Data name="経度">
            <value>139.9800144</value>
          </Data>
          <Data name="緯度">
            <value>35.84878833</value>
          </Data>
        </ExtendedData>
        <Point>
          <coordinates>
            139.9800144,35.84878833,0
          </coordinates>
        </Point>
      </Placemark>
      <Placemark>
        <name>名戸ケ谷第一公園</name>
        <description><![CDATA[﻿市区町村コード: 122173<br>都道府県: 千葉県<br>市町村名: 柏市<br>投票区コード: 29<br>投票区名: 第２９投票区<br>掲示場住所: 名戸ケ谷一丁目１番<br>経度: 139.9735183<br>緯度: 35.84503417]]></description>
        <styleUrl>#icon-1899-0288D1</styleUrl>
        <ExtendedData>
          <Data name="﻿市区町村コード">
            <value>122173.0</value>
          </Data>
          <Data name="都道府県">
            <value>千葉県</value>
          </Data>
          <Data name="市町村名">
            <value>柏市</value>
          </Data>
          <Data name="投票区コード">
            <value>29.0</value>
          </Data>
          <Data name="投票区名">
            <value>第２９投票区</value>
          </Data>
          <Data name="掲示場住所">
            <value>名戸ケ谷一丁目１番</value>
          </Data>
          <Data name="経度">
            <value>139.9735183</value>
          </Data>
          <Data name="緯度">
            <value>35.84503417</value>
          </Data>
        </ExtendedData>
        <Point>
          <coordinates>
            139.9735183,35.84503417,0
          </coordinates>
        </Point>
      </Placemark>
      <Placemark>
        <name>永楽台近隣公園西側</name>
        <description><![CDATA[﻿市区町村コード: 122173<br>都道府県: 千葉県<br>市町村名: 柏市<br>投票区コード: 29<br>投票区名: 第２９投票区<br>掲示場住所: 永楽台二丁目１１番<br>経度: 139.9698686<br>緯度: 35.84234139]]></description>
        <styleUrl>#icon-1899-0288D1</styleUrl>
        <ExtendedData>
          <Data name="﻿市区町村コード">
            <value>122173.0</value>
          </Data>
          <Data name="都道府県">
            <value>千葉県</value>
          </Data>
          <Data name="市町村名">
            <value>柏市</value>
          </Data>
          <Data name="投票区コード">
            <value>29.0</value>
          </Data>
          <Data name="投票区名">
            <value>第２９投票区</value>
          </Data>
          <Data name="掲示場住所">
            <value>永楽台二丁目１１番</value>
          </Data>
          <Data name="経度">
            <value>139.9698686</value>
          </Data>
          <Data name="緯度">
            <value>35.84234139</value>
          </Data>
        </ExtendedData>
        <Point>
          <coordinates>
            139.9698686,35.84234139,0
          </coordinates>
        </Point>
      </Placemark>
      <Placemark>
        <name>名戸ケ谷小学校正門右交差点</name>
        <description><![CDATA[﻿市区町村コード: 122173<br>都道府県: 千葉県<br>市町村名: 柏市<br>投票区コード: 29<br>投票区名: 第２９投票区<br>掲示場住所: 名戸ケ谷４７４番地１<br>経度: 139.9860828<br>緯度: 35.84657222]]></description>
        <styleUrl>#icon-1899-0288D1</styleUrl>
        <ExtendedData>
          <Data name="﻿市区町村コード">
            <value>122173.0</value>
          </Data>
          <Data name="都道府県">
            <value>千葉県</value>
          </Data>
          <Data name="市町村名">
            <value>柏市</value>
          </Data>
          <Data name="投票区コード">
            <value>29.0</value>
          </Data>
          <Data name="投票区名">
            <value>第２９投票区</value>
          </Data>
          <Data name="掲示場住所">
            <value>名戸ケ谷４７４番地１</value>
          </Data>
          <Data name="経度">
            <value>139.9860828</value>
          </Data>
          <Data name="緯度">
            <value>35.84657222</value>
          </Data>
        </ExtendedData>
        <Point>
          <coordinates>
            139.9860828,35.84657222,0
          </coordinates>
        </Point>
      </Placemark>
      <Placemark>
        <name>豊上町第二公園</name>
        <description><![CDATA[﻿市区町村コード: 122173<br>都道府県: 千葉県<br>市町村名: 柏市<br>投票区コード: 30<br>投票区名: 第３０投票区<br>掲示場住所: 豊上町２５番地<br>経度: 139.9550903<br>緯度: 35.85562417]]></description>
        <styleUrl>#icon-1899-0288D1</styleUrl>
        <ExtendedData>
          <Data name="﻿市区町村コード">
            <value>122173.0</value>
          </Data>
          <Data name="都道府県">
            <value>千葉県</value>
          </Data>
          <Data name="市町村名">
            <value>柏市</value>
          </Data>
          <Data name="投票区コード">
            <value>30.0</value>
          </Data>
          <Data name="投票区名">
            <value>第３０投票区</value>
          </Data>
          <Data name="掲示場住所">
            <value>豊上町２５番地</value>
          </Data>
          <Data name="経度">
            <value>139.9550903</value>
          </Data>
          <Data name="緯度">
            <value>35.85562417</value>
          </Data>
        </ExtendedData>
        <Point>
          <coordinates>
            139.9550903,35.85562417,0
          </coordinates>
        </Point>
      </Placemark>
      <Placemark>
        <name>旭町公園</name>
        <description><![CDATA[﻿市区町村コード: 122173<br>都道府県: 千葉県<br>市町村名: 柏市<br>投票区コード: 30<br>投票区名: 第３０投票区<br>掲示場住所: 旭町八丁目３番<br>経度: 139.9531375<br>緯度: 35.86167444]]></description>
        <styleUrl>#icon-1899-0288D1</styleUrl>
        <ExtendedData>
          <Data name="﻿市区町村コード">
            <value>122173.0</value>
          </Data>
          <Data name="都道府県">
            <value>千葉県</value>
          </Data>
          <Data name="市町村名">
            <value>柏市</value>
          </Data>
          <Data name="投票区コード">
            <value>30.0</value>
          </Data>
          <Data name="投票区名">
            <value>第３０投票区</value>
          </Data>
          <Data name="掲示場住所">
            <value>旭町八丁目３番</value>
          </Data>
          <Data name="経度">
            <value>139.9531375</value>
          </Data>
          <Data name="緯度">
            <value>35.86167444</value>
          </Data>
        </ExtendedData>
        <Point>
          <coordinates>
            139.9531375,35.86167444,0
          </coordinates>
        </Point>
      </Placemark>
      <Placemark>
        <name>豊上町第一公園</name>
        <description><![CDATA[﻿市区町村コード: 122173<br>都道府県: 千葉県<br>市町村名: 柏市<br>投票区コード: 30<br>投票区名: 第３０投票区<br>掲示場住所: 豊上町７番<br>経度: 139.9525069<br>緯度: 35.85862694]]></description>
        <styleUrl>#icon-1899-0288D1</styleUrl>
        <ExtendedData>
          <Data name="﻿市区町村コード">
            <value>122173.0</value>
          </Data>
          <Data name="都道府県">
            <value>千葉県</value>
          </Data>
          <Data name="市町村名">
            <value>柏市</value>
          </Data>
          <Data name="投票区コード">
            <value>30.0</value>
          </Data>
          <Data name="投票区名">
            <value>第３０投票区</value>
          </Data>
          <Data name="掲示場住所">
            <value>豊上町７番</value>
          </Data>
          <Data name="経度">
            <value>139.9525069</value>
          </Data>
          <Data name="緯度">
            <value>35.85862694</value>
          </Data>
        </ExtendedData>
        <Point>
          <coordinates>
            139.9525069,35.85862694,0
          </coordinates>
        </Point>
      </Placemark>
      <Placemark>
        <name>柏市立旭小学校正門横</name>
        <description><![CDATA[﻿市区町村コード: 122173<br>都道府県: 千葉県<br>市町村名: 柏市<br>投票区コード: 30<br>投票区名: 第３０投票区<br>掲示場住所: 旭町六丁目５番１７号<br>経度: 139.9552242<br>緯度: 35.85746944]]></description>
        <styleUrl>#icon-1899-0288D1</styleUrl>
        <ExtendedData>
          <Data name="﻿市区町村コード">
            <value>122173.0</value>
          </Data>
          <Data name="都道府県">
            <value>千葉県</value>
          </Data>
          <Data name="市町村名">
            <value>柏市</value>
          </Data>
          <Data name="投票区コード">
            <value>30.0</value>
          </Data>
          <Data name="投票区名">
            <value>第３０投票区</value>
          </Data>
          <Data name="掲示場住所">
            <value>旭町六丁目５番１７号</value>
          </Data>
          <Data name="経度">
            <value>139.9552242</value>
          </Data>
          <Data name="緯度">
            <value>35.85746944</value>
          </Data>
        </ExtendedData>
        <Point>
          <coordinates>
            139.9552242,35.85746944,0
          </coordinates>
        </Point>
      </Placemark>
      <Placemark>
        <name>吉野沢公園</name>
        <description><![CDATA[﻿市区町村コード: 122173<br>都道府県: 千葉県<br>市町村名: 柏市<br>投票区コード: 30<br>投票区名: 第３０投票区<br>掲示場住所: 吉野沢８<br>経度: 139.9599178<br>緯度: 35.85344139]]></description>
        <styleUrl>#icon-1899-0288D1</styleUrl>
        <ExtendedData>
          <Data name="﻿市区町村コード">
            <value>122173.0</value>
          </Data>
          <Data name="都道府県">
            <value>千葉県</value>
          </Data>
          <Data name="市町村名">
            <value>柏市</value>
          </Data>
          <Data name="投票区コード">
            <value>30.0</value>
          </Data>
          <Data name="投票区名">
            <value>第３０投票区</value>
          </Data>
          <Data name="掲示場住所">
            <value>吉野沢８</value>
          </Data>
          <Data name="経度">
            <value>139.9599178</value>
          </Data>
          <Data name="緯度">
            <value>35.85344139</value>
          </Data>
        </ExtendedData>
        <Point>
          <coordinates>
            139.9599178,35.85344139,0
          </coordinates>
        </Point>
      </Placemark>
      <Placemark>
        <name>スナックみすず隣駐車場前</name>
        <description><![CDATA[﻿市区町村コード: 122173<br>都道府県: 千葉県<br>市町村名: 柏市<br>投票区コード: 30<br>投票区名: 第３０投票区<br>掲示場住所: 豊平町４０９番地１２２<br>経度: 139.9570872<br>緯度: 35.85487444]]></description>
        <styleUrl>#icon-1899-0288D1</styleUrl>
        <ExtendedData>
          <Data name="﻿市区町村コード">
            <value>122173.0</value>
          </Data>
          <Data name="都道府県">
            <value>千葉県</value>
          </Data>
          <Data name="市町村名">
            <value>柏市</value>
          </Data>
          <Data name="投票区コード">
            <value>30.0</value>
          </Data>
          <Data name="投票区名">
            <value>第３０投票区</value>
          </Data>
          <Data name="掲示場住所">
            <value>豊平町４０９番地１２２</value>
          </Data>
          <Data name="経度">
            <value>139.9570872</value>
          </Data>
          <Data name="緯度">
            <value>35.85487444</value>
          </Data>
        </ExtendedData>
        <Point>
          <coordinates>
            139.9570872,35.85487444,0
          </coordinates>
        </Point>
      </Placemark>
      <Placemark>
        <name>新富町第一公園</name>
        <description><![CDATA[﻿市区町村コード: 122173<br>都道府県: 千葉県<br>市町村名: 柏市<br>投票区コード: 30<br>投票区名: 第３０投票区<br>掲示場住所: 新富町一丁目１０番<br>経度: 139.9564364<br>緯度: 35.85218111]]></description>
        <styleUrl>#icon-1899-0288D1</styleUrl>
        <ExtendedData>
          <Data name="﻿市区町村コード">
            <value>122173.0</value>
          </Data>
          <Data name="都道府県">
            <value>千葉県</value>
          </Data>
          <Data name="市町村名">
            <value>柏市</value>
          </Data>
          <Data name="投票区コード">
            <value>30.0</value>
          </Data>
          <Data name="投票区名">
            <value>第３０投票区</value>
          </Data>
          <Data name="掲示場住所">
            <value>新富町一丁目１０番</value>
          </Data>
          <Data name="経度">
            <value>139.9564364</value>
          </Data>
          <Data name="緯度">
            <value>35.85218111</value>
          </Data>
        </ExtendedData>
        <Point>
          <coordinates>
            139.9564364,35.85218111,0
          </coordinates>
        </Point>
      </Placemark>
      <Placemark>
        <name>柏市立旭小学校南側</name>
        <description><![CDATA[﻿市区町村コード: 122173<br>都道府県: 千葉県<br>市町村名: 柏市<br>投票区コード: 30<br>投票区名: 第３０投票区<br>掲示場住所: 旭町六丁目５番１７号<br>経度: 139.9555983<br>緯度: 35.85635722]]></description>
        <styleUrl>#icon-1899-0288D1</styleUrl>
        <ExtendedData>
          <Data name="﻿市区町村コード">
            <value>122173.0</value>
          </Data>
          <Data name="都道府県">
            <value>千葉県</value>
          </Data>
          <Data name="市町村名">
            <value>柏市</value>
          </Data>
          <Data name="投票区コード">
            <value>30.0</value>
          </Data>
          <Data name="投票区名">
            <value>第３０投票区</value>
          </Data>
          <Data name="掲示場住所">
            <value>旭町六丁目５番１７号</value>
          </Data>
          <Data name="経度">
            <value>139.9555983</value>
          </Data>
          <Data name="緯度">
            <value>35.85635722</value>
          </Data>
        </ExtendedData>
        <Point>
          <coordinates>
            139.9555983,35.85635722,0
          </coordinates>
        </Point>
      </Placemark>
      <Placemark>
        <name>気象大学校校門横</name>
        <description><![CDATA[﻿市区町村コード: 122173<br>都道府県: 千葉県<br>市町村名: 柏市<br>投票区コード: 30<br>投票区名: 第３０投票区<br>掲示場住所: 旭町七丁目４－８１<br>経度: 139.9590239<br>緯度: 35.85880278]]></description>
        <styleUrl>#icon-1899-0288D1</styleUrl>
        <ExtendedData>
          <Data name="﻿市区町村コード">
            <value>122173.0</value>
          </Data>
          <Data name="都道府県">
            <value>千葉県</value>
          </Data>
          <Data name="市町村名">
            <value>柏市</value>
          </Data>
          <Data name="投票区コード">
            <value>30.0</value>
          </Data>
          <Data name="投票区名">
            <value>第３０投票区</value>
          </Data>
          <Data name="掲示場住所">
            <value>旭町七丁目４－８１</value>
          </Data>
          <Data name="経度">
            <value>139.9590239</value>
          </Data>
          <Data name="緯度">
            <value>35.85880278</value>
          </Data>
        </ExtendedData>
        <Point>
          <coordinates>
            139.9590239,35.85880278,0
          </coordinates>
        </Point>
      </Placemark>
      <Placemark>
        <name>北庚塚第一公園</name>
        <description><![CDATA[﻿市区町村コード: 122173<br>都道府県: 千葉県<br>市町村名: 柏市<br>投票区コード: 31<br>投票区名: 第３１投票区<br>掲示場住所: 十余二２９７番地<br>経度: 139.9690733<br>緯度: 35.88434056]]></description>
        <styleUrl>#icon-1899-0288D1</styleUrl>
        <ExtendedData>
          <Data name="﻿市区町村コード">
            <value>122173.0</value>
          </Data>
          <Data name="都道府県">
            <value>千葉県</value>
          </Data>
          <Data name="市町村名">
            <value>柏市</value>
          </Data>
          <Data name="投票区コード">
            <value>31.0</value>
          </Data>
          <Data name="投票区名">
            <value>第３１投票区</value>
          </Data>
          <Data name="掲示場住所">
            <value>十余二２９７番地</value>
          </Data>
          <Data name="経度">
            <value>139.9690733</value>
          </Data>
          <Data name="緯度">
            <value>35.88434056</value>
          </Data>
        </ExtendedData>
        <Point>
          <coordinates>
            139.9690733,35.88434056,0
          </coordinates>
        </Point>
      </Placemark>
      <Placemark>
        <name>サービス付き高齢者向け住宅SLP柏横</name>
        <description><![CDATA[﻿市区町村コード: 122173<br>都道府県: 千葉県<br>市町村名: 柏市<br>投票区コード: 31<br>投票区名: 第３１投票区<br>掲示場住所: 十余二２８７－３２<br>経度: 139.9639008<br>緯度: 35.88547167]]></description>
        <styleUrl>#icon-1899-0288D1</styleUrl>
        <ExtendedData>
          <Data name="﻿市区町村コード">
            <value>122173.0</value>
          </Data>
          <Data name="都道府県">
            <value>千葉県</value>
          </Data>
          <Data name="市町村名">
            <value>柏市</value>
          </Data>
          <Data name="投票区コード">
            <value>31.0</value>
          </Data>
          <Data name="投票区名">
            <value>第３１投票区</value>
          </Data>
          <Data name="掲示場住所">
            <value>十余二２８７－３２</value>
          </Data>
          <Data name="経度">
            <value>139.9639008</value>
          </Data>
          <Data name="緯度">
            <value>35.88547167</value>
          </Data>
        </ExtendedData>
        <Point>
          <coordinates>
            139.9639008,35.88547167,0
          </coordinates>
        </Point>
      </Placemark>
      <Placemark>
        <name>サントレーディング前</name>
        <description><![CDATA[﻿市区町村コード: 122173<br>都道府県: 千葉県<br>市町村名: 柏市<br>投票区コード: 31<br>投票区名: 第３１投票区<br>掲示場住所: 十余二２７６番地<br>経度: 139.9654525<br>緯度: 35.88323083]]></description>
        <styleUrl>#icon-1899-0288D1</styleUrl>
        <ExtendedData>
          <Data name="﻿市区町村コード">
            <value>122173.0</value>
          </Data>
          <Data name="都道府県">
            <value>千葉県</value>
          </Data>
          <Data name="市町村名">
            <value>柏市</value>
          </Data>
          <Data name="投票区コード">
            <value>31.0</value>
          </Data>
          <Data name="投票区名">
            <value>第３１投票区</value>
          </Data>
          <Data name="掲示場住所">
            <value>十余二２７６番地</value>
          </Data>
          <Data name="経度">
            <value>139.9654525</value>
          </Data>
          <Data name="緯度">
            <value>35.88323083</value>
          </Data>
        </ExtendedData>
        <Point>
          <coordinates>
            139.9654525,35.88323083,0
          </coordinates>
        </Point>
      </Placemark>
      <Placemark>
        <name>柏市立柏の葉中学校グラウンド横</name>
        <description><![CDATA[﻿市区町村コード: 122173<br>都道府県: 千葉県<br>市町村名: 柏市<br>投票区コード: 31<br>投票区名: 第３１投票区<br>掲示場住所: 十余二３３７－９３<br>経度: 139.95514<br>緯度: 35.88475472]]></description>
        <styleUrl>#icon-1899-0288D1</styleUrl>
        <ExtendedData>
          <Data name="﻿市区町村コード">
            <value>122173.0</value>
          </Data>
          <Data name="都道府県">
            <value>千葉県</value>
          </Data>
          <Data name="市町村名">
            <value>柏市</value>
          </Data>
          <Data name="投票区コード">
            <value>31.0</value>
          </Data>
          <Data name="投票区名">
            <value>第３１投票区</value>
          </Data>
          <Data name="掲示場住所">
            <value>十余二３３７－９３</value>
          </Data>
          <Data name="経度">
            <value>139.95514</value>
          </Data>
          <Data name="緯度">
            <value>35.88475472</value>
          </Data>
        </ExtendedData>
        <Point>
          <coordinates>
            139.95514,35.88475472,0
          </coordinates>
        </Point>
      </Placemark>
      <Placemark>
        <name>自由の広場</name>
        <description><![CDATA[﻿市区町村コード: 122173<br>都道府県: 千葉県<br>市町村名: 柏市<br>投票区コード: 31<br>投票区名: 第３１投票区<br>掲示場住所: 若柴１丁目４３番地<br>経度: 139.95801<br>緯度: 35.8871521]]></description>
        <styleUrl>#icon-1899-0288D1</styleUrl>
        <ExtendedData>
          <Data name="﻿市区町村コード">
            <value>122173.0</value>
          </Data>
          <Data name="都道府県">
            <value>千葉県</value>
          </Data>
          <Data name="市町村名">
            <value>柏市</value>
          </Data>
          <Data name="投票区コード">
            <value>31.0</value>
          </Data>
          <Data name="投票区名">
            <value>第３１投票区</value>
          </Data>
          <Data name="掲示場住所">
            <value>若柴１丁目４３番地</value>
          </Data>
          <Data name="経度">
            <value>139.95801</value>
          </Data>
          <Data name="緯度">
            <value>35.8871521</value>
          </Data>
        </ExtendedData>
        <Point>
          <coordinates>
            139.95801,35.8871521,0
          </coordinates>
        </Point>
      </Placemark>
      <Placemark>
        <name>篠籠田市民緑地</name>
        <description><![CDATA[﻿市区町村コード: 122173<br>都道府県: 千葉県<br>市町村名: 柏市<br>投票区コード: 32<br>投票区名: 第３２投票区<br>掲示場住所: 篠籠田４５０番地の１<br>経度: 139.9637622<br>緯度: 35.86946528]]></description>
        <styleUrl>#icon-1899-0288D1</styleUrl>
        <ExtendedData>
          <Data name="﻿市区町村コード">
            <value>122173.0</value>
          </Data>
          <Data name="都道府県">
            <value>千葉県</value>
          </Data>
          <Data name="市町村名">
            <value>柏市</value>
          </Data>
          <Data name="投票区コード">
            <value>32.0</value>
          </Data>
          <Data name="投票区名">
            <value>第３２投票区</value>
          </Data>
          <Data name="掲示場住所">
            <value>篠籠田４５０番地の１</value>
          </Data>
          <Data name="経度">
            <value>139.9637622</value>
          </Data>
          <Data name="緯度">
            <value>35.86946528</value>
          </Data>
        </ExtendedData>
        <Point>
          <coordinates>
            139.9637622,35.86946528,0
          </coordinates>
        </Point>
      </Placemark>
      <Placemark>
        <name>吉岡宅前</name>
        <description><![CDATA[﻿市区町村コード: 122173<br>都道府県: 千葉県<br>市町村名: 柏市<br>投票区コード: 32<br>投票区名: 第３２投票区<br>掲示場住所: 篠籠田７０５番地の１<br>経度: 139.9598719<br>緯度: 35.87155028]]></description>
        <styleUrl>#icon-1899-0288D1</styleUrl>
        <ExtendedData>
          <Data name="﻿市区町村コード">
            <value>122173.0</value>
          </Data>
          <Data name="都道府県">
            <value>千葉県</value>
          </Data>
          <Data name="市町村名">
            <value>柏市</value>
          </Data>
          <Data name="投票区コード">
            <value>32.0</value>
          </Data>
          <Data name="投票区名">
            <value>第３２投票区</value>
          </Data>
          <Data name="掲示場住所">
            <value>篠籠田７０５番地の１</value>
          </Data>
          <Data name="経度">
            <value>139.9598719</value>
          </Data>
          <Data name="緯度">
            <value>35.87155028</value>
          </Data>
        </ExtendedData>
        <Point>
          <coordinates>
            139.9598719,35.87155028,0
          </coordinates>
        </Point>
      </Placemark>
      <Placemark>
        <name>西町第三公園</name>
        <description><![CDATA[﻿市区町村コード: 122173<br>都道府県: 千葉県<br>市町村名: 柏市<br>投票区コード: 32<br>投票区名: 第３２投票区<br>掲示場住所: 西町３番<br>経度: 139.9590081<br>緯度: 35.86897944]]></description>
        <styleUrl>#icon-1899-0288D1</styleUrl>
        <ExtendedData>
          <Data name="﻿市区町村コード">
            <value>122173.0</value>
          </Data>
          <Data name="都道府県">
            <value>千葉県</value>
          </Data>
          <Data name="市町村名">
            <value>柏市</value>
          </Data>
          <Data name="投票区コード">
            <value>32.0</value>
          </Data>
          <Data name="投票区名">
            <value>第３２投票区</value>
          </Data>
          <Data name="掲示場住所">
            <value>西町３番</value>
          </Data>
          <Data name="経度">
            <value>139.9590081</value>
          </Data>
          <Data name="緯度">
            <value>35.86897944</value>
          </Data>
        </ExtendedData>
        <Point>
          <coordinates>
            139.9590081,35.86897944,0
          </coordinates>
        </Point>
      </Placemark>
      <Placemark>
        <name>柏市立柏第七小学校正門横</name>
        <description><![CDATA[﻿市区町村コード: 122173<br>都道府県: 千葉県<br>市町村名: 柏市<br>投票区コード: 32<br>投票区名: 第３２投票区<br>掲示場住所: 篠籠田７２３番地の１<br>経度: 139.9574067<br>緯度: 35.87168417]]></description>
        <styleUrl>#icon-1899-0288D1</styleUrl>
        <ExtendedData>
          <Data name="﻿市区町村コード">
            <value>122173.0</value>
          </Data>
          <Data name="都道府県">
            <value>千葉県</value>
          </Data>
          <Data name="市町村名">
            <value>柏市</value>
          </Data>
          <Data name="投票区コード">
            <value>32.0</value>
          </Data>
          <Data name="投票区名">
            <value>第３２投票区</value>
          </Data>
          <Data name="掲示場住所">
            <value>篠籠田７２３番地の１</value>
          </Data>
          <Data name="経度">
            <value>139.9574067</value>
          </Data>
          <Data name="緯度">
            <value>35.87168417</value>
          </Data>
        </ExtendedData>
        <Point>
          <coordinates>
            139.9574067,35.87168417,0
          </coordinates>
        </Point>
      </Placemark>
      <Placemark>
        <name>柏市立柏第七小学校裏門横</name>
        <description><![CDATA[﻿市区町村コード: 122173<br>都道府県: 千葉県<br>市町村名: 柏市<br>投票区コード: 32<br>投票区名: 第３２投票区<br>掲示場住所: 篠籠田７２３番地の１<br>経度: 139.9557683<br>緯度: 35.87133917]]></description>
        <styleUrl>#icon-1899-0288D1</styleUrl>
        <ExtendedData>
          <Data name="﻿市区町村コード">
            <value>122173.0</value>
          </Data>
          <Data name="都道府県">
            <value>千葉県</value>
          </Data>
          <Data name="市町村名">
            <value>柏市</value>
          </Data>
          <Data name="投票区コード">
            <value>32.0</value>
          </Data>
          <Data name="投票区名">
            <value>第３２投票区</value>
          </Data>
          <Data name="掲示場住所">
            <value>篠籠田７２３番地の１</value>
          </Data>
          <Data name="経度">
            <value>139.9557683</value>
          </Data>
          <Data name="緯度">
            <value>35.87133917</value>
          </Data>
        </ExtendedData>
        <Point>
          <coordinates>
            139.9557683,35.87133917,0
          </coordinates>
        </Point>
      </Placemark>
      <Placemark>
        <name>西町第二公園</name>
        <description><![CDATA[﻿市区町村コード: 122173<br>都道府県: 千葉県<br>市町村名: 柏市<br>投票区コード: 32<br>投票区名: 第３２投票区<br>掲示場住所: 西町２番<br>経度: 139.9595061<br>緯度: 35.86813167]]></description>
        <styleUrl>#icon-1899-0288D1</styleUrl>
        <ExtendedData>
          <Data name="﻿市区町村コード">
            <value>122173.0</value>
          </Data>
          <Data name="都道府県">
            <value>千葉県</value>
          </Data>
          <Data name="市町村名">
            <value>柏市</value>
          </Data>
          <Data name="投票区コード">
            <value>32.0</value>
          </Data>
          <Data name="投票区名">
            <value>第３２投票区</value>
          </Data>
          <Data name="掲示場住所">
            <value>西町２番</value>
          </Data>
          <Data name="経度">
            <value>139.9595061</value>
          </Data>
          <Data name="緯度">
            <value>35.86813167</value>
          </Data>
        </ExtendedData>
        <Point>
          <coordinates>
            139.9595061,35.86813167,0
          </coordinates>
        </Point>
      </Placemark>
      <Placemark>
        <name>寺前第二公園</name>
        <description><![CDATA[﻿市区町村コード: 122173<br>都道府県: 千葉県<br>市町村名: 柏市<br>投票区コード: 32<br>投票区名: 第３２投票区<br>掲示場住所: 篠籠田１２５５－５<br>経度: 139.9552878<br>緯度: 35.8735725]]></description>
        <styleUrl>#icon-1899-0288D1</styleUrl>
        <ExtendedData>
          <Data name="﻿市区町村コード">
            <value>122173.0</value>
          </Data>
          <Data name="都道府県">
            <value>千葉県</value>
          </Data>
          <Data name="市町村名">
            <value>柏市</value>
          </Data>
          <Data name="投票区コード">
            <value>32.0</value>
          </Data>
          <Data name="投票区名">
            <value>第３２投票区</value>
          </Data>
          <Data name="掲示場住所">
            <value>篠籠田１２５５－５</value>
          </Data>
          <Data name="経度">
            <value>139.9552878</value>
          </Data>
          <Data name="緯度">
            <value>35.8735725</value>
          </Data>
        </ExtendedData>
        <Point>
          <coordinates>
            139.9552878,35.8735725,0
          </coordinates>
        </Point>
      </Placemark>
      <Placemark>
        <name>なかまち第二公園</name>
        <description><![CDATA[﻿市区町村コード: 122173<br>都道府県: 千葉県<br>市町村名: 柏市<br>投票区コード: 33<br>投票区名: 第３３投票区<br>掲示場住所: 南逆井六丁目２０番<br>経度: 139.9778508<br>緯度: 35.80735278]]></description>
        <styleUrl>#icon-1899-0288D1</styleUrl>
        <ExtendedData>
          <Data name="﻿市区町村コード">
            <value>122173.0</value>
          </Data>
          <Data name="都道府県">
            <value>千葉県</value>
          </Data>
          <Data name="市町村名">
            <value>柏市</value>
          </Data>
          <Data name="投票区コード">
            <value>33.0</value>
          </Data>
          <Data name="投票区名">
            <value>第３３投票区</value>
          </Data>
          <Data name="掲示場住所">
            <value>南逆井六丁目２０番</value>
          </Data>
          <Data name="経度">
            <value>139.9778508</value>
          </Data>
          <Data name="緯度">
            <value>35.80735278</value>
          </Data>
        </ExtendedData>
        <Point>
          <coordinates>
            139.9778508,35.80735278,0
          </coordinates>
        </Point>
      </Placemark>
      <Placemark>
        <name>野沢ふるさと会館横</name>
        <description><![CDATA[﻿市区町村コード: 122173<br>都道府県: 千葉県<br>市町村名: 柏市<br>投票区コード: 33<br>投票区名: 第３３投票区<br>掲示場住所: 南逆井六丁目３０番<br>経度: 139.9786725<br>緯度: 35.80652639]]></description>
        <styleUrl>#icon-1899-0288D1</styleUrl>
        <ExtendedData>
          <Data name="﻿市区町村コード">
            <value>122173.0</value>
          </Data>
          <Data name="都道府県">
            <value>千葉県</value>
          </Data>
          <Data name="市町村名">
            <value>柏市</value>
          </Data>
          <Data name="投票区コード">
            <value>33.0</value>
          </Data>
          <Data name="投票区名">
            <value>第３３投票区</value>
          </Data>
          <Data name="掲示場住所">
            <value>南逆井六丁目３０番</value>
          </Data>
          <Data name="経度">
            <value>139.9786725</value>
          </Data>
          <Data name="緯度">
            <value>35.80652639</value>
          </Data>
        </ExtendedData>
        <Point>
          <coordinates>
            139.9786725,35.80652639,0
          </coordinates>
        </Point>
      </Placemark>
      <Placemark>
        <name>宮田島運動場</name>
        <description><![CDATA[﻿市区町村コード: 122173<br>都道府県: 千葉県<br>市町村名: 柏市<br>投票区コード: 33<br>投票区名: 第３３投票区<br>掲示場住所: 逆井３３５番地の２<br>経度: 139.9811406<br>緯度: 35.8094675]]></description>
        <styleUrl>#icon-1899-0288D1</styleUrl>
        <ExtendedData>
          <Data name="﻿市区町村コード">
            <value>122173.0</value>
          </Data>
          <Data name="都道府県">
            <value>千葉県</value>
          </Data>
          <Data name="市町村名">
            <value>柏市</value>
          </Data>
          <Data name="投票区コード">
            <value>33.0</value>
          </Data>
          <Data name="投票区名">
            <value>第３３投票区</value>
          </Data>
          <Data name="掲示場住所">
            <value>逆井３３５番地の２</value>
          </Data>
          <Data name="経度">
            <value>139.9811406</value>
          </Data>
          <Data name="緯度">
            <value>35.8094675</value>
          </Data>
        </ExtendedData>
        <Point>
          <coordinates>
            139.9811406,35.8094675,0
          </coordinates>
        </Point>
      </Placemark>
      <Placemark>
        <name>なかまち第一公園</name>
        <description><![CDATA[﻿市区町村コード: 122173<br>都道府県: 千葉県<br>市町村名: 柏市<br>投票区コード: 33<br>投票区名: 第３３投票区<br>掲示場住所: 南逆井五丁目１０番<br>経度: 139.9764986<br>緯度: 35.8079325]]></description>
        <styleUrl>#icon-1899-0288D1</styleUrl>
        <ExtendedData>
          <Data name="﻿市区町村コード">
            <value>122173.0</value>
          </Data>
          <Data name="都道府県">
            <value>千葉県</value>
          </Data>
          <Data name="市町村名">
            <value>柏市</value>
          </Data>
          <Data name="投票区コード">
            <value>33.0</value>
          </Data>
          <Data name="投票区名">
            <value>第３３投票区</value>
          </Data>
          <Data name="掲示場住所">
            <value>南逆井五丁目１０番</value>
          </Data>
          <Data name="経度">
            <value>139.9764986</value>
          </Data>
          <Data name="緯度">
            <value>35.8079325</value>
          </Data>
        </ExtendedData>
        <Point>
          <coordinates>
            139.9764986,35.8079325,0
          </coordinates>
        </Point>
      </Placemark>
      <Placemark>
        <name>なかまち第三公園</name>
        <description><![CDATA[﻿市区町村コード: 122173<br>都道府県: 千葉県<br>市町村名: 柏市<br>投票区コード: 33<br>投票区名: 第３３投票区<br>掲示場住所: 南逆井七丁目１番<br>経度: 139.9792097<br>緯度: 35.80839389]]></description>
        <styleUrl>#icon-1899-0288D1</styleUrl>
        <ExtendedData>
          <Data name="﻿市区町村コード">
            <value>122173.0</value>
          </Data>
          <Data name="都道府県">
            <value>千葉県</value>
          </Data>
          <Data name="市町村名">
            <value>柏市</value>
          </Data>
          <Data name="投票区コード">
            <value>33.0</value>
          </Data>
          <Data name="投票区名">
            <value>第３３投票区</value>
          </Data>
          <Data name="掲示場住所">
            <value>南逆井七丁目１番</value>
          </Data>
          <Data name="経度">
            <value>139.9792097</value>
          </Data>
          <Data name="緯度">
            <value>35.80839389</value>
          </Data>
        </ExtendedData>
        <Point>
          <coordinates>
            139.9792097,35.80839389,0
          </coordinates>
        </Point>
      </Placemark>
      <Placemark>
        <name>逆井緑地</name>
        <description><![CDATA[﻿市区町村コード: 122173<br>都道府県: 千葉県<br>市町村名: 柏市<br>投票区コード: 33<br>投票区名: 第３３投票区<br>掲示場住所: 逆井１８３０番地の１<br>経度: 139.9822033<br>緯度: 35.8085925]]></description>
        <styleUrl>#icon-1899-0288D1</styleUrl>
        <ExtendedData>
          <Data name="﻿市区町村コード">
            <value>122173.0</value>
          </Data>
          <Data name="都道府県">
            <value>千葉県</value>
          </Data>
          <Data name="市町村名">
            <value>柏市</value>
          </Data>
          <Data name="投票区コード">
            <value>33.0</value>
          </Data>
          <Data name="投票区名">
            <value>第３３投票区</value>
          </Data>
          <Data name="掲示場住所">
            <value>逆井１８３０番地の１</value>
          </Data>
          <Data name="経度">
            <value>139.9822033</value>
          </Data>
          <Data name="緯度">
            <value>35.8085925</value>
          </Data>
        </ExtendedData>
        <Point>
          <coordinates>
            139.9822033,35.8085925,0
          </coordinates>
        </Point>
      </Placemark>
      <Placemark>
        <name>南逆井柏南子供の遊び場</name>
        <description><![CDATA[﻿市区町村コード: 122173<br>都道府県: 千葉県<br>市町村名: 柏市<br>投票区コード: 33<br>投票区名: 第３３投票区<br>掲示場住所: 南逆井四丁目２０番<br>経度: 139.9757069<br>緯度: 35.80367833]]></description>
        <styleUrl>#icon-1899-0288D1</styleUrl>
        <ExtendedData>
          <Data name="﻿市区町村コード">
            <value>122173.0</value>
          </Data>
          <Data name="都道府県">
            <value>千葉県</value>
          </Data>
          <Data name="市町村名">
            <value>柏市</value>
          </Data>
          <Data name="投票区コード">
            <value>33.0</value>
          </Data>
          <Data name="投票区名">
            <value>第３３投票区</value>
          </Data>
          <Data name="掲示場住所">
            <value>南逆井四丁目２０番</value>
          </Data>
          <Data name="経度">
            <value>139.9757069</value>
          </Data>
          <Data name="緯度">
            <value>35.80367833</value>
          </Data>
        </ExtendedData>
        <Point>
          <coordinates>
            139.9757069,35.80367833,0
          </coordinates>
        </Point>
      </Placemark>
      <Placemark>
        <name>西十余二第一公園</name>
        <description><![CDATA[﻿市区町村コード: 122173<br>都道府県: 千葉県<br>市町村名: 柏市<br>投票区コード: 34<br>投票区名: 第３４投票区<br>掲示場住所: 西原三丁目５番<br>経度: 139.9203636<br>緯度: 35.89598833]]></description>
        <styleUrl>#icon-1899-0288D1</styleUrl>
        <ExtendedData>
          <Data name="﻿市区町村コード">
            <value>122173.0</value>
          </Data>
          <Data name="都道府県">
            <value>千葉県</value>
          </Data>
          <Data name="市町村名">
            <value>柏市</value>
          </Data>
          <Data name="投票区コード">
            <value>34.0</value>
          </Data>
          <Data name="投票区名">
            <value>第３４投票区</value>
          </Data>
          <Data name="掲示場住所">
            <value>西原三丁目５番</value>
          </Data>
          <Data name="経度">
            <value>139.9203636</value>
          </Data>
          <Data name="緯度">
            <value>35.89598833</value>
          </Data>
        </ExtendedData>
        <Point>
          <coordinates>
            139.9203636,35.89598833,0
          </coordinates>
        </Point>
      </Placemark>
      <Placemark>
        <name>西十余二第二公園</name>
        <description><![CDATA[﻿市区町村コード: 122173<br>都道府県: 千葉県<br>市町村名: 柏市<br>投票区コード: 34<br>投票区名: 第３４投票区<br>掲示場住所: 西原三丁目１２番<br>経度: 139.9179553<br>緯度: 35.89380611]]></description>
        <styleUrl>#icon-1899-0288D1</styleUrl>
        <ExtendedData>
          <Data name="﻿市区町村コード">
            <value>122173.0</value>
          </Data>
          <Data name="都道府県">
            <value>千葉県</value>
          </Data>
          <Data name="市町村名">
            <value>柏市</value>
          </Data>
          <Data name="投票区コード">
            <value>34.0</value>
          </Data>
          <Data name="投票区名">
            <value>第３４投票区</value>
          </Data>
          <Data name="掲示場住所">
            <value>西原三丁目１２番</value>
          </Data>
          <Data name="経度">
            <value>139.9179553</value>
          </Data>
          <Data name="緯度">
            <value>35.89380611</value>
          </Data>
        </ExtendedData>
        <Point>
          <coordinates>
            139.9179553,35.89380611,0
          </coordinates>
        </Point>
      </Placemark>
      <Placemark>
        <name>柏市西原近隣センター体育館</name>
        <description><![CDATA[﻿市区町村コード: 122173<br>都道府県: 千葉県<br>市町村名: 柏市<br>投票区コード: 34<br>投票区名: 第３４投票区<br>掲示場住所: 西原二丁目１０番６２号<br>経度: 139.9201481<br>緯度: 35.89815583]]></description>
        <styleUrl>#icon-1899-0288D1</styleUrl>
        <ExtendedData>
          <Data name="﻿市区町村コード">
            <value>122173.0</value>
          </Data>
          <Data name="都道府県">
            <value>千葉県</value>
          </Data>
          <Data name="市町村名">
            <value>柏市</value>
          </Data>
          <Data name="投票区コード">
            <value>34.0</value>
          </Data>
          <Data name="投票区名">
            <value>第３４投票区</value>
          </Data>
          <Data name="掲示場住所">
            <value>西原二丁目１０番６２号</value>
          </Data>
          <Data name="経度">
            <value>139.9201481</value>
          </Data>
          <Data name="緯度">
            <value>35.89815583</value>
          </Data>
        </ExtendedData>
        <Point>
          <coordinates>
            139.9201481,35.89815583,0
          </coordinates>
        </Point>
      </Placemark>
      <Placemark>
        <name>柏市西原近隣センター前</name>
        <description><![CDATA[﻿市区町村コード: 122173<br>都道府県: 千葉県<br>市町村名: 柏市<br>投票区コード: 34<br>投票区名: 第３４投票区<br>掲示場住所: 西原三丁目２番４８号<br>経度: 139.9198208<br>緯度: 35.89711639]]></description>
        <styleUrl>#icon-1899-0288D1</styleUrl>
        <ExtendedData>
          <Data name="﻿市区町村コード">
            <value>122173.0</value>
          </Data>
          <Data name="都道府県">
            <value>千葉県</value>
          </Data>
          <Data name="市町村名">
            <value>柏市</value>
          </Data>
          <Data name="投票区コード">
            <value>34.0</value>
          </Data>
          <Data name="投票区名">
            <value>第３４投票区</value>
          </Data>
          <Data name="掲示場住所">
            <value>西原三丁目２番４８号</value>
          </Data>
          <Data name="経度">
            <value>139.9198208</value>
          </Data>
          <Data name="緯度">
            <value>35.89711639</value>
          </Data>
        </ExtendedData>
        <Point>
          <coordinates>
            139.9198208,35.89711639,0
          </coordinates>
        </Point>
      </Placemark>
      <Placemark>
        <name>西十余二第一公園西側</name>
        <description><![CDATA[﻿市区町村コード: 122173<br>都道府県: 千葉県<br>市町村名: 柏市<br>投票区コード: 34<br>投票区名: 第３４投票区<br>掲示場住所: 西原三丁目５番<br>経度: 139.9196042<br>緯度: 35.894825]]></description>
        <styleUrl>#icon-1899-0288D1</styleUrl>
        <ExtendedData>
          <Data name="﻿市区町村コード">
            <value>122173.0</value>
          </Data>
          <Data name="都道府県">
            <value>千葉県</value>
          </Data>
          <Data name="市町村名">
            <value>柏市</value>
          </Data>
          <Data name="投票区コード">
            <value>34.0</value>
          </Data>
          <Data name="投票区名">
            <value>第３４投票区</value>
          </Data>
          <Data name="掲示場住所">
            <value>西原三丁目５番</value>
          </Data>
          <Data name="経度">
            <value>139.9196042</value>
          </Data>
          <Data name="緯度">
            <value>35.894825</value>
          </Data>
        </ExtendedData>
        <Point>
          <coordinates>
            139.9196042,35.894825,0
          </coordinates>
        </Point>
      </Placemark>
      <Placemark>
        <name>西原第五公園</name>
        <description><![CDATA[﻿市区町村コード: 122173<br>都道府県: 千葉県<br>市町村名: 柏市<br>投票区コード: 34<br>投票区名: 第３４投票区<br>掲示場住所: 西原三丁目７番<br>経度: 139.9187042<br>緯度: 35.89627333]]></description>
        <styleUrl>#icon-1899-0288D1</styleUrl>
        <ExtendedData>
          <Data name="﻿市区町村コード">
            <value>122173.0</value>
          </Data>
          <Data name="都道府県">
            <value>千葉県</value>
          </Data>
          <Data name="市町村名">
            <value>柏市</value>
          </Data>
          <Data name="投票区コード">
            <value>34.0</value>
          </Data>
          <Data name="投票区名">
            <value>第３４投票区</value>
          </Data>
          <Data name="掲示場住所">
            <value>西原三丁目７番</value>
          </Data>
          <Data name="経度">
            <value>139.9187042</value>
          </Data>
          <Data name="緯度">
            <value>35.89627333</value>
          </Data>
        </ExtendedData>
        <Point>
          <coordinates>
            139.9187042,35.89627333,0
          </coordinates>
        </Point>
      </Placemark>
      <Placemark>
        <name>フランス菓子　オペラ座前</name>
        <description><![CDATA[﻿市区町村コード: 122173<br>都道府県: 千葉県<br>市町村名: 柏市<br>投票区コード: 35<br>投票区名: 第３５投票区<br>掲示場住所: つくしが丘三丁目２番<br>経度: 139.9662792<br>緯度: 35.83714278]]></description>
        <styleUrl>#icon-1899-0288D1</styleUrl>
        <ExtendedData>
          <Data name="﻿市区町村コード">
            <value>122173.0</value>
          </Data>
          <Data name="都道府県">
            <value>千葉県</value>
          </Data>
          <Data name="市町村名">
            <value>柏市</value>
          </Data>
          <Data name="投票区コード">
            <value>35.0</value>
          </Data>
          <Data name="投票区名">
            <value>第３５投票区</value>
          </Data>
          <Data name="掲示場住所">
            <value>つくしが丘三丁目２番</value>
          </Data>
          <Data name="経度">
            <value>139.9662792</value>
          </Data>
          <Data name="緯度">
            <value>35.83714278</value>
          </Data>
        </ExtendedData>
        <Point>
          <coordinates>
            139.9662792,35.83714278,0
          </coordinates>
        </Point>
      </Placemark>
      <Placemark>
        <name>つくしが丘第二公園</name>
        <description><![CDATA[﻿市区町村コード: 122173<br>都道府県: 千葉県<br>市町村名: 柏市<br>投票区コード: 35<br>投票区名: 第３５投票区<br>掲示場住所: つくしが丘三丁目１７番<br>経度: 139.9668986<br>緯度: 35.83375667]]></description>
        <styleUrl>#icon-1899-0288D1</styleUrl>
        <ExtendedData>
          <Data name="﻿市区町村コード">
            <value>122173.0</value>
          </Data>
          <Data name="都道府県">
            <value>千葉県</value>
          </Data>
          <Data name="市町村名">
            <value>柏市</value>
          </Data>
          <Data name="投票区コード">
            <value>35.0</value>
          </Data>
          <Data name="投票区名">
            <value>第３５投票区</value>
          </Data>
          <Data name="掲示場住所">
            <value>つくしが丘三丁目１７番</value>
          </Data>
          <Data name="経度">
            <value>139.9668986</value>
          </Data>
          <Data name="緯度">
            <value>35.83375667</value>
          </Data>
        </ExtendedData>
        <Point>
          <coordinates>
            139.9668986,35.83375667,0
          </coordinates>
        </Point>
      </Placemark>
      <Placemark>
        <name>あざみが丘公園</name>
        <description><![CDATA[﻿市区町村コード: 122173<br>都道府県: 千葉県<br>市町村名: 柏市<br>投票区コード: 35<br>投票区名: 第３５投票区<br>掲示場住所: つくしが丘四丁目１３番<br>経度: 139.9684017<br>緯度: 35.83577917]]></description>
        <styleUrl>#icon-1899-0288D1</styleUrl>
        <ExtendedData>
          <Data name="﻿市区町村コード">
            <value>122173.0</value>
          </Data>
          <Data name="都道府県">
            <value>千葉県</value>
          </Data>
          <Data name="市町村名">
            <value>柏市</value>
          </Data>
          <Data name="投票区コード">
            <value>35.0</value>
          </Data>
          <Data name="投票区名">
            <value>第３５投票区</value>
          </Data>
          <Data name="掲示場住所">
            <value>つくしが丘四丁目１３番</value>
          </Data>
          <Data name="経度">
            <value>139.9684017</value>
          </Data>
          <Data name="緯度">
            <value>35.83577917</value>
          </Data>
        </ExtendedData>
        <Point>
          <coordinates>
            139.9684017,35.83577917,0
          </coordinates>
        </Point>
      </Placemark>
      <Placemark>
        <name>柏市立中原小学校正門横</name>
        <description><![CDATA[﻿市区町村コード: 122173<br>都道府県: 千葉県<br>市町村名: 柏市<br>投票区コード: 35<br>投票区名: 第３５投票区<br>掲示場住所: 中原１８２１番地の１<br>経度: 139.9705875<br>緯度: 35.83586417]]></description>
        <styleUrl>#icon-1899-0288D1</styleUrl>
        <ExtendedData>
          <Data name="﻿市区町村コード">
            <value>122173.0</value>
          </Data>
          <Data name="都道府県">
            <value>千葉県</value>
          </Data>
          <Data name="市町村名">
            <value>柏市</value>
          </Data>
          <Data name="投票区コード">
            <value>35.0</value>
          </Data>
          <Data name="投票区名">
            <value>第３５投票区</value>
          </Data>
          <Data name="掲示場住所">
            <value>中原１８２１番地の１</value>
          </Data>
          <Data name="経度">
            <value>139.9705875</value>
          </Data>
          <Data name="緯度">
            <value>35.83586417</value>
          </Data>
        </ExtendedData>
        <Point>
          <coordinates>
            139.9705875,35.83586417,0
          </coordinates>
        </Point>
      </Placemark>
      <Placemark>
        <name>久保宅前中央分離帯</name>
        <description><![CDATA[﻿市区町村コード: 122173<br>都道府県: 千葉県<br>市町村名: 柏市<br>投票区コード: 35<br>投票区名: 第３５投票区<br>掲示場住所: 加賀一丁目２番<br>経度: 139.9691644<br>緯度: 35.83266639]]></description>
        <styleUrl>#icon-1899-0288D1</styleUrl>
        <ExtendedData>
          <Data name="﻿市区町村コード">
            <value>122173.0</value>
          </Data>
          <Data name="都道府県">
            <value>千葉県</value>
          </Data>
          <Data name="市町村名">
            <value>柏市</value>
          </Data>
          <Data name="投票区コード">
            <value>35.0</value>
          </Data>
          <Data name="投票区名">
            <value>第３５投票区</value>
          </Data>
          <Data name="掲示場住所">
            <value>加賀一丁目２番</value>
          </Data>
          <Data name="経度">
            <value>139.9691644</value>
          </Data>
          <Data name="緯度">
            <value>35.83266639</value>
          </Data>
        </ExtendedData>
        <Point>
          <coordinates>
            139.9691644,35.83266639,0
          </coordinates>
        </Point>
      </Placemark>
      <Placemark>
        <name>加賀第三公園</name>
        <description><![CDATA[﻿市区町村コード: 122173<br>都道府県: 千葉県<br>市町村名: 柏市<br>投票区コード: 35<br>投票区名: 第３５投票区<br>掲示場住所: 加賀一丁目３０番<br>経度: 139.9735936<br>緯度: 35.83196639]]></description>
        <styleUrl>#icon-1899-0288D1</styleUrl>
        <ExtendedData>
          <Data name="﻿市区町村コード">
            <value>122173.0</value>
          </Data>
          <Data name="都道府県">
            <value>千葉県</value>
          </Data>
          <Data name="市町村名">
            <value>柏市</value>
          </Data>
          <Data name="投票区コード">
            <value>35.0</value>
          </Data>
          <Data name="投票区名">
            <value>第３５投票区</value>
          </Data>
          <Data name="掲示場住所">
            <value>加賀一丁目３０番</value>
          </Data>
          <Data name="経度">
            <value>139.9735936</value>
          </Data>
          <Data name="緯度">
            <value>35.83196639</value>
          </Data>
        </ExtendedData>
        <Point>
          <coordinates>
            139.9735936,35.83196639,0
          </coordinates>
        </Point>
      </Placemark>
      <Placemark>
        <name>つくしが丘第三公園</name>
        <description><![CDATA[﻿市区町村コード: 122173<br>都道府県: 千葉県<br>市町村名: 柏市<br>投票区コード: 35<br>投票区名: 第３５投票区<br>掲示場住所: つくしが丘三丁目１８番<br>経度: 139.9659008<br>緯度: 35.83518722]]></description>
        <styleUrl>#icon-1899-0288D1</styleUrl>
        <ExtendedData>
          <Data name="﻿市区町村コード">
            <value>122173.0</value>
          </Data>
          <Data name="都道府県">
            <value>千葉県</value>
          </Data>
          <Data name="市町村名">
            <value>柏市</value>
          </Data>
          <Data name="投票区コード">
            <value>35.0</value>
          </Data>
          <Data name="投票区名">
            <value>第３５投票区</value>
          </Data>
          <Data name="掲示場住所">
            <value>つくしが丘三丁目１８番</value>
          </Data>
          <Data name="経度">
            <value>139.9659008</value>
          </Data>
          <Data name="緯度">
            <value>35.83518722</value>
          </Data>
        </ExtendedData>
        <Point>
          <coordinates>
            139.9659008,35.83518722,0
          </coordinates>
        </Point>
      </Placemark>
      <Placemark>
        <name>つくしが丘公園</name>
        <description><![CDATA[﻿市区町村コード: 122173<br>都道府県: 千葉県<br>市町村名: 柏市<br>投票区コード: 35<br>投票区名: 第３５投票区<br>掲示場住所: つくしが丘一丁目６２番<br>経度: 139.9634903<br>緯度: 35.83648444]]></description>
        <styleUrl>#icon-1899-0288D1</styleUrl>
        <ExtendedData>
          <Data name="﻿市区町村コード">
            <value>122173.0</value>
          </Data>
          <Data name="都道府県">
            <value>千葉県</value>
          </Data>
          <Data name="市町村名">
            <value>柏市</value>
          </Data>
          <Data name="投票区コード">
            <value>35.0</value>
          </Data>
          <Data name="投票区名">
            <value>第３５投票区</value>
          </Data>
          <Data name="掲示場住所">
            <value>つくしが丘一丁目６２番</value>
          </Data>
          <Data name="経度">
            <value>139.9634903</value>
          </Data>
          <Data name="緯度">
            <value>35.83648444</value>
          </Data>
        </ExtendedData>
        <Point>
          <coordinates>
            139.9634903,35.83648444,0
          </coordinates>
        </Point>
      </Placemark>
      <Placemark>
        <name>富士見町公園南側</name>
        <description><![CDATA[﻿市区町村コード: 122173<br>都道府県: 千葉県<br>市町村名: 柏市<br>投票区コード: 36<br>投票区名: 第３６投票区<br>掲示場住所: 豊四季１０１２番地の８<br>経度: 139.9378336<br>緯度: 35.86570333]]></description>
        <styleUrl>#icon-1899-0288D1</styleUrl>
        <ExtendedData>
          <Data name="﻿市区町村コード">
            <value>122173.0</value>
          </Data>
          <Data name="都道府県">
            <value>千葉県</value>
          </Data>
          <Data name="市町村名">
            <value>柏市</value>
          </Data>
          <Data name="投票区コード">
            <value>36.0</value>
          </Data>
          <Data name="投票区名">
            <value>第３６投票区</value>
          </Data>
          <Data name="掲示場住所">
            <value>豊四季１０１２番地の８</value>
          </Data>
          <Data name="経度">
            <value>139.9378336</value>
          </Data>
          <Data name="緯度">
            <value>35.86570333</value>
          </Data>
        </ExtendedData>
        <Point>
          <coordinates>
            139.9378336,35.86570333,0
          </coordinates>
        </Point>
      </Placemark>
      <Placemark>
        <name>東武鉄道豊四季駅南口前</name>
        <description><![CDATA[﻿市区町村コード: 122173<br>都道府県: 千葉県<br>市町村名: 柏市<br>投票区コード: 36<br>投票区名: 第３６投票区<br>掲示場住所: 豊四季１５８番地の４<br>経度: 139.9393303<br>緯度: 35.8663175]]></description>
        <styleUrl>#icon-1899-0288D1</styleUrl>
        <ExtendedData>
          <Data name="﻿市区町村コード">
            <value>122173.0</value>
          </Data>
          <Data name="都道府県">
            <value>千葉県</value>
          </Data>
          <Data name="市町村名">
            <value>柏市</value>
          </Data>
          <Data name="投票区コード">
            <value>36.0</value>
          </Data>
          <Data name="投票区名">
            <value>第３６投票区</value>
          </Data>
          <Data name="掲示場住所">
            <value>豊四季１５８番地の４</value>
          </Data>
          <Data name="経度">
            <value>139.9393303</value>
          </Data>
          <Data name="緯度">
            <value>35.8663175</value>
          </Data>
        </ExtendedData>
        <Point>
          <coordinates>
            139.9393303,35.8663175,0
          </coordinates>
        </Point>
      </Placemark>
      <Placemark>
        <name>東武鉄道豊四季駅北口前</name>
        <description><![CDATA[﻿市区町村コード: 122173<br>都道府県: 千葉県<br>市町村名: 柏市<br>投票区コード: 36<br>投票区名: 第３６投票区<br>掲示場住所: 豊四季１５８番地<br>経度: 139.9394686<br>緯度: 35.86654167]]></description>
        <styleUrl>#icon-1899-0288D1</styleUrl>
        <ExtendedData>
          <Data name="﻿市区町村コード">
            <value>122173.0</value>
          </Data>
          <Data name="都道府県">
            <value>千葉県</value>
          </Data>
          <Data name="市町村名">
            <value>柏市</value>
          </Data>
          <Data name="投票区コード">
            <value>36.0</value>
          </Data>
          <Data name="投票区名">
            <value>第３６投票区</value>
          </Data>
          <Data name="掲示場住所">
            <value>豊四季１５８番地</value>
          </Data>
          <Data name="経度">
            <value>139.9394686</value>
          </Data>
          <Data name="緯度">
            <value>35.86654167</value>
          </Data>
        </ExtendedData>
        <Point>
          <coordinates>
            139.9394686,35.86654167,0
          </coordinates>
        </Point>
      </Placemark>
      <Placemark>
        <name>柏市立富士見保育園</name>
        <description><![CDATA[﻿市区町村コード: 122173<br>都道府県: 千葉県<br>市町村名: 柏市<br>投票区コード: 36<br>投票区名: 第３６投票区<br>掲示場住所: 豊四季１２６番地の２<br>経度: 139.9339331<br>緯度: 35.86665528]]></description>
        <styleUrl>#icon-1899-0288D1</styleUrl>
        <ExtendedData>
          <Data name="﻿市区町村コード">
            <value>122173.0</value>
          </Data>
          <Data name="都道府県">
            <value>千葉県</value>
          </Data>
          <Data name="市町村名">
            <value>柏市</value>
          </Data>
          <Data name="投票区コード">
            <value>36.0</value>
          </Data>
          <Data name="投票区名">
            <value>第３６投票区</value>
          </Data>
          <Data name="掲示場住所">
            <value>豊四季１２６番地の２</value>
          </Data>
          <Data name="経度">
            <value>139.9339331</value>
          </Data>
          <Data name="緯度">
            <value>35.86665528</value>
          </Data>
        </ExtendedData>
        <Point>
          <coordinates>
            139.9339331,35.86665528,0
          </coordinates>
        </Point>
      </Placemark>
      <Placemark>
        <name>富士見町ふるさと会館前駐車場</name>
        <description><![CDATA[﻿市区町村コード: 122173<br>都道府県: 千葉県<br>市町村名: 柏市<br>投票区コード: 36<br>投票区名: 第３６投票区<br>掲示場住所: 豊四季１２４番地の７<br>経度: 139.9346831<br>緯度: 35.86768167]]></description>
        <styleUrl>#icon-1899-0288D1</styleUrl>
        <ExtendedData>
          <Data name="﻿市区町村コード">
            <value>122173.0</value>
          </Data>
          <Data name="都道府県">
            <value>千葉県</value>
          </Data>
          <Data name="市町村名">
            <value>柏市</value>
          </Data>
          <Data name="投票区コード">
            <value>36.0</value>
          </Data>
          <Data name="投票区名">
            <value>第３６投票区</value>
          </Data>
          <Data name="掲示場住所">
            <value>豊四季１２４番地の７</value>
          </Data>
          <Data name="経度">
            <value>139.9346831</value>
          </Data>
          <Data name="緯度">
            <value>35.86768167</value>
          </Data>
        </ExtendedData>
        <Point>
          <coordinates>
            139.9346831,35.86768167,0
          </coordinates>
        </Point>
      </Placemark>
      <Placemark>
        <name>富士見町公園北側</name>
        <description><![CDATA[﻿市区町村コード: 122173<br>都道府県: 千葉県<br>市町村名: 柏市<br>投票区コード: 36<br>投票区名: 第３６投票区<br>掲示場住所: 豊四季１０１２番地の８<br>経度: 139.9379872<br>緯度: 35.86598611]]></description>
        <styleUrl>#icon-1899-0288D1</styleUrl>
        <ExtendedData>
          <Data name="﻿市区町村コード">
            <value>122173.0</value>
          </Data>
          <Data name="都道府県">
            <value>千葉県</value>
          </Data>
          <Data name="市町村名">
            <value>柏市</value>
          </Data>
          <Data name="投票区コード">
            <value>36.0</value>
          </Data>
          <Data name="投票区名">
            <value>第３６投票区</value>
          </Data>
          <Data name="掲示場住所">
            <value>豊四季１０１２番地の８</value>
          </Data>
          <Data name="経度">
            <value>139.9379872</value>
          </Data>
          <Data name="緯度">
            <value>35.86598611</value>
          </Data>
        </ExtendedData>
        <Point>
          <coordinates>
            139.9379872,35.86598611,0
          </coordinates>
        </Point>
      </Placemark>
      <Placemark>
        <name>中澤宅裏</name>
        <description><![CDATA[﻿市区町村コード: 122173<br>都道府県: 千葉県<br>市町村名: 柏市<br>投票区コード: 36<br>投票区名: 第３６投票区<br>掲示場住所: 豊四季２３番地の１<br>経度: 139.9287547<br>緯度: 35.86500694]]></description>
        <styleUrl>#icon-1899-0288D1</styleUrl>
        <ExtendedData>
          <Data name="﻿市区町村コード">
            <value>122173.0</value>
          </Data>
          <Data name="都道府県">
            <value>千葉県</value>
          </Data>
          <Data name="市町村名">
            <value>柏市</value>
          </Data>
          <Data name="投票区コード">
            <value>36.0</value>
          </Data>
          <Data name="投票区名">
            <value>第３６投票区</value>
          </Data>
          <Data name="掲示場住所">
            <value>豊四季２３番地の１</value>
          </Data>
          <Data name="経度">
            <value>139.9287547</value>
          </Data>
          <Data name="緯度">
            <value>35.86500694</value>
          </Data>
        </ExtendedData>
        <Point>
          <coordinates>
            139.9287547,35.86500694,0
          </coordinates>
        </Point>
      </Placemark>
      <Placemark>
        <name>柏市立高田小学校正門横</name>
        <description><![CDATA[﻿市区町村コード: 122173<br>都道府県: 千葉県<br>市町村名: 柏市<br>投票区コード: 37<br>投票区名: 第３７投票区<br>掲示場住所: 高田３７６番地の３<br>経度: 139.9516756<br>緯度: 35.87514611]]></description>
        <styleUrl>#icon-1899-0288D1</styleUrl>
        <ExtendedData>
          <Data name="﻿市区町村コード">
            <value>122173.0</value>
          </Data>
          <Data name="都道府県">
            <value>千葉県</value>
          </Data>
          <Data name="市町村名">
            <value>柏市</value>
          </Data>
          <Data name="投票区コード">
            <value>37.0</value>
          </Data>
          <Data name="投票区名">
            <value>第３７投票区</value>
          </Data>
          <Data name="掲示場住所">
            <value>高田３７６番地の３</value>
          </Data>
          <Data name="経度">
            <value>139.9516756</value>
          </Data>
          <Data name="緯度">
            <value>35.87514611</value>
          </Data>
        </ExtendedData>
        <Point>
          <coordinates>
            139.9516756,35.87514611,0
          </coordinates>
        </Point>
      </Placemark>
      <Placemark>
        <name>高田緑地</name>
        <description><![CDATA[﻿市区町村コード: 122173<br>都道府県: 千葉県<br>市町村名: 柏市<br>投票区コード: 37<br>投票区名: 第３７投票区<br>掲示場住所: 高田６９６番地の２<br>経度: 139.9605465<br>緯度: 35.8747899]]></description>
        <styleUrl>#icon-1899-0288D1</styleUrl>
        <ExtendedData>
          <Data name="﻿市区町村コード">
            <value>122173.0</value>
          </Data>
          <Data name="都道府県">
            <value>千葉県</value>
          </Data>
          <Data name="市町村名">
            <value>柏市</value>
          </Data>
          <Data name="投票区コード">
            <value>37.0</value>
          </Data>
          <Data name="投票区名">
            <value>第３７投票区</value>
          </Data>
          <Data name="掲示場住所">
            <value>高田６９６番地の２</value>
          </Data>
          <Data name="経度">
            <value>139.9605465</value>
          </Data>
          <Data name="緯度">
            <value>35.8747899</value>
          </Data>
        </ExtendedData>
        <Point>
          <coordinates>
            139.9605465,35.8747899,0
          </coordinates>
        </Point>
      </Placemark>
      <Placemark>
        <name>西下ノ台第一公園</name>
        <description><![CDATA[﻿市区町村コード: 122173<br>都道府県: 千葉県<br>市町村名: 柏市<br>投票区コード: 37<br>投票区名: 第３７投票区<br>掲示場住所: 高田１０２７－５２<br>経度: 139.9581561<br>緯度: 35.87689194]]></description>
        <styleUrl>#icon-1899-0288D1</styleUrl>
        <ExtendedData>
          <Data name="﻿市区町村コード">
            <value>122173.0</value>
          </Data>
          <Data name="都道府県">
            <value>千葉県</value>
          </Data>
          <Data name="市町村名">
            <value>柏市</value>
          </Data>
          <Data name="投票区コード">
            <value>37.0</value>
          </Data>
          <Data name="投票区名">
            <value>第３７投票区</value>
          </Data>
          <Data name="掲示場住所">
            <value>高田１０２７－５２</value>
          </Data>
          <Data name="経度">
            <value>139.9581561</value>
          </Data>
          <Data name="緯度">
            <value>35.87689194</value>
          </Data>
        </ExtendedData>
        <Point>
          <coordinates>
            139.9581561,35.87689194,0
          </coordinates>
        </Point>
      </Placemark>
      <Placemark>
        <name>増田宅前梅林</name>
        <description><![CDATA[﻿市区町村コード: 122173<br>都道府県: 千葉県<br>市町村名: 柏市<br>投票区コード: 37<br>投票区名: 第３７投票区<br>掲示場住所: 高田４７１番地の１<br>経度: 139.9520761<br>緯度: 35.87605139]]></description>
        <styleUrl>#icon-1899-0288D1</styleUrl>
        <ExtendedData>
          <Data name="﻿市区町村コード">
            <value>122173.0</value>
          </Data>
          <Data name="都道府県">
            <value>千葉県</value>
          </Data>
          <Data name="市町村名">
            <value>柏市</value>
          </Data>
          <Data name="投票区コード">
            <value>37.0</value>
          </Data>
          <Data name="投票区名">
            <value>第３７投票区</value>
          </Data>
          <Data name="掲示場住所">
            <value>高田４７１番地の１</value>
          </Data>
          <Data name="経度">
            <value>139.9520761</value>
          </Data>
          <Data name="緯度">
            <value>35.87605139</value>
          </Data>
        </ExtendedData>
        <Point>
          <coordinates>
            139.9520761,35.87605139,0
          </coordinates>
        </Point>
      </Placemark>
      <Placemark>
        <name>増田宅前</name>
        <description><![CDATA[﻿市区町村コード: 122173<br>都道府県: 千葉県<br>市町村名: 柏市<br>投票区コード: 37<br>投票区名: 第３７投票区<br>掲示場住所: 高田１６２番地<br>経度: 139.9471694<br>緯度: 35.87697111]]></description>
        <styleUrl>#icon-1899-0288D1</styleUrl>
        <ExtendedData>
          <Data name="﻿市区町村コード">
            <value>122173.0</value>
          </Data>
          <Data name="都道府県">
            <value>千葉県</value>
          </Data>
          <Data name="市町村名">
            <value>柏市</value>
          </Data>
          <Data name="投票区コード">
            <value>37.0</value>
          </Data>
          <Data name="投票区名">
            <value>第３７投票区</value>
          </Data>
          <Data name="掲示場住所">
            <value>高田１６２番地</value>
          </Data>
          <Data name="経度">
            <value>139.9471694</value>
          </Data>
          <Data name="緯度">
            <value>35.87697111</value>
          </Data>
        </ExtendedData>
        <Point>
          <coordinates>
            139.9471694,35.87697111,0
          </coordinates>
        </Point>
      </Placemark>
      <Placemark>
        <name>高田第一公園</name>
        <description><![CDATA[﻿市区町村コード: 122173<br>都道府県: 千葉県<br>市町村名: 柏市<br>投票区コード: 37<br>投票区名: 第３７投票区<br>掲示場住所: 高田６３番地の３６<br>経度: 139.9425644<br>緯度: 35.87492694]]></description>
        <styleUrl>#icon-1899-0288D1</styleUrl>
        <ExtendedData>
          <Data name="﻿市区町村コード">
            <value>122173.0</value>
          </Data>
          <Data name="都道府県">
            <value>千葉県</value>
          </Data>
          <Data name="市町村名">
            <value>柏市</value>
          </Data>
          <Data name="投票区コード">
            <value>37.0</value>
          </Data>
          <Data name="投票区名">
            <value>第３７投票区</value>
          </Data>
          <Data name="掲示場住所">
            <value>高田６３番地の３６</value>
          </Data>
          <Data name="経度">
            <value>139.9425644</value>
          </Data>
          <Data name="緯度">
            <value>35.87492694</value>
          </Data>
        </ExtendedData>
        <Point>
          <coordinates>
            139.9425644,35.87492694,0
          </coordinates>
        </Point>
      </Placemark>
      <Placemark>
        <name>梅林第四公園</name>
        <description><![CDATA[﻿市区町村コード: 122173<br>都道府県: 千葉県<br>市町村名: 柏市<br>投票区コード: 37<br>投票区名: 第３７投票区<br>掲示場住所: 高田１３９１番地<br>経度: 139.9442533<br>緯度: 35.88077389]]></description>
        <styleUrl>#icon-1899-0288D1</styleUrl>
        <ExtendedData>
          <Data name="﻿市区町村コード">
            <value>122173.0</value>
          </Data>
          <Data name="都道府県">
            <value>千葉県</value>
          </Data>
          <Data name="市町村名">
            <value>柏市</value>
          </Data>
          <Data name="投票区コード">
            <value>37.0</value>
          </Data>
          <Data name="投票区名">
            <value>第３７投票区</value>
          </Data>
          <Data name="掲示場住所">
            <value>高田１３９１番地</value>
          </Data>
          <Data name="経度">
            <value>139.9442533</value>
          </Data>
          <Data name="緯度">
            <value>35.88077389</value>
          </Data>
        </ExtendedData>
        <Point>
          <coordinates>
            139.9442533,35.88077389,0
          </coordinates>
        </Point>
      </Placemark>
      <Placemark>
        <name>田口宅所有緑地</name>
        <description><![CDATA[﻿市区町村コード: 122173<br>都道府県: 千葉県<br>市町村名: 柏市<br>投票区コード: 37<br>投票区名: 第３７投票区<br>掲示場住所: 高田１０３７番地の１<br>経度: 139.956624<br>緯度: 35.8787998]]></description>
        <styleUrl>#icon-1899-0288D1</styleUrl>
        <ExtendedData>
          <Data name="﻿市区町村コード">
            <value>122173.0</value>
          </Data>
          <Data name="都道府県">
            <value>千葉県</value>
          </Data>
          <Data name="市町村名">
            <value>柏市</value>
          </Data>
          <Data name="投票区コード">
            <value>37.0</value>
          </Data>
          <Data name="投票区名">
            <value>第３７投票区</value>
          </Data>
          <Data name="掲示場住所">
            <value>高田１０３７番地の１</value>
          </Data>
          <Data name="経度">
            <value>139.956624</value>
          </Data>
          <Data name="緯度">
            <value>35.8787998</value>
          </Data>
        </ExtendedData>
        <Point>
          <coordinates>
            139.956624,35.8787998,0
          </coordinates>
        </Point>
      </Placemark>
      <Placemark>
        <name>東花野井第一公園</name>
        <description><![CDATA[﻿市区町村コード: 122173<br>都道府県: 千葉県<br>市町村名: 柏市<br>投票区コード: 38<br>投票区名: 第３８投票区<br>掲示場住所: 花野井１１６０番地<br>経度: 139.9781014<br>緯度: 35.8925675]]></description>
        <styleUrl>#icon-1899-0288D1</styleUrl>
        <ExtendedData>
          <Data name="﻿市区町村コード">
            <value>122173.0</value>
          </Data>
          <Data name="都道府県">
            <value>千葉県</value>
          </Data>
          <Data name="市町村名">
            <value>柏市</value>
          </Data>
          <Data name="投票区コード">
            <value>38.0</value>
          </Data>
          <Data name="投票区名">
            <value>第３８投票区</value>
          </Data>
          <Data name="掲示場住所">
            <value>花野井１１６０番地</value>
          </Data>
          <Data name="経度">
            <value>139.9781014</value>
          </Data>
          <Data name="緯度">
            <value>35.8925675</value>
          </Data>
        </ExtendedData>
        <Point>
          <coordinates>
            139.9781014,35.8925675,0
          </coordinates>
        </Point>
      </Placemark>
      <Placemark>
        <name>田中宅前</name>
        <description><![CDATA[﻿市区町村コード: 122173<br>都道府県: 千葉県<br>市町村名: 柏市<br>投票区コード: 38<br>投票区名: 第３８投票区<br>掲示場住所: 花野井３４１番地の１<br>経度: 139.9744392<br>緯度: 35.89317472]]></description>
        <styleUrl>#icon-1899-0288D1</styleUrl>
        <ExtendedData>
          <Data name="﻿市区町村コード">
            <value>122173.0</value>
          </Data>
          <Data name="都道府県">
            <value>千葉県</value>
          </Data>
          <Data name="市町村名">
            <value>柏市</value>
          </Data>
          <Data name="投票区コード">
            <value>38.0</value>
          </Data>
          <Data name="投票区名">
            <value>第３８投票区</value>
          </Data>
          <Data name="掲示場住所">
            <value>花野井３４１番地の１</value>
          </Data>
          <Data name="経度">
            <value>139.9744392</value>
          </Data>
          <Data name="緯度">
            <value>35.89317472</value>
          </Data>
        </ExtendedData>
        <Point>
          <coordinates>
            139.9744392,35.89317472,0
          </coordinates>
        </Point>
      </Placemark>
      <Placemark>
        <name>花野井第二公園</name>
        <description><![CDATA[﻿市区町村コード: 122173<br>都道府県: 千葉県<br>市町村名: 柏市<br>投票区コード: 38<br>投票区名: 第３８投票区<br>掲示場住所: 花野井８２４番地の３４<br>経度: 139.9690967<br>緯度: 35.89737222]]></description>
        <styleUrl>#icon-1899-0288D1</styleUrl>
        <ExtendedData>
          <Data name="﻿市区町村コード">
            <value>122173.0</value>
          </Data>
          <Data name="都道府県">
            <value>千葉県</value>
          </Data>
          <Data name="市町村名">
            <value>柏市</value>
          </Data>
          <Data name="投票区コード">
            <value>38.0</value>
          </Data>
          <Data name="投票区名">
            <value>第３８投票区</value>
          </Data>
          <Data name="掲示場住所">
            <value>花野井８２４番地の３４</value>
          </Data>
          <Data name="経度">
            <value>139.9690967</value>
          </Data>
          <Data name="緯度">
            <value>35.89737222</value>
          </Data>
        </ExtendedData>
        <Point>
          <coordinates>
            139.9690967,35.89737222,0
          </coordinates>
        </Point>
      </Placemark>
      <Placemark>
        <name>花野井公会堂横</name>
        <description><![CDATA[﻿市区町村コード: 122173<br>都道府県: 千葉県<br>市町村名: 柏市<br>投票区コード: 38<br>投票区名: 第３８投票区<br>掲示場住所: 花野井９８１番地の４<br>経度: 139.9722458<br>緯度: 35.89496806]]></description>
        <styleUrl>#icon-1899-0288D1</styleUrl>
        <ExtendedData>
          <Data name="﻿市区町村コード">
            <value>122173.0</value>
          </Data>
          <Data name="都道府県">
            <value>千葉県</value>
          </Data>
          <Data name="市町村名">
            <value>柏市</value>
          </Data>
          <Data name="投票区コード">
            <value>38.0</value>
          </Data>
          <Data name="投票区名">
            <value>第３８投票区</value>
          </Data>
          <Data name="掲示場住所">
            <value>花野井９８１番地の４</value>
          </Data>
          <Data name="経度">
            <value>139.9722458</value>
          </Data>
          <Data name="緯度">
            <value>35.89496806</value>
          </Data>
        </ExtendedData>
        <Point>
          <coordinates>
            139.9722458,35.89496806,0
          </coordinates>
        </Point>
      </Placemark>
      <Placemark>
        <name>花野井第四調整池</name>
        <description><![CDATA[﻿市区町村コード: 122173<br>都道府県: 千葉県<br>市町村名: 柏市<br>投票区コード: 38<br>投票区名: 第３８投票区<br>掲示場住所: 花野井５０５番地<br>経度: 139.9690578<br>緯度: 35.89351167]]></description>
        <styleUrl>#icon-1899-0288D1</styleUrl>
        <ExtendedData>
          <Data name="﻿市区町村コード">
            <value>122173.0</value>
          </Data>
          <Data name="都道府県">
            <value>千葉県</value>
          </Data>
          <Data name="市町村名">
            <value>柏市</value>
          </Data>
          <Data name="投票区コード">
            <value>38.0</value>
          </Data>
          <Data name="投票区名">
            <value>第３８投票区</value>
          </Data>
          <Data name="掲示場住所">
            <value>花野井５０５番地</value>
          </Data>
          <Data name="経度">
            <value>139.9690578</value>
          </Data>
          <Data name="緯度">
            <value>35.89351167</value>
          </Data>
        </ExtendedData>
        <Point>
          <coordinates>
            139.9690578,35.89351167,0
          </coordinates>
        </Point>
      </Placemark>
      <Placemark>
        <name>石橋宅南側</name>
        <description><![CDATA[﻿市区町村コード: 122173<br>都道府県: 千葉県<br>市町村名: 柏市<br>投票区コード: 38<br>投票区名: 第３８投票区<br>掲示場住所: 花野井１１６０番地の１８１<br>経度: 139.9790475<br>緯度: 35.893075]]></description>
        <styleUrl>#icon-1899-0288D1</styleUrl>
        <ExtendedData>
          <Data name="﻿市区町村コード">
            <value>122173.0</value>
          </Data>
          <Data name="都道府県">
            <value>千葉県</value>
          </Data>
          <Data name="市町村名">
            <value>柏市</value>
          </Data>
          <Data name="投票区コード">
            <value>38.0</value>
          </Data>
          <Data name="投票区名">
            <value>第３８投票区</value>
          </Data>
          <Data name="掲示場住所">
            <value>花野井１１６０番地の１８１</value>
          </Data>
          <Data name="経度">
            <value>139.9790475</value>
          </Data>
          <Data name="緯度">
            <value>35.893075</value>
          </Data>
        </ExtendedData>
        <Point>
          <coordinates>
            139.9790475,35.893075,0
          </coordinates>
        </Point>
      </Placemark>
      <Placemark>
        <name>旧吉田家住宅歴史公園駐車場南側</name>
        <description><![CDATA[﻿市区町村コード: 122173<br>都道府県: 千葉県<br>市町村名: 柏市<br>投票区コード: 38<br>投票区名: 第３８投票区<br>掲示場住所: 花野井９７８番地の５<br>経度: 139.9741161<br>緯度: 35.89489667]]></description>
        <styleUrl>#icon-1899-0288D1</styleUrl>
        <ExtendedData>
          <Data name="﻿市区町村コード">
            <value>122173.0</value>
          </Data>
          <Data name="都道府県">
            <value>千葉県</value>
          </Data>
          <Data name="市町村名">
            <value>柏市</value>
          </Data>
          <Data name="投票区コード">
            <value>38.0</value>
          </Data>
          <Data name="投票区名">
            <value>第３８投票区</value>
          </Data>
          <Data name="掲示場住所">
            <value>花野井９７８番地の５</value>
          </Data>
          <Data name="経度">
            <value>139.9741161</value>
          </Data>
          <Data name="緯度">
            <value>35.89489667</value>
          </Data>
        </ExtendedData>
        <Point>
          <coordinates>
            139.9741161,35.89489667,0
          </coordinates>
        </Point>
      </Placemark>
      <Placemark>
        <name>柏たなか駅東口ロータリー</name>
        <description><![CDATA[﻿市区町村コード: 122173<br>都道府県: 千葉県<br>市町村名: 柏市<br>投票区コード: 39<br>投票区名: 第３９投票区<br>掲示場住所: 小青田２９０番地<br>経度: 139.9572492<br>緯度: 35.91188556]]></description>
        <styleUrl>#icon-1899-0288D1</styleUrl>
        <ExtendedData>
          <Data name="﻿市区町村コード">
            <value>122173.0</value>
          </Data>
          <Data name="都道府県">
            <value>千葉県</value>
          </Data>
          <Data name="市町村名">
            <value>柏市</value>
          </Data>
          <Data name="投票区コード">
            <value>39.0</value>
          </Data>
          <Data name="投票区名">
            <value>第３９投票区</value>
          </Data>
          <Data name="掲示場住所">
            <value>小青田２９０番地</value>
          </Data>
          <Data name="経度">
            <value>139.9572492</value>
          </Data>
          <Data name="緯度">
            <value>35.91188556</value>
          </Data>
        </ExtendedData>
        <Point>
          <coordinates>
            139.9572492,35.91188556,0
          </coordinates>
        </Point>
      </Placemark>
      <Placemark>
        <name>柏たなか第四公園</name>
        <description><![CDATA[﻿市区町村コード: 122173<br>都道府県: 千葉県<br>市町村名: 柏市<br>投票区コード: 39<br>投票区名: 第３９投票区<br>掲示場住所: 小青田２丁目４<br>経度: 139.954505<br>緯度: 35.91121861]]></description>
        <styleUrl>#icon-1899-0288D1</styleUrl>
        <ExtendedData>
          <Data name="﻿市区町村コード">
            <value>122173.0</value>
          </Data>
          <Data name="都道府県">
            <value>千葉県</value>
          </Data>
          <Data name="市町村名">
            <value>柏市</value>
          </Data>
          <Data name="投票区コード">
            <value>39.0</value>
          </Data>
          <Data name="投票区名">
            <value>第３９投票区</value>
          </Data>
          <Data name="掲示場住所">
            <value>小青田２丁目４</value>
          </Data>
          <Data name="経度">
            <value>139.954505</value>
          </Data>
          <Data name="緯度">
            <value>35.91121861</value>
          </Data>
        </ExtendedData>
        <Point>
          <coordinates>
            139.954505,35.91121861,0
          </coordinates>
        </Point>
      </Placemark>
      <Placemark>
        <name>柏たなか第一公園</name>
        <description><![CDATA[﻿市区町村コード: 122173<br>都道府県: 千葉県<br>市町村名: 柏市<br>投票区コード: 39<br>投票区名: 第３９投票区<br>掲示場住所: 船戸２丁目４<br>経度: 139.9518156<br>緯度: 35.915405]]></description>
        <styleUrl>#icon-1899-0288D1</styleUrl>
        <ExtendedData>
          <Data name="﻿市区町村コード">
            <value>122173.0</value>
          </Data>
          <Data name="都道府県">
            <value>千葉県</value>
          </Data>
          <Data name="市町村名">
            <value>柏市</value>
          </Data>
          <Data name="投票区コード">
            <value>39.0</value>
          </Data>
          <Data name="投票区名">
            <value>第３９投票区</value>
          </Data>
          <Data name="掲示場住所">
            <value>船戸２丁目４</value>
          </Data>
          <Data name="経度">
            <value>139.9518156</value>
          </Data>
          <Data name="緯度">
            <value>35.915405</value>
          </Data>
        </ExtendedData>
        <Point>
          <coordinates>
            139.9518156,35.915405,0
          </coordinates>
        </Point>
      </Placemark>
      <Placemark>
        <name>柏たなか北公園</name>
        <description><![CDATA[﻿市区町村コード: 122173<br>都道府県: 千葉県<br>市町村名: 柏市<br>投票区コード: 39<br>投票区名: 第３９投票区<br>掲示場住所: 船戸３丁目<br>経度: 139.9556289<br>緯度: 35.91953111]]></description>
        <styleUrl>#icon-1899-0288D1</styleUrl>
        <ExtendedData>
          <Data name="﻿市区町村コード">
            <value>122173.0</value>
          </Data>
          <Data name="都道府県">
            <value>千葉県</value>
          </Data>
          <Data name="市町村名">
            <value>柏市</value>
          </Data>
          <Data name="投票区コード">
            <value>39.0</value>
          </Data>
          <Data name="投票区名">
            <value>第３９投票区</value>
          </Data>
          <Data name="掲示場住所">
            <value>船戸３丁目</value>
          </Data>
          <Data name="経度">
            <value>139.9556289</value>
          </Data>
          <Data name="緯度">
            <value>35.91953111</value>
          </Data>
        </ExtendedData>
        <Point>
          <coordinates>
            139.9556289,35.91953111,0
          </coordinates>
        </Point>
      </Placemark>
      <Placemark>
        <name>柏たなか第二公園</name>
        <description><![CDATA[﻿市区町村コード: 122173<br>都道府県: 千葉県<br>市町村名: 柏市<br>投票区コード: 39<br>投票区名: 第３９投票区<br>掲示場住所: 小青田３丁目４<br>経度: 139.9561367<br>緯度: 35.91406417]]></description>
        <styleUrl>#icon-1899-0288D1</styleUrl>
        <ExtendedData>
          <Data name="﻿市区町村コード">
            <value>122173.0</value>
          </Data>
          <Data name="都道府県">
            <value>千葉県</value>
          </Data>
          <Data name="市町村名">
            <value>柏市</value>
          </Data>
          <Data name="投票区コード">
            <value>39.0</value>
          </Data>
          <Data name="投票区名">
            <value>第３９投票区</value>
          </Data>
          <Data name="掲示場住所">
            <value>小青田３丁目４</value>
          </Data>
          <Data name="経度">
            <value>139.9561367</value>
          </Data>
          <Data name="緯度">
            <value>35.91406417</value>
          </Data>
        </ExtendedData>
        <Point>
          <coordinates>
            139.9561367,35.91406417,0
          </coordinates>
        </Point>
      </Placemark>
      <Placemark>
        <name>柏市布施近隣センター</name>
        <description><![CDATA[﻿市区町村コード: 122173<br>都道府県: 千葉県<br>市町村名: 柏市<br>投票区コード: 40<br>投票区名: 第４０投票区<br>掲示場住所: 布施１１９６番地の５<br>経度: 139.9978456<br>緯度: 35.89210639]]></description>
        <styleUrl>#icon-1899-0288D1</styleUrl>
        <ExtendedData>
          <Data name="﻿市区町村コード">
            <value>122173.0</value>
          </Data>
          <Data name="都道府県">
            <value>千葉県</value>
          </Data>
          <Data name="市町村名">
            <value>柏市</value>
          </Data>
          <Data name="投票区コード">
            <value>40.0</value>
          </Data>
          <Data name="投票区名">
            <value>第４０投票区</value>
          </Data>
          <Data name="掲示場住所">
            <value>布施１１９６番地の５</value>
          </Data>
          <Data name="経度">
            <value>139.9978456</value>
          </Data>
          <Data name="緯度">
            <value>35.89210639</value>
          </Data>
        </ExtendedData>
        <Point>
          <coordinates>
            139.9978456,35.89210639,0
          </coordinates>
        </Point>
      </Placemark>
      <Placemark>
        <name>常盤ガーデン資材置場</name>
        <description><![CDATA[﻿市区町村コード: 122173<br>都道府県: 千葉県<br>市町村名: 柏市<br>投票区コード: 40<br>投票区名: 第４０投票区<br>掲示場住所: 布施５０９番地の１<br>経度: 139.9980931<br>緯度: 35.89489639]]></description>
        <styleUrl>#icon-1899-0288D1</styleUrl>
        <ExtendedData>
          <Data name="﻿市区町村コード">
            <value>122173.0</value>
          </Data>
          <Data name="都道府県">
            <value>千葉県</value>
          </Data>
          <Data name="市町村名">
            <value>柏市</value>
          </Data>
          <Data name="投票区コード">
            <value>40.0</value>
          </Data>
          <Data name="投票区名">
            <value>第４０投票区</value>
          </Data>
          <Data name="掲示場住所">
            <value>布施５０９番地の１</value>
          </Data>
          <Data name="経度">
            <value>139.9980931</value>
          </Data>
          <Data name="緯度">
            <value>35.89489639</value>
          </Data>
        </ExtendedData>
        <Point>
          <coordinates>
            139.9980931,35.89489639,0
          </coordinates>
        </Point>
      </Placemark>
      <Placemark>
        <name>あけぼの山農業公園本館駐車場前</name>
        <description><![CDATA[﻿市区町村コード: 122173<br>都道府県: 千葉県<br>市町村名: 柏市<br>投票区コード: 40<br>投票区名: 第４０投票区<br>掲示場住所: 布施山の田台１９９１－３<br>経度: 140.0053364<br>緯度: 35.89346639]]></description>
        <styleUrl>#icon-1899-0288D1</styleUrl>
        <ExtendedData>
          <Data name="﻿市区町村コード">
            <value>122173.0</value>
          </Data>
          <Data name="都道府県">
            <value>千葉県</value>
          </Data>
          <Data name="市町村名">
            <value>柏市</value>
          </Data>
          <Data name="投票区コード">
            <value>40.0</value>
          </Data>
          <Data name="投票区名">
            <value>第４０投票区</value>
          </Data>
          <Data name="掲示場住所">
            <value>布施山の田台１９９１－３</value>
          </Data>
          <Data name="経度">
            <value>140.0053364</value>
          </Data>
          <Data name="緯度">
            <value>35.89346639</value>
          </Data>
        </ExtendedData>
        <Point>
          <coordinates>
            140.0053364,35.89346639,0
          </coordinates>
        </Point>
      </Placemark>
      <Placemark>
        <name>布施第二公園</name>
        <description><![CDATA[﻿市区町村コード: 122173<br>都道府県: 千葉県<br>市町村名: 柏市<br>投票区コード: 40<br>投票区名: 第４０投票区<br>掲示場住所: 布施新町二丁目４番<br>経度: 140.0035539<br>緯度: 35.88929889]]></description>
        <styleUrl>#icon-1899-0288D1</styleUrl>
        <ExtendedData>
          <Data name="﻿市区町村コード">
            <value>122173.0</value>
          </Data>
          <Data name="都道府県">
            <value>千葉県</value>
          </Data>
          <Data name="市町村名">
            <value>柏市</value>
          </Data>
          <Data name="投票区コード">
            <value>40.0</value>
          </Data>
          <Data name="投票区名">
            <value>第４０投票区</value>
          </Data>
          <Data name="掲示場住所">
            <value>布施新町二丁目４番</value>
          </Data>
          <Data name="経度">
            <value>140.0035539</value>
          </Data>
          <Data name="緯度">
            <value>35.88929889</value>
          </Data>
        </ExtendedData>
        <Point>
          <coordinates>
            140.0035539,35.88929889,0
          </coordinates>
        </Point>
      </Placemark>
      <Placemark>
        <name>布施第三公園</name>
        <description><![CDATA[﻿市区町村コード: 122173<br>都道府県: 千葉県<br>市町村名: 柏市<br>投票区コード: 40<br>投票区名: 第４０投票区<br>掲示場住所: 布施新町三丁目２５番<br>経度: 140.0065836<br>緯度: 35.88854528]]></description>
        <styleUrl>#icon-1899-0288D1</styleUrl>
        <ExtendedData>
          <Data name="﻿市区町村コード">
            <value>122173.0</value>
          </Data>
          <Data name="都道府県">
            <value>千葉県</value>
          </Data>
          <Data name="市町村名">
            <value>柏市</value>
          </Data>
          <Data name="投票区コード">
            <value>40.0</value>
          </Data>
          <Data name="投票区名">
            <value>第４０投票区</value>
          </Data>
          <Data name="掲示場住所">
            <value>布施新町三丁目２５番</value>
          </Data>
          <Data name="経度">
            <value>140.0065836</value>
          </Data>
          <Data name="緯度">
            <value>35.88854528</value>
          </Data>
        </ExtendedData>
        <Point>
          <coordinates>
            140.0065836,35.88854528,0
          </coordinates>
        </Point>
      </Placemark>
      <Placemark>
        <name>布施第一公園</name>
        <description><![CDATA[﻿市区町村コード: 122173<br>都道府県: 千葉県<br>市町村名: 柏市<br>投票区コード: 40<br>投票区名: 第４０投票区<br>掲示場住所: 布施新町一丁目４番<br>経度: 139.9994908<br>緯度: 35.890555]]></description>
        <styleUrl>#icon-1899-0288D1</styleUrl>
        <ExtendedData>
          <Data name="﻿市区町村コード">
            <value>122173.0</value>
          </Data>
          <Data name="都道府県">
            <value>千葉県</value>
          </Data>
          <Data name="市町村名">
            <value>柏市</value>
          </Data>
          <Data name="投票区コード">
            <value>40.0</value>
          </Data>
          <Data name="投票区名">
            <value>第４０投票区</value>
          </Data>
          <Data name="掲示場住所">
            <value>布施新町一丁目４番</value>
          </Data>
          <Data name="経度">
            <value>139.9994908</value>
          </Data>
          <Data name="緯度">
            <value>35.890555</value>
          </Data>
        </ExtendedData>
        <Point>
          <coordinates>
            139.9994908,35.890555,0
          </coordinates>
        </Point>
      </Placemark>
      <Placemark>
        <name>鈴木宅前</name>
        <description><![CDATA[﻿市区町村コード: 122173<br>都道府県: 千葉県<br>市町村名: 柏市<br>投票区コード: 40<br>投票区名: 第４０投票区<br>掲示場住所: 布施２２０１番地の１<br>経度: 140.0074964<br>緯度: 35.89127917]]></description>
        <styleUrl>#icon-1899-0288D1</styleUrl>
        <ExtendedData>
          <Data name="﻿市区町村コード">
            <value>122173.0</value>
          </Data>
          <Data name="都道府県">
            <value>千葉県</value>
          </Data>
          <Data name="市町村名">
            <value>柏市</value>
          </Data>
          <Data name="投票区コード">
            <value>40.0</value>
          </Data>
          <Data name="投票区名">
            <value>第４０投票区</value>
          </Data>
          <Data name="掲示場住所">
            <value>布施２２０１番地の１</value>
          </Data>
          <Data name="経度">
            <value>140.0074964</value>
          </Data>
          <Data name="緯度">
            <value>35.89127917</value>
          </Data>
        </ExtendedData>
        <Point>
          <coordinates>
            140.0074964,35.89127917,0
          </coordinates>
        </Point>
      </Placemark>
      <Placemark>
        <name>布施第五公園</name>
        <description><![CDATA[﻿市区町村コード: 122173<br>都道府県: 千葉県<br>市町村名: 柏市<br>投票区コード: 40<br>投票区名: 第４０投票区<br>掲示場住所: 布施新町四丁目５番<br>経度: 140.0090175<br>緯度: 35.88633083]]></description>
        <styleUrl>#icon-1899-0288D1</styleUrl>
        <ExtendedData>
          <Data name="﻿市区町村コード">
            <value>122173.0</value>
          </Data>
          <Data name="都道府県">
            <value>千葉県</value>
          </Data>
          <Data name="市町村名">
            <value>柏市</value>
          </Data>
          <Data name="投票区コード">
            <value>40.0</value>
          </Data>
          <Data name="投票区名">
            <value>第４０投票区</value>
          </Data>
          <Data name="掲示場住所">
            <value>布施新町四丁目５番</value>
          </Data>
          <Data name="経度">
            <value>140.0090175</value>
          </Data>
          <Data name="緯度">
            <value>35.88633083</value>
          </Data>
        </ExtendedData>
        <Point>
          <coordinates>
            140.0090175,35.88633083,0
          </coordinates>
        </Point>
      </Placemark>
      <Placemark>
        <name>西山第二公園</name>
        <description><![CDATA[﻿市区町村コード: 122173<br>都道府県: 千葉県<br>市町村名: 柏市<br>投票区コード: 41<br>投票区名: 第４１投票区<br>掲示場住所: 西山一丁目６番<br>経度: 139.9544414<br>緯度: 35.822435]]></description>
        <styleUrl>#icon-1899-0288D1</styleUrl>
        <ExtendedData>
          <Data name="﻿市区町村コード">
            <value>122173.0</value>
          </Data>
          <Data name="都道府県">
            <value>千葉県</value>
          </Data>
          <Data name="市町村名">
            <value>柏市</value>
          </Data>
          <Data name="投票区コード">
            <value>41.0</value>
          </Data>
          <Data name="投票区名">
            <value>第４１投票区</value>
          </Data>
          <Data name="掲示場住所">
            <value>西山一丁目６番</value>
          </Data>
          <Data name="経度">
            <value>139.9544414</value>
          </Data>
          <Data name="緯度">
            <value>35.822435</value>
          </Data>
        </ExtendedData>
        <Point>
          <coordinates>
            139.9544414,35.822435,0
          </coordinates>
        </Point>
      </Placemark>
      <Placemark>
        <name>西山第四公園</name>
        <description><![CDATA[﻿市区町村コード: 122173<br>都道府県: 千葉県<br>市町村名: 柏市<br>投票区コード: 41<br>投票区名: 第４１投票区<br>掲示場住所: 西山二丁目２６番<br>経度: 139.9527064<br>緯度: 35.819405]]></description>
        <styleUrl>#icon-1899-0288D1</styleUrl>
        <ExtendedData>
          <Data name="﻿市区町村コード">
            <value>122173.0</value>
          </Data>
          <Data name="都道府県">
            <value>千葉県</value>
          </Data>
          <Data name="市町村名">
            <value>柏市</value>
          </Data>
          <Data name="投票区コード">
            <value>41.0</value>
          </Data>
          <Data name="投票区名">
            <value>第４１投票区</value>
          </Data>
          <Data name="掲示場住所">
            <value>西山二丁目２６番</value>
          </Data>
          <Data name="経度">
            <value>139.9527064</value>
          </Data>
          <Data name="緯度">
            <value>35.819405</value>
          </Data>
        </ExtendedData>
        <Point>
          <coordinates>
            139.9527064,35.819405,0
          </coordinates>
        </Point>
      </Placemark>
      <Placemark>
        <name>柏市酒井根近隣センター</name>
        <description><![CDATA[﻿市区町村コード: 122173<br>都道府県: 千葉県<br>市町村名: 柏市<br>投票区コード: 41<br>投票区名: 第４１投票区<br>掲示場住所: 酒井根６５３番地の４<br>経度: 139.9570667<br>緯度: 35.81789111]]></description>
        <styleUrl>#icon-1899-0288D1</styleUrl>
        <ExtendedData>
          <Data name="﻿市区町村コード">
            <value>122173.0</value>
          </Data>
          <Data name="都道府県">
            <value>千葉県</value>
          </Data>
          <Data name="市町村名">
            <value>柏市</value>
          </Data>
          <Data name="投票区コード">
            <value>41.0</value>
          </Data>
          <Data name="投票区名">
            <value>第４１投票区</value>
          </Data>
          <Data name="掲示場住所">
            <value>酒井根６５３番地の４</value>
          </Data>
          <Data name="経度">
            <value>139.9570667</value>
          </Data>
          <Data name="緯度">
            <value>35.81789111</value>
          </Data>
        </ExtendedData>
        <Point>
          <coordinates>
            139.9570667,35.81789111,0
          </coordinates>
        </Point>
      </Placemark>
      <Placemark>
        <name>西山第一公園</name>
        <description><![CDATA[﻿市区町村コード: 122173<br>都道府県: 千葉県<br>市町村名: 柏市<br>投票区コード: 41<br>投票区名: 第４１投票区<br>掲示場住所: 西山二丁目９番<br>経度: 139.9557778<br>緯度: 35.82014556]]></description>
        <styleUrl>#icon-1899-0288D1</styleUrl>
        <ExtendedData>
          <Data name="﻿市区町村コード">
            <value>122173.0</value>
          </Data>
          <Data name="都道府県">
            <value>千葉県</value>
          </Data>
          <Data name="市町村名">
            <value>柏市</value>
          </Data>
          <Data name="投票区コード">
            <value>41.0</value>
          </Data>
          <Data name="投票区名">
            <value>第４１投票区</value>
          </Data>
          <Data name="掲示場住所">
            <value>西山二丁目９番</value>
          </Data>
          <Data name="経度">
            <value>139.9557778</value>
          </Data>
          <Data name="緯度">
            <value>35.82014556</value>
          </Data>
        </ExtendedData>
        <Point>
          <coordinates>
            139.9557778,35.82014556,0
          </coordinates>
        </Point>
      </Placemark>
      <Placemark>
        <name>青葉台第二公園</name>
        <description><![CDATA[﻿市区町村コード: 122173<br>都道府県: 千葉県<br>市町村名: 柏市<br>投票区コード: 41<br>投票区名: 第４１投票区<br>掲示場住所: 青葉台二丁目１６番<br>経度: 139.9573606<br>緯度: 35.81292861]]></description>
        <styleUrl>#icon-1899-0288D1</styleUrl>
        <ExtendedData>
          <Data name="﻿市区町村コード">
            <value>122173.0</value>
          </Data>
          <Data name="都道府県">
            <value>千葉県</value>
          </Data>
          <Data name="市町村名">
            <value>柏市</value>
          </Data>
          <Data name="投票区コード">
            <value>41.0</value>
          </Data>
          <Data name="投票区名">
            <value>第４１投票区</value>
          </Data>
          <Data name="掲示場住所">
            <value>青葉台二丁目１６番</value>
          </Data>
          <Data name="経度">
            <value>139.9573606</value>
          </Data>
          <Data name="緯度">
            <value>35.81292861</value>
          </Data>
        </ExtendedData>
        <Point>
          <coordinates>
            139.9573606,35.81292861,0
          </coordinates>
        </Point>
      </Placemark>
      <Placemark>
        <name>柏市立酒井根西小学校こどもルーム側</name>
        <description><![CDATA[﻿市区町村コード: 122173<br>都道府県: 千葉県<br>市町村名: 柏市<br>投票区コード: 41<br>投票区名: 第４１投票区<br>掲示場住所: 酒井根６６２番地の１<br>経度: 139.9545111<br>緯度: 35.81744778]]></description>
        <styleUrl>#icon-1899-0288D1</styleUrl>
        <ExtendedData>
          <Data name="﻿市区町村コード">
            <value>122173.0</value>
          </Data>
          <Data name="都道府県">
            <value>千葉県</value>
          </Data>
          <Data name="市町村名">
            <value>柏市</value>
          </Data>
          <Data name="投票区コード">
            <value>41.0</value>
          </Data>
          <Data name="投票区名">
            <value>第４１投票区</value>
          </Data>
          <Data name="掲示場住所">
            <value>酒井根６６２番地の１</value>
          </Data>
          <Data name="経度">
            <value>139.9545111</value>
          </Data>
          <Data name="緯度">
            <value>35.81744778</value>
          </Data>
        </ExtendedData>
        <Point>
          <coordinates>
            139.9545111,35.81744778,0
          </coordinates>
        </Point>
      </Placemark>
      <Placemark>
        <name>西山第三公園</name>
        <description><![CDATA[﻿市区町村コード: 122173<br>都道府県: 千葉県<br>市町村名: 柏市<br>投票区コード: 41<br>投票区名: 第４１投票区<br>掲示場住所: 西山一丁目２４番<br>経度: 139.9523828<br>緯度: 35.82324611]]></description>
        <styleUrl>#icon-1899-0288D1</styleUrl>
        <ExtendedData>
          <Data name="﻿市区町村コード">
            <value>122173.0</value>
          </Data>
          <Data name="都道府県">
            <value>千葉県</value>
          </Data>
          <Data name="市町村名">
            <value>柏市</value>
          </Data>
          <Data name="投票区コード">
            <value>41.0</value>
          </Data>
          <Data name="投票区名">
            <value>第４１投票区</value>
          </Data>
          <Data name="掲示場住所">
            <value>西山一丁目２４番</value>
          </Data>
          <Data name="経度">
            <value>139.9523828</value>
          </Data>
          <Data name="緯度">
            <value>35.82324611</value>
          </Data>
        </ExtendedData>
        <Point>
          <coordinates>
            139.9523828,35.82324611,0
          </coordinates>
        </Point>
      </Placemark>
      <Placemark>
        <name>『松葉町五丁目』バス停横</name>
        <description><![CDATA[﻿市区町村コード: 122173<br>都道府県: 千葉県<br>市町村名: 柏市<br>投票区コード: 42<br>投票区名: 第４２投票区<br>掲示場住所: 松葉町五丁目１５番<br>経度: 139.9664428<br>緯度: 35.89116306]]></description>
        <styleUrl>#icon-1899-0288D1</styleUrl>
        <ExtendedData>
          <Data name="﻿市区町村コード">
            <value>122173.0</value>
          </Data>
          <Data name="都道府県">
            <value>千葉県</value>
          </Data>
          <Data name="市町村名">
            <value>柏市</value>
          </Data>
          <Data name="投票区コード">
            <value>42.0</value>
          </Data>
          <Data name="投票区名">
            <value>第４２投票区</value>
          </Data>
          <Data name="掲示場住所">
            <value>松葉町五丁目１５番</value>
          </Data>
          <Data name="経度">
            <value>139.9664428</value>
          </Data>
          <Data name="緯度">
            <value>35.89116306</value>
          </Data>
        </ExtendedData>
        <Point>
          <coordinates>
            139.9664428,35.89116306,0
          </coordinates>
        </Point>
      </Placemark>
      <Placemark>
        <name>松葉第二近隣公園</name>
        <description><![CDATA[﻿市区町村コード: 122173<br>都道府県: 千葉県<br>市町村名: 柏市<br>投票区コード: 42<br>投票区名: 第４２投票区<br>掲示場住所: 松葉町四丁目１３番<br>経度: 139.970655<br>緯度: 35.89042667]]></description>
        <styleUrl>#icon-1899-0288D1</styleUrl>
        <ExtendedData>
          <Data name="﻿市区町村コード">
            <value>122173.0</value>
          </Data>
          <Data name="都道府県">
            <value>千葉県</value>
          </Data>
          <Data name="市町村名">
            <value>柏市</value>
          </Data>
          <Data name="投票区コード">
            <value>42.0</value>
          </Data>
          <Data name="投票区名">
            <value>第４２投票区</value>
          </Data>
          <Data name="掲示場住所">
            <value>松葉町四丁目１３番</value>
          </Data>
          <Data name="経度">
            <value>139.970655</value>
          </Data>
          <Data name="緯度">
            <value>35.89042667</value>
          </Data>
        </ExtendedData>
        <Point>
          <coordinates>
            139.970655,35.89042667,0
          </coordinates>
        </Point>
      </Placemark>
      <Placemark>
        <name>松葉第五公園</name>
        <description><![CDATA[﻿市区町村コード: 122173<br>都道府県: 千葉県<br>市町村名: 柏市<br>投票区コード: 42<br>投票区名: 第４２投票区<br>掲示場住所: 松葉町七丁目３０番<br>経度: 139.9638492<br>緯度: 35.89077417]]></description>
        <styleUrl>#icon-1899-0288D1</styleUrl>
        <ExtendedData>
          <Data name="﻿市区町村コード">
            <value>122173.0</value>
          </Data>
          <Data name="都道府県">
            <value>千葉県</value>
          </Data>
          <Data name="市町村名">
            <value>柏市</value>
          </Data>
          <Data name="投票区コード">
            <value>42.0</value>
          </Data>
          <Data name="投票区名">
            <value>第４２投票区</value>
          </Data>
          <Data name="掲示場住所">
            <value>松葉町七丁目３０番</value>
          </Data>
          <Data name="経度">
            <value>139.9638492</value>
          </Data>
          <Data name="緯度">
            <value>35.89077417</value>
          </Data>
        </ExtendedData>
        <Point>
          <coordinates>
            139.9638492,35.89077417,0
          </coordinates>
        </Point>
      </Placemark>
      <Placemark>
        <name>『松葉第一小学校前』バス停横</name>
        <description><![CDATA[﻿市区町村コード: 122173<br>都道府県: 千葉県<br>市町村名: 柏市<br>投票区コード: 42<br>投票区名: 第４２投票区<br>掲示場住所: 松葉町五丁目３番<br>経度: 139.9662772<br>緯度: 35.88772167]]></description>
        <styleUrl>#icon-1899-0288D1</styleUrl>
        <ExtendedData>
          <Data name="﻿市区町村コード">
            <value>122173.0</value>
          </Data>
          <Data name="都道府県">
            <value>千葉県</value>
          </Data>
          <Data name="市町村名">
            <value>柏市</value>
          </Data>
          <Data name="投票区コード">
            <value>42.0</value>
          </Data>
          <Data name="投票区名">
            <value>第４２投票区</value>
          </Data>
          <Data name="掲示場住所">
            <value>松葉町五丁目３番</value>
          </Data>
          <Data name="経度">
            <value>139.9662772</value>
          </Data>
          <Data name="緯度">
            <value>35.88772167</value>
          </Data>
        </ExtendedData>
        <Point>
          <coordinates>
            139.9662772,35.88772167,0
          </coordinates>
        </Point>
      </Placemark>
      <Placemark>
        <name>『松葉中学校前』バス停横</name>
        <description><![CDATA[﻿市区町村コード: 122173<br>都道府県: 千葉県<br>市町村名: 柏市<br>投票区コード: 42<br>投票区名: 第４２投票区<br>掲示場住所: 松葉町三丁目１４番<br>経度: 139.9698889<br>緯度: 35.88756333]]></description>
        <styleUrl>#icon-1899-0288D1</styleUrl>
        <ExtendedData>
          <Data name="﻿市区町村コード">
            <value>122173.0</value>
          </Data>
          <Data name="都道府県">
            <value>千葉県</value>
          </Data>
          <Data name="市町村名">
            <value>柏市</value>
          </Data>
          <Data name="投票区コード">
            <value>42.0</value>
          </Data>
          <Data name="投票区名">
            <value>第４２投票区</value>
          </Data>
          <Data name="掲示場住所">
            <value>松葉町三丁目１４番</value>
          </Data>
          <Data name="経度">
            <value>139.9698889</value>
          </Data>
          <Data name="緯度">
            <value>35.88756333</value>
          </Data>
        </ExtendedData>
        <Point>
          <coordinates>
            139.9698889,35.88756333,0
          </coordinates>
        </Point>
      </Placemark>
      <Placemark>
        <name>柏市立松葉中学校裏門横</name>
        <description><![CDATA[﻿市区町村コード: 122173<br>都道府県: 千葉県<br>市町村名: 柏市<br>投票区コード: 42<br>投票区名: 第４２投票区<br>掲示場住所: 松葉町三丁目１４番<br>経度: 139.9694531<br>緯度: 35.88688444]]></description>
        <styleUrl>#icon-1899-0288D1</styleUrl>
        <ExtendedData>
          <Data name="﻿市区町村コード">
            <value>122173.0</value>
          </Data>
          <Data name="都道府県">
            <value>千葉県</value>
          </Data>
          <Data name="市町村名">
            <value>柏市</value>
          </Data>
          <Data name="投票区コード">
            <value>42.0</value>
          </Data>
          <Data name="投票区名">
            <value>第４２投票区</value>
          </Data>
          <Data name="掲示場住所">
            <value>松葉町三丁目１４番</value>
          </Data>
          <Data name="経度">
            <value>139.9694531</value>
          </Data>
          <Data name="緯度">
            <value>35.88688444</value>
          </Data>
        </ExtendedData>
        <Point>
          <coordinates>
            139.9694531,35.88688444,0
          </coordinates>
        </Point>
      </Placemark>
      <Placemark>
        <name>柏市松葉近隣センター横</name>
        <description><![CDATA[﻿市区町村コード: 122173<br>都道府県: 千葉県<br>市町村名: 柏市<br>投票区コード: 42<br>投票区名: 第４２投票区<br>掲示場住所: 松葉町四丁目１１番<br>経度: 139.9695567<br>緯度: 35.88941333]]></description>
        <styleUrl>#icon-1899-0288D1</styleUrl>
        <ExtendedData>
          <Data name="﻿市区町村コード">
            <value>122173.0</value>
          </Data>
          <Data name="都道府県">
            <value>千葉県</value>
          </Data>
          <Data name="市町村名">
            <value>柏市</value>
          </Data>
          <Data name="投票区コード">
            <value>42.0</value>
          </Data>
          <Data name="投票区名">
            <value>第４２投票区</value>
          </Data>
          <Data name="掲示場住所">
            <value>松葉町四丁目１１番</value>
          </Data>
          <Data name="経度">
            <value>139.9695567</value>
          </Data>
          <Data name="緯度">
            <value>35.88941333</value>
          </Data>
        </ExtendedData>
        <Point>
          <coordinates>
            139.9695567,35.88941333,0
          </coordinates>
        </Point>
      </Placemark>
      <Placemark>
        <name>松葉第六公園</name>
        <description><![CDATA[﻿市区町村コード: 122173<br>都道府県: 千葉県<br>市町村名: 柏市<br>投票区コード: 42<br>投票区名: 第４２投票区<br>掲示場住所: 松葉町六丁目３０番<br>経度: 139.9675672<br>緯度: 35.89192028]]></description>
        <styleUrl>#icon-1899-0288D1</styleUrl>
        <ExtendedData>
          <Data name="﻿市区町村コード">
            <value>122173.0</value>
          </Data>
          <Data name="都道府県">
            <value>千葉県</value>
          </Data>
          <Data name="市町村名">
            <value>柏市</value>
          </Data>
          <Data name="投票区コード">
            <value>42.0</value>
          </Data>
          <Data name="投票区名">
            <value>第４２投票区</value>
          </Data>
          <Data name="掲示場住所">
            <value>松葉町六丁目３０番</value>
          </Data>
          <Data name="経度">
            <value>139.9675672</value>
          </Data>
          <Data name="緯度">
            <value>35.89192028</value>
          </Data>
        </ExtendedData>
        <Point>
          <coordinates>
            139.9675672,35.89192028,0
          </coordinates>
        </Point>
      </Placemark>
      <Placemark>
        <name>松葉第一近隣公園前</name>
        <description><![CDATA[﻿市区町村コード: 122173<br>都道府県: 千葉県<br>市町村名: 柏市<br>投票区コード: 42<br>投票区名: 第４２投票区<br>掲示場住所: 松葉町四丁目６番<br>経度: 139.9708828<br>緯度: 35.88810139]]></description>
        <styleUrl>#icon-1899-0288D1</styleUrl>
        <ExtendedData>
          <Data name="﻿市区町村コード">
            <value>122173.0</value>
          </Data>
          <Data name="都道府県">
            <value>千葉県</value>
          </Data>
          <Data name="市町村名">
            <value>柏市</value>
          </Data>
          <Data name="投票区コード">
            <value>42.0</value>
          </Data>
          <Data name="投票区名">
            <value>第４２投票区</value>
          </Data>
          <Data name="掲示場住所">
            <value>松葉町四丁目６番</value>
          </Data>
          <Data name="経度">
            <value>139.9708828</value>
          </Data>
          <Data name="緯度">
            <value>35.88810139</value>
          </Data>
        </ExtendedData>
        <Point>
          <coordinates>
            139.9708828,35.88810139,0
          </coordinates>
        </Point>
      </Placemark>
      <Placemark>
        <name>逆井運動場</name>
        <description><![CDATA[﻿市区町村コード: 122173<br>都道府県: 千葉県<br>市町村名: 柏市<br>投票区コード: 43<br>投票区名: 第４３投票区<br>掲示場住所: 逆井１４５番地<br>経度: 139.9902811<br>緯度: 35.82065667]]></description>
        <styleUrl>#icon-1899-0288D1</styleUrl>
        <ExtendedData>
          <Data name="﻿市区町村コード">
            <value>122173.0</value>
          </Data>
          <Data name="都道府県">
            <value>千葉県</value>
          </Data>
          <Data name="市町村名">
            <value>柏市</value>
          </Data>
          <Data name="投票区コード">
            <value>43.0</value>
          </Data>
          <Data name="投票区名">
            <value>第４３投票区</value>
          </Data>
          <Data name="掲示場住所">
            <value>逆井１４５番地</value>
          </Data>
          <Data name="経度">
            <value>139.9902811</value>
          </Data>
          <Data name="緯度">
            <value>35.82065667</value>
          </Data>
        </ExtendedData>
        <Point>
          <coordinates>
            139.9902811,35.82065667,0
          </coordinates>
        </Point>
      </Placemark>
      <Placemark>
        <name>逆井北公園</name>
        <description><![CDATA[﻿市区町村コード: 122173<br>都道府県: 千葉県<br>市町村名: 柏市<br>投票区コード: 43<br>投票区名: 第４３投票区<br>掲示場住所: 逆井二丁目２３番<br>経度: 139.9788075<br>緯度: 35.82423944]]></description>
        <styleUrl>#icon-1899-0288D1</styleUrl>
        <ExtendedData>
          <Data name="﻿市区町村コード">
            <value>122173.0</value>
          </Data>
          <Data name="都道府県">
            <value>千葉県</value>
          </Data>
          <Data name="市町村名">
            <value>柏市</value>
          </Data>
          <Data name="投票区コード">
            <value>43.0</value>
          </Data>
          <Data name="投票区名">
            <value>第４３投票区</value>
          </Data>
          <Data name="掲示場住所">
            <value>逆井二丁目２３番</value>
          </Data>
          <Data name="経度">
            <value>139.9788075</value>
          </Data>
          <Data name="緯度">
            <value>35.82423944</value>
          </Data>
        </ExtendedData>
        <Point>
          <coordinates>
            139.9788075,35.82423944,0
          </coordinates>
        </Point>
      </Placemark>
      <Placemark>
        <name>逆井第二公園</name>
        <description><![CDATA[﻿市区町村コード: 122173<br>都道府県: 千葉県<br>市町村名: 柏市<br>投票区コード: 43<br>投票区名: 第４３投票区<br>掲示場住所: 逆井一丁目８番<br>経度: 139.9826158<br>緯度: 35.82213583]]></description>
        <styleUrl>#icon-1899-0288D1</styleUrl>
        <ExtendedData>
          <Data name="﻿市区町村コード">
            <value>122173.0</value>
          </Data>
          <Data name="都道府県">
            <value>千葉県</value>
          </Data>
          <Data name="市町村名">
            <value>柏市</value>
          </Data>
          <Data name="投票区コード">
            <value>43.0</value>
          </Data>
          <Data name="投票区名">
            <value>第４３投票区</value>
          </Data>
          <Data name="掲示場住所">
            <value>逆井一丁目８番</value>
          </Data>
          <Data name="経度">
            <value>139.9826158</value>
          </Data>
          <Data name="緯度">
            <value>35.82213583</value>
          </Data>
        </ExtendedData>
        <Point>
          <coordinates>
            139.9826158,35.82213583,0
          </coordinates>
        </Point>
      </Placemark>
      <Placemark>
        <name>逆井駅東口ロータリー</name>
        <description><![CDATA[﻿市区町村コード: 122173<br>都道府県: 千葉県<br>市町村名: 柏市<br>投票区コード: 43<br>投票区名: 第４３投票区<br>掲示場住所: 逆井８４９番地３４<br>経度: 139.9844994<br>緯度: 35.82303972]]></description>
        <styleUrl>#icon-1899-0288D1</styleUrl>
        <ExtendedData>
          <Data name="﻿市区町村コード">
            <value>122173.0</value>
          </Data>
          <Data name="都道府県">
            <value>千葉県</value>
          </Data>
          <Data name="市町村名">
            <value>柏市</value>
          </Data>
          <Data name="投票区コード">
            <value>43.0</value>
          </Data>
          <Data name="投票区名">
            <value>第４３投票区</value>
          </Data>
          <Data name="掲示場住所">
            <value>逆井８４９番地３４</value>
          </Data>
          <Data name="経度">
            <value>139.9844994</value>
          </Data>
          <Data name="緯度">
            <value>35.82303972</value>
          </Data>
        </ExtendedData>
        <Point>
          <coordinates>
            139.9844994,35.82303972,0
          </coordinates>
        </Point>
      </Placemark>
      <Placemark>
        <name>柏市立逆井中学校正門横</name>
        <description><![CDATA[﻿市区町村コード: 122173<br>都道府県: 千葉県<br>市町村名: 柏市<br>投票区コード: 43<br>投票区名: 第４３投票区<br>掲示場住所: 逆井５５５番地<br>経度: 139.9845508<br>緯度: 35.81779611]]></description>
        <styleUrl>#icon-1899-0288D1</styleUrl>
        <ExtendedData>
          <Data name="﻿市区町村コード">
            <value>122173.0</value>
          </Data>
          <Data name="都道府県">
            <value>千葉県</value>
          </Data>
          <Data name="市町村名">
            <value>柏市</value>
          </Data>
          <Data name="投票区コード">
            <value>43.0</value>
          </Data>
          <Data name="投票区名">
            <value>第４３投票区</value>
          </Data>
          <Data name="掲示場住所">
            <value>逆井５５５番地</value>
          </Data>
          <Data name="経度">
            <value>139.9845508</value>
          </Data>
          <Data name="緯度">
            <value>35.81779611</value>
          </Data>
        </ExtendedData>
        <Point>
          <coordinates>
            139.9845508,35.81779611,0
          </coordinates>
        </Point>
      </Placemark>
      <Placemark>
        <name>ローソン柏藤心店交差点西側</name>
        <description><![CDATA[﻿市区町村コード: 122173<br>都道府県: 千葉県<br>市町村名: 柏市<br>投票区コード: 43<br>投票区名: 第４３投票区<br>掲示場住所: 藤心８９６番地の１２<br>経度: 139.9934983<br>緯度: 35.81657083]]></description>
        <styleUrl>#icon-1899-0288D1</styleUrl>
        <ExtendedData>
          <Data name="﻿市区町村コード">
            <value>122173.0</value>
          </Data>
          <Data name="都道府県">
            <value>千葉県</value>
          </Data>
          <Data name="市町村名">
            <value>柏市</value>
          </Data>
          <Data name="投票区コード">
            <value>43.0</value>
          </Data>
          <Data name="投票区名">
            <value>第４３投票区</value>
          </Data>
          <Data name="掲示場住所">
            <value>藤心８９６番地の１２</value>
          </Data>
          <Data name="経度">
            <value>139.9934983</value>
          </Data>
          <Data name="緯度">
            <value>35.81657083</value>
          </Data>
        </ExtendedData>
        <Point>
          <coordinates>
            139.9934983,35.81657083,0
          </coordinates>
        </Point>
      </Placemark>
      <Placemark>
        <name>逆井第三公園</name>
        <description><![CDATA[﻿市区町村コード: 122173<br>都道府県: 千葉県<br>市町村名: 柏市<br>投票区コード: 43<br>投票区名: 第４３投票区<br>掲示場住所: 逆井四丁目４３番<br>経度: 139.9795978<br>緯度: 35.81804472]]></description>
        <styleUrl>#icon-1899-0288D1</styleUrl>
        <ExtendedData>
          <Data name="﻿市区町村コード">
            <value>122173.0</value>
          </Data>
          <Data name="都道府県">
            <value>千葉県</value>
          </Data>
          <Data name="市町村名">
            <value>柏市</value>
          </Data>
          <Data name="投票区コード">
            <value>43.0</value>
          </Data>
          <Data name="投票区名">
            <value>第４３投票区</value>
          </Data>
          <Data name="掲示場住所">
            <value>逆井四丁目４３番</value>
          </Data>
          <Data name="経度">
            <value>139.9795978</value>
          </Data>
          <Data name="緯度">
            <value>35.81804472</value>
          </Data>
        </ExtendedData>
        <Point>
          <coordinates>
            139.9795978,35.81804472,0
          </coordinates>
        </Point>
      </Placemark>
      <Placemark>
        <name>柏市立逆井中学校裏門脇</name>
        <description><![CDATA[﻿市区町村コード: 122173<br>都道府県: 千葉県<br>市町村名: 柏市<br>投票区コード: 43<br>投票区名: 第４３投票区<br>掲示場住所: 逆井５２７番地の３<br>経度: 139.9853769<br>緯度: 35.81701]]></description>
        <styleUrl>#icon-1899-0288D1</styleUrl>
        <ExtendedData>
          <Data name="﻿市区町村コード">
            <value>122173.0</value>
          </Data>
          <Data name="都道府県">
            <value>千葉県</value>
          </Data>
          <Data name="市町村名">
            <value>柏市</value>
          </Data>
          <Data name="投票区コード">
            <value>43.0</value>
          </Data>
          <Data name="投票区名">
            <value>第４３投票区</value>
          </Data>
          <Data name="掲示場住所">
            <value>逆井５２７番地の３</value>
          </Data>
          <Data name="経度">
            <value>139.9853769</value>
          </Data>
          <Data name="緯度">
            <value>35.81701</value>
          </Data>
        </ExtendedData>
        <Point>
          <coordinates>
            139.9853769,35.81701,0
          </coordinates>
        </Point>
      </Placemark>
      <Placemark>
        <name>ユニクロ駐車場前植樹帯</name>
        <description><![CDATA[﻿市区町村コード: 122173<br>都道府県: 千葉県<br>市町村名: 柏市<br>投票区コード: 44<br>投票区名: 第４４投票区<br>掲示場住所: 中原２丁目２番<br>経度: 139.9730753<br>緯度: 35.82800389]]></description>
        <styleUrl>#icon-1899-0288D1</styleUrl>
        <ExtendedData>
          <Data name="﻿市区町村コード">
            <value>122173.0</value>
          </Data>
          <Data name="都道府県">
            <value>千葉県</value>
          </Data>
          <Data name="市町村名">
            <value>柏市</value>
          </Data>
          <Data name="投票区コード">
            <value>44.0</value>
          </Data>
          <Data name="投票区名">
            <value>第４４投票区</value>
          </Data>
          <Data name="掲示場住所">
            <value>中原２丁目２番</value>
          </Data>
          <Data name="経度">
            <value>139.9730753</value>
          </Data>
          <Data name="緯度">
            <value>35.82800389</value>
          </Data>
        </ExtendedData>
        <Point>
          <coordinates>
            139.9730753,35.82800389,0
          </coordinates>
        </Point>
      </Placemark>
      <Placemark>
        <name>加賀第二公園</name>
        <description><![CDATA[﻿市区町村コード: 122173<br>都道府県: 千葉県<br>市町村名: 柏市<br>投票区コード: 44<br>投票区名: 第４４投票区<br>掲示場住所: 加賀三丁目３１番<br>経度: 139.9729353<br>緯度: 35.83039806]]></description>
        <styleUrl>#icon-1899-0288D1</styleUrl>
        <ExtendedData>
          <Data name="﻿市区町村コード">
            <value>122173.0</value>
          </Data>
          <Data name="都道府県">
            <value>千葉県</value>
          </Data>
          <Data name="市町村名">
            <value>柏市</value>
          </Data>
          <Data name="投票区コード">
            <value>44.0</value>
          </Data>
          <Data name="投票区名">
            <value>第４４投票区</value>
          </Data>
          <Data name="掲示場住所">
            <value>加賀三丁目３１番</value>
          </Data>
          <Data name="経度">
            <value>139.9729353</value>
          </Data>
          <Data name="緯度">
            <value>35.83039806</value>
          </Data>
        </ExtendedData>
        <Point>
          <coordinates>
            139.9729353,35.83039806,0
          </coordinates>
        </Point>
      </Placemark>
      <Placemark>
        <name>三本木第一公園</name>
        <description><![CDATA[﻿市区町村コード: 122173<br>都道府県: 千葉県<br>市町村名: 柏市<br>投票区コード: 44<br>投票区名: 第４４投票区<br>掲示場住所: 増尾台三丁目１３番<br>経度: 139.9735408<br>緯度: 35.82503417]]></description>
        <styleUrl>#icon-1899-0288D1</styleUrl>
        <ExtendedData>
          <Data name="﻿市区町村コード">
            <value>122173.0</value>
          </Data>
          <Data name="都道府県">
            <value>千葉県</value>
          </Data>
          <Data name="市町村名">
            <value>柏市</value>
          </Data>
          <Data name="投票区コード">
            <value>44.0</value>
          </Data>
          <Data name="投票区名">
            <value>第４４投票区</value>
          </Data>
          <Data name="掲示場住所">
            <value>増尾台三丁目１３番</value>
          </Data>
          <Data name="経度">
            <value>139.9735408</value>
          </Data>
          <Data name="緯度">
            <value>35.82503417</value>
          </Data>
        </ExtendedData>
        <Point>
          <coordinates>
            139.9735408,35.82503417,0
          </coordinates>
        </Point>
      </Placemark>
      <Placemark>
        <name>中原第一公園</name>
        <description><![CDATA[﻿市区町村コード: 122173<br>都道府県: 千葉県<br>市町村名: 柏市<br>投票区コード: 44<br>投票区名: 第４４投票区<br>掲示場住所: 中原二丁目１９番<br>経度: 139.9696706<br>緯度: 35.8246975]]></description>
        <styleUrl>#icon-1899-0288D1</styleUrl>
        <ExtendedData>
          <Data name="﻿市区町村コード">
            <value>122173.0</value>
          </Data>
          <Data name="都道府県">
            <value>千葉県</value>
          </Data>
          <Data name="市町村名">
            <value>柏市</value>
          </Data>
          <Data name="投票区コード">
            <value>44.0</value>
          </Data>
          <Data name="投票区名">
            <value>第４４投票区</value>
          </Data>
          <Data name="掲示場住所">
            <value>中原二丁目１９番</value>
          </Data>
          <Data name="経度">
            <value>139.9696706</value>
          </Data>
          <Data name="緯度">
            <value>35.8246975</value>
          </Data>
        </ExtendedData>
        <Point>
          <coordinates>
            139.9696706,35.8246975,0
          </coordinates>
        </Point>
      </Placemark>
      <Placemark>
        <name>三本木第三公園</name>
        <description><![CDATA[﻿市区町村コード: 122173<br>都道府県: 千葉県<br>市町村名: 柏市<br>投票区コード: 44<br>投票区名: 第４４投票区<br>掲示場住所: 増尾台二丁目１１番<br>経度: 139.9719483<br>緯度: 35.825185]]></description>
        <styleUrl>#icon-1899-0288D1</styleUrl>
        <ExtendedData>
          <Data name="﻿市区町村コード">
            <value>122173.0</value>
          </Data>
          <Data name="都道府県">
            <value>千葉県</value>
          </Data>
          <Data name="市町村名">
            <value>柏市</value>
          </Data>
          <Data name="投票区コード">
            <value>44.0</value>
          </Data>
          <Data name="投票区名">
            <value>第４４投票区</value>
          </Data>
          <Data name="掲示場住所">
            <value>増尾台二丁目１１番</value>
          </Data>
          <Data name="経度">
            <value>139.9719483</value>
          </Data>
          <Data name="緯度">
            <value>35.825185</value>
          </Data>
        </ExtendedData>
        <Point>
          <coordinates>
            139.9719483,35.825185,0
          </coordinates>
        </Point>
      </Placemark>
      <Placemark>
        <name>三本木第二公園</name>
        <description><![CDATA[﻿市区町村コード: 122173<br>都道府県: 千葉県<br>市町村名: 柏市<br>投票区コード: 44<br>投票区名: 第４４投票区<br>掲示場住所: 増尾台二丁目３１番<br>経度: 139.9701814<br>緯度: 35.82278333]]></description>
        <styleUrl>#icon-1899-0288D1</styleUrl>
        <ExtendedData>
          <Data name="﻿市区町村コード">
            <value>122173.0</value>
          </Data>
          <Data name="都道府県">
            <value>千葉県</value>
          </Data>
          <Data name="市町村名">
            <value>柏市</value>
          </Data>
          <Data name="投票区コード">
            <value>44.0</value>
          </Data>
          <Data name="投票区名">
            <value>第４４投票区</value>
          </Data>
          <Data name="掲示場住所">
            <value>増尾台二丁目３１番</value>
          </Data>
          <Data name="経度">
            <value>139.9701814</value>
          </Data>
          <Data name="緯度">
            <value>35.82278333</value>
          </Data>
        </ExtendedData>
        <Point>
          <coordinates>
            139.9701814,35.82278333,0
          </coordinates>
        </Point>
      </Placemark>
      <Placemark>
        <name>柏市立増尾西小学校裏門横</name>
        <description><![CDATA[﻿市区町村コード: 122173<br>都道府県: 千葉県<br>市町村名: 柏市<br>投票区コード: 44<br>投票区名: 第４４投票区<br>掲示場住所: 増尾台三丁目５番９号<br>経度: 139.974585<br>緯度: 35.82595194]]></description>
        <styleUrl>#icon-1899-0288D1</styleUrl>
        <ExtendedData>
          <Data name="﻿市区町村コード">
            <value>122173.0</value>
          </Data>
          <Data name="都道府県">
            <value>千葉県</value>
          </Data>
          <Data name="市町村名">
            <value>柏市</value>
          </Data>
          <Data name="投票区コード">
            <value>44.0</value>
          </Data>
          <Data name="投票区名">
            <value>第４４投票区</value>
          </Data>
          <Data name="掲示場住所">
            <value>増尾台三丁目５番９号</value>
          </Data>
          <Data name="経度">
            <value>139.974585</value>
          </Data>
          <Data name="緯度">
            <value>35.82595194</value>
          </Data>
        </ExtendedData>
        <Point>
          <coordinates>
            139.974585,35.82595194,0
          </coordinates>
        </Point>
      </Placemark>
      <Placemark>
        <name>デニーズ柏増尾台店横</name>
        <description><![CDATA[﻿市区町村コード: 122173<br>都道府県: 千葉県<br>市町村名: 柏市<br>投票区コード: 44<br>投票区名: 第４４投票区<br>掲示場住所: 増尾台三丁目６番<br>経度: 139.9769469<br>緯度: 35.82556222]]></description>
        <styleUrl>#icon-1899-0288D1</styleUrl>
        <ExtendedData>
          <Data name="﻿市区町村コード">
            <value>122173.0</value>
          </Data>
          <Data name="都道府県">
            <value>千葉県</value>
          </Data>
          <Data name="市町村名">
            <value>柏市</value>
          </Data>
          <Data name="投票区コード">
            <value>44.0</value>
          </Data>
          <Data name="投票区名">
            <value>第４４投票区</value>
          </Data>
          <Data name="掲示場住所">
            <value>増尾台三丁目６番</value>
          </Data>
          <Data name="経度">
            <value>139.9769469</value>
          </Data>
          <Data name="緯度">
            <value>35.82556222</value>
          </Data>
        </ExtendedData>
        <Point>
          <coordinates>
            139.9769469,35.82556222,0
          </coordinates>
        </Point>
      </Placemark>
      <Placemark>
        <name>富士浅間神社社務所横</name>
        <description><![CDATA[﻿市区町村コード: 122173<br>都道府県: 千葉県<br>市町村名: 柏市<br>投票区コード: 45<br>投票区名: 第４５投票区<br>掲示場住所: 中新宿二丁目７番９号<br>経度: 139.9490492<br>緯度: 35.8340825]]></description>
        <styleUrl>#icon-1899-0288D1</styleUrl>
        <ExtendedData>
          <Data name="﻿市区町村コード">
            <value>122173.0</value>
          </Data>
          <Data name="都道府県">
            <value>千葉県</value>
          </Data>
          <Data name="市町村名">
            <value>柏市</value>
          </Data>
          <Data name="投票区コード">
            <value>45.0</value>
          </Data>
          <Data name="投票区名">
            <value>第４５投票区</value>
          </Data>
          <Data name="掲示場住所">
            <value>中新宿二丁目７番９号</value>
          </Data>
          <Data name="経度">
            <value>139.9490492</value>
          </Data>
          <Data name="緯度">
            <value>35.8340825</value>
          </Data>
        </ExtendedData>
        <Point>
          <coordinates>
            139.9490492,35.8340825,0
          </coordinates>
        </Point>
      </Placemark>
      <Placemark>
        <name>広池学園北部住宅B棟前</name>
        <description><![CDATA[﻿市区町村コード: 122173<br>都道府県: 千葉県<br>市町村名: 柏市<br>投票区コード: 45<br>投票区名: 第４５投票区<br>掲示場住所: 中新宿三丁目１５番<br>経度: 139.950365<br>緯度: 35.834055]]></description>
        <styleUrl>#icon-1899-0288D1</styleUrl>
        <ExtendedData>
          <Data name="﻿市区町村コード">
            <value>122173.0</value>
          </Data>
          <Data name="都道府県">
            <value>千葉県</value>
          </Data>
          <Data name="市町村名">
            <value>柏市</value>
          </Data>
          <Data name="投票区コード">
            <value>45.0</value>
          </Data>
          <Data name="投票区名">
            <value>第４５投票区</value>
          </Data>
          <Data name="掲示場住所">
            <value>中新宿三丁目１５番</value>
          </Data>
          <Data name="経度">
            <value>139.950365</value>
          </Data>
          <Data name="緯度">
            <value>35.834055</value>
          </Data>
        </ExtendedData>
        <Point>
          <coordinates>
            139.950365,35.834055,0
          </coordinates>
        </Point>
      </Placemark>
      <Placemark>
        <name>中新宿ふるさとセンター前</name>
        <description><![CDATA[﻿市区町村コード: 122173<br>都道府県: 千葉県<br>市町村名: 柏市<br>投票区コード: 45<br>投票区名: 第４５投票区<br>掲示場住所: 中新宿三丁目１番２１号<br>経度: 139.9464767<br>緯度: 35.83427361]]></description>
        <styleUrl>#icon-1899-0288D1</styleUrl>
        <ExtendedData>
          <Data name="﻿市区町村コード">
            <value>122173.0</value>
          </Data>
          <Data name="都道府県">
            <value>千葉県</value>
          </Data>
          <Data name="市町村名">
            <value>柏市</value>
          </Data>
          <Data name="投票区コード">
            <value>45.0</value>
          </Data>
          <Data name="投票区名">
            <value>第４５投票区</value>
          </Data>
          <Data name="掲示場住所">
            <value>中新宿三丁目１番２１号</value>
          </Data>
          <Data name="経度">
            <value>139.9464767</value>
          </Data>
          <Data name="緯度">
            <value>35.83427361</value>
          </Data>
        </ExtendedData>
        <Point>
          <coordinates>
            139.9464767,35.83427361,0
          </coordinates>
        </Point>
      </Placemark>
      <Placemark>
        <name>中新宿第二公園</name>
        <description><![CDATA[﻿市区町村コード: 122173<br>都道府県: 千葉県<br>市町村名: 柏市<br>投票区コード: 45<br>投票区名: 第４５投票区<br>掲示場住所: 中新宿一丁目８番<br>経度: 139.9424939<br>緯度: 35.83490611]]></description>
        <styleUrl>#icon-1899-0288D1</styleUrl>
        <ExtendedData>
          <Data name="﻿市区町村コード">
            <value>122173.0</value>
          </Data>
          <Data name="都道府県">
            <value>千葉県</value>
          </Data>
          <Data name="市町村名">
            <value>柏市</value>
          </Data>
          <Data name="投票区コード">
            <value>45.0</value>
          </Data>
          <Data name="投票区名">
            <value>第４５投票区</value>
          </Data>
          <Data name="掲示場住所">
            <value>中新宿一丁目８番</value>
          </Data>
          <Data name="経度">
            <value>139.9424939</value>
          </Data>
          <Data name="緯度">
            <value>35.83490611</value>
          </Data>
        </ExtendedData>
        <Point>
          <coordinates>
            139.9424939,35.83490611,0
          </coordinates>
        </Point>
      </Placemark>
      <Placemark>
        <name>須賀工業㈱柏研究研修センター横</name>
        <description><![CDATA[﻿市区町村コード: 122173<br>都道府県: 千葉県<br>市町村名: 柏市<br>投票区コード: 45<br>投票区名: 第４５投票区<br>掲示場住所: 中新宿三丁目２７８番地の４<br>経度: 139.9450378<br>緯度: 35.83301667]]></description>
        <styleUrl>#icon-1899-0288D1</styleUrl>
        <ExtendedData>
          <Data name="﻿市区町村コード">
            <value>122173.0</value>
          </Data>
          <Data name="都道府県">
            <value>千葉県</value>
          </Data>
          <Data name="市町村名">
            <value>柏市</value>
          </Data>
          <Data name="投票区コード">
            <value>45.0</value>
          </Data>
          <Data name="投票区名">
            <value>第４５投票区</value>
          </Data>
          <Data name="掲示場住所">
            <value>中新宿三丁目２７８番地の４</value>
          </Data>
          <Data name="経度">
            <value>139.9450378</value>
          </Data>
          <Data name="緯度">
            <value>35.83301667</value>
          </Data>
        </ExtendedData>
        <Point>
          <coordinates>
            139.9450378,35.83301667,0
          </coordinates>
        </Point>
      </Placemark>
      <Placemark>
        <name>柏市立松葉第二小学校門横</name>
        <description><![CDATA[﻿市区町村コード: 122173<br>都道府県: 千葉県<br>市町村名: 柏市<br>投票区コード: 46<br>投票区名: 第４６投票区<br>掲示場住所: 松葉町二丁目１６番<br>経度: 139.9753594<br>緯度: 35.88885889]]></description>
        <styleUrl>#icon-1899-0288D1</styleUrl>
        <ExtendedData>
          <Data name="﻿市区町村コード">
            <value>122173.0</value>
          </Data>
          <Data name="都道府県">
            <value>千葉県</value>
          </Data>
          <Data name="市町村名">
            <value>柏市</value>
          </Data>
          <Data name="投票区コード">
            <value>46.0</value>
          </Data>
          <Data name="投票区名">
            <value>第４６投票区</value>
          </Data>
          <Data name="掲示場住所">
            <value>松葉町二丁目１６番</value>
          </Data>
          <Data name="経度">
            <value>139.9753594</value>
          </Data>
          <Data name="緯度">
            <value>35.88885889</value>
          </Data>
        </ExtendedData>
        <Point>
          <coordinates>
            139.9753594,35.88885889,0
          </coordinates>
        </Point>
      </Placemark>
      <Placemark>
        <name>柏市立松葉第二小学校校庭西側</name>
        <description><![CDATA[﻿市区町村コード: 122173<br>都道府県: 千葉県<br>市町村名: 柏市<br>投票区コード: 46<br>投票区名: 第４６投票区<br>掲示場住所: 松葉町二丁目１６番<br>経度: 139.9753594<br>緯度: 35.88722194]]></description>
        <styleUrl>#icon-1899-0288D1</styleUrl>
        <ExtendedData>
          <Data name="﻿市区町村コード">
            <value>122173.0</value>
          </Data>
          <Data name="都道府県">
            <value>千葉県</value>
          </Data>
          <Data name="市町村名">
            <value>柏市</value>
          </Data>
          <Data name="投票区コード">
            <value>46.0</value>
          </Data>
          <Data name="投票区名">
            <value>第４６投票区</value>
          </Data>
          <Data name="掲示場住所">
            <value>松葉町二丁目１６番</value>
          </Data>
          <Data name="経度">
            <value>139.9753594</value>
          </Data>
          <Data name="緯度">
            <value>35.88722194</value>
          </Data>
        </ExtendedData>
        <Point>
          <coordinates>
            139.9753594,35.88722194,0
          </coordinates>
        </Point>
      </Placemark>
      <Placemark>
        <name>『松葉町二丁目』バス停横</name>
        <description><![CDATA[﻿市区町村コード: 122173<br>都道府県: 千葉県<br>市町村名: 柏市<br>投票区コード: 46<br>投票区名: 第４６投票区<br>掲示場住所: 松葉町一丁目１９番<br>経度: 139.9760417<br>緯度: 35.88897556]]></description>
        <styleUrl>#icon-1899-0288D1</styleUrl>
        <ExtendedData>
          <Data name="﻿市区町村コード">
            <value>122173.0</value>
          </Data>
          <Data name="都道府県">
            <value>千葉県</value>
          </Data>
          <Data name="市町村名">
            <value>柏市</value>
          </Data>
          <Data name="投票区コード">
            <value>46.0</value>
          </Data>
          <Data name="投票区名">
            <value>第４６投票区</value>
          </Data>
          <Data name="掲示場住所">
            <value>松葉町一丁目１９番</value>
          </Data>
          <Data name="経度">
            <value>139.9760417</value>
          </Data>
          <Data name="緯度">
            <value>35.88897556</value>
          </Data>
        </ExtendedData>
        <Point>
          <coordinates>
            139.9760417,35.88897556,0
          </coordinates>
        </Point>
      </Placemark>
      <Placemark>
        <name>松葉第一公園</name>
        <description><![CDATA[﻿市区町村コード: 122173<br>都道府県: 千葉県<br>市町村名: 柏市<br>投票区コード: 46<br>投票区名: 第４６投票区<br>掲示場住所: 松葉町一丁目１４番<br>経度: 139.9791214<br>緯度: 35.88763639]]></description>
        <styleUrl>#icon-1899-0288D1</styleUrl>
        <ExtendedData>
          <Data name="﻿市区町村コード">
            <value>122173.0</value>
          </Data>
          <Data name="都道府県">
            <value>千葉県</value>
          </Data>
          <Data name="市町村名">
            <value>柏市</value>
          </Data>
          <Data name="投票区コード">
            <value>46.0</value>
          </Data>
          <Data name="投票区名">
            <value>第４６投票区</value>
          </Data>
          <Data name="掲示場住所">
            <value>松葉町一丁目１４番</value>
          </Data>
          <Data name="経度">
            <value>139.9791214</value>
          </Data>
          <Data name="緯度">
            <value>35.88763639</value>
          </Data>
        </ExtendedData>
        <Point>
          <coordinates>
            139.9791214,35.88763639,0
          </coordinates>
        </Point>
      </Placemark>
      <Placemark>
        <name>『コープタウン前』バス停横</name>
        <description><![CDATA[﻿市区町村コード: 122173<br>都道府県: 千葉県<br>市町村名: 柏市<br>投票区コード: 46<br>投票区名: 第４６投票区<br>掲示場住所: 松葉町一丁目１２番<br>経度: 139.9801758<br>緯度: 35.88568056]]></description>
        <styleUrl>#icon-1899-0288D1</styleUrl>
        <ExtendedData>
          <Data name="﻿市区町村コード">
            <value>122173.0</value>
          </Data>
          <Data name="都道府県">
            <value>千葉県</value>
          </Data>
          <Data name="市町村名">
            <value>柏市</value>
          </Data>
          <Data name="投票区コード">
            <value>46.0</value>
          </Data>
          <Data name="投票区名">
            <value>第４６投票区</value>
          </Data>
          <Data name="掲示場住所">
            <value>松葉町一丁目１２番</value>
          </Data>
          <Data name="経度">
            <value>139.9801758</value>
          </Data>
          <Data name="緯度">
            <value>35.88568056</value>
          </Data>
        </ExtendedData>
        <Point>
          <coordinates>
            139.9801758,35.88568056,0
          </coordinates>
        </Point>
      </Placemark>
      <Placemark>
        <name>コープタウン北柏集会所前</name>
        <description><![CDATA[﻿市区町村コード: 122173<br>都道府県: 千葉県<br>市町村名: 柏市<br>投票区コード: 46<br>投票区名: 第４６投票区<br>掲示場住所: 松葉町二丁目７番<br>経度: 139.9796958<br>緯度: 35.88482722]]></description>
        <styleUrl>#icon-1899-0288D1</styleUrl>
        <ExtendedData>
          <Data name="﻿市区町村コード">
            <value>122173.0</value>
          </Data>
          <Data name="都道府県">
            <value>千葉県</value>
          </Data>
          <Data name="市町村名">
            <value>柏市</value>
          </Data>
          <Data name="投票区コード">
            <value>46.0</value>
          </Data>
          <Data name="投票区名">
            <value>第４６投票区</value>
          </Data>
          <Data name="掲示場住所">
            <value>松葉町二丁目７番</value>
          </Data>
          <Data name="経度">
            <value>139.9796958</value>
          </Data>
          <Data name="緯度">
            <value>35.88482722</value>
          </Data>
        </ExtendedData>
        <Point>
          <coordinates>
            139.9796958,35.88482722,0
          </coordinates>
        </Point>
      </Placemark>
      <Placemark>
        <name>松葉第二公園</name>
        <description><![CDATA[﻿市区町村コード: 122173<br>都道府県: 千葉県<br>市町村名: 柏市<br>投票区コード: 46<br>投票区名: 第４６投票区<br>掲示場住所: 松葉町一丁目１０番<br>経度: 139.9814708<br>緯度: 35.88450944]]></description>
        <styleUrl>#icon-1899-0288D1</styleUrl>
        <ExtendedData>
          <Data name="﻿市区町村コード">
            <value>122173.0</value>
          </Data>
          <Data name="都道府県">
            <value>千葉県</value>
          </Data>
          <Data name="市町村名">
            <value>柏市</value>
          </Data>
          <Data name="投票区コード">
            <value>46.0</value>
          </Data>
          <Data name="投票区名">
            <value>第４６投票区</value>
          </Data>
          <Data name="掲示場住所">
            <value>松葉町一丁目１０番</value>
          </Data>
          <Data name="経度">
            <value>139.9814708</value>
          </Data>
          <Data name="緯度">
            <value>35.88450944</value>
          </Data>
        </ExtendedData>
        <Point>
          <coordinates>
            139.9814708,35.88450944,0
          </coordinates>
        </Point>
      </Placemark>
      <Placemark>
        <name>セレモニー天来北柏ホール横</name>
        <description><![CDATA[﻿市区町村コード: 122173<br>都道府県: 千葉県<br>市町村名: 柏市<br>投票区コード: 47<br>投票区名: 第４７投票区<br>掲示場住所: 北柏四丁目３番<br>経度: 139.9870103<br>緯度: 35.87140861]]></description>
        <styleUrl>#icon-1899-0288D1</styleUrl>
        <ExtendedData>
          <Data name="﻿市区町村コード">
            <value>122173.0</value>
          </Data>
          <Data name="都道府県">
            <value>千葉県</value>
          </Data>
          <Data name="市町村名">
            <value>柏市</value>
          </Data>
          <Data name="投票区コード">
            <value>47.0</value>
          </Data>
          <Data name="投票区名">
            <value>第４７投票区</value>
          </Data>
          <Data name="掲示場住所">
            <value>北柏四丁目３番</value>
          </Data>
          <Data name="経度">
            <value>139.9870103</value>
          </Data>
          <Data name="緯度">
            <value>35.87140861</value>
          </Data>
        </ExtendedData>
        <Point>
          <coordinates>
            139.9870103,35.87140861,0
          </coordinates>
        </Point>
      </Placemark>
      <Placemark>
        <name>北柏第一公園</name>
        <description><![CDATA[﻿市区町村コード: 122173<br>都道府県: 千葉県<br>市町村名: 柏市<br>投票区コード: 47<br>投票区名: 第４７投票区<br>掲示場住所: 北柏一丁目４番<br>経度: 139.9862633<br>緯度: 35.87505583]]></description>
        <styleUrl>#icon-1899-0288D1</styleUrl>
        <ExtendedData>
          <Data name="﻿市区町村コード">
            <value>122173.0</value>
          </Data>
          <Data name="都道府県">
            <value>千葉県</value>
          </Data>
          <Data name="市町村名">
            <value>柏市</value>
          </Data>
          <Data name="投票区コード">
            <value>47.0</value>
          </Data>
          <Data name="投票区名">
            <value>第４７投票区</value>
          </Data>
          <Data name="掲示場住所">
            <value>北柏一丁目４番</value>
          </Data>
          <Data name="経度">
            <value>139.9862633</value>
          </Data>
          <Data name="緯度">
            <value>35.87505583</value>
          </Data>
        </ExtendedData>
        <Point>
          <coordinates>
            139.9862633,35.87505583,0
          </coordinates>
        </Point>
      </Placemark>
      <Placemark>
        <name>JR北柏駅南口前</name>
        <description><![CDATA[﻿市区町村コード: 122173<br>都道府県: 千葉県<br>市町村名: 柏市<br>投票区コード: 47<br>投票区名: 第４７投票区<br>掲示場住所: 北柏一丁目１番<br>経度: 139.98817<br>緯度: 35.87500194]]></description>
        <styleUrl>#icon-1899-0288D1</styleUrl>
        <ExtendedData>
          <Data name="﻿市区町村コード">
            <value>122173.0</value>
          </Data>
          <Data name="都道府県">
            <value>千葉県</value>
          </Data>
          <Data name="市町村名">
            <value>柏市</value>
          </Data>
          <Data name="投票区コード">
            <value>47.0</value>
          </Data>
          <Data name="投票区名">
            <value>第４７投票区</value>
          </Data>
          <Data name="掲示場住所">
            <value>北柏一丁目１番</value>
          </Data>
          <Data name="経度">
            <value>139.98817</value>
          </Data>
          <Data name="緯度">
            <value>35.87500194</value>
          </Data>
        </ExtendedData>
        <Point>
          <coordinates>
            139.98817,35.87500194,0
          </coordinates>
        </Point>
      </Placemark>
      <Placemark>
        <name>北柏第三公園</name>
        <description><![CDATA[﻿市区町村コード: 122173<br>都道府県: 千葉県<br>市町村名: 柏市<br>投票区コード: 47<br>投票区名: 第４７投票区<br>掲示場住所: 北柏二丁目９番<br>経度: 139.99039<br>緯度: 35.87335333]]></description>
        <styleUrl>#icon-1899-0288D1</styleUrl>
        <ExtendedData>
          <Data name="﻿市区町村コード">
            <value>122173.0</value>
          </Data>
          <Data name="都道府県">
            <value>千葉県</value>
          </Data>
          <Data name="市町村名">
            <value>柏市</value>
          </Data>
          <Data name="投票区コード">
            <value>47.0</value>
          </Data>
          <Data name="投票区名">
            <value>第４７投票区</value>
          </Data>
          <Data name="掲示場住所">
            <value>北柏二丁目９番</value>
          </Data>
          <Data name="経度">
            <value>139.99039</value>
          </Data>
          <Data name="緯度">
            <value>35.87335333</value>
          </Data>
        </ExtendedData>
        <Point>
          <coordinates>
            139.99039,35.87335333,0
          </coordinates>
        </Point>
      </Placemark>
      <Placemark>
        <name>北柏第二公園</name>
        <description><![CDATA[﻿市区町村コード: 122173<br>都道府県: 千葉県<br>市町村名: 柏市<br>投票区コード: 47<br>投票区名: 第４７投票区<br>掲示場住所: 北柏三丁目９番<br>経度: 139.9882125<br>緯度: 35.87260694]]></description>
        <styleUrl>#icon-1899-0288D1</styleUrl>
        <ExtendedData>
          <Data name="﻿市区町村コード">
            <value>122173.0</value>
          </Data>
          <Data name="都道府県">
            <value>千葉県</value>
          </Data>
          <Data name="市町村名">
            <value>柏市</value>
          </Data>
          <Data name="投票区コード">
            <value>47.0</value>
          </Data>
          <Data name="投票区名">
            <value>第４７投票区</value>
          </Data>
          <Data name="掲示場住所">
            <value>北柏三丁目９番</value>
          </Data>
          <Data name="経度">
            <value>139.9882125</value>
          </Data>
          <Data name="緯度">
            <value>35.87260694</value>
          </Data>
        </ExtendedData>
        <Point>
          <coordinates>
            139.9882125,35.87260694,0
          </coordinates>
        </Point>
      </Placemark>
      <Placemark>
        <name>北柏第二公園管理事務所前</name>
        <description><![CDATA[﻿市区町村コード: 122173<br>都道府県: 千葉県<br>市町村名: 柏市<br>投票区コード: 47<br>投票区名: 第４７投票区<br>掲示場住所: 北柏三丁目９番<br>経度: 139.9879967<br>緯度: 35.87200139]]></description>
        <styleUrl>#icon-1899-0288D1</styleUrl>
        <ExtendedData>
          <Data name="﻿市区町村コード">
            <value>122173.0</value>
          </Data>
          <Data name="都道府県">
            <value>千葉県</value>
          </Data>
          <Data name="市町村名">
            <value>柏市</value>
          </Data>
          <Data name="投票区コード">
            <value>47.0</value>
          </Data>
          <Data name="投票区名">
            <value>第４７投票区</value>
          </Data>
          <Data name="掲示場住所">
            <value>北柏三丁目９番</value>
          </Data>
          <Data name="経度">
            <value>139.9879967</value>
          </Data>
          <Data name="緯度">
            <value>35.87200139</value>
          </Data>
        </ExtendedData>
        <Point>
          <coordinates>
            139.9879967,35.87200139,0
          </coordinates>
        </Point>
      </Placemark>
      <Placemark>
        <name>北柏第四公園</name>
        <description><![CDATA[﻿市区町村コード: 122173<br>都道府県: 千葉県<br>市町村名: 柏市<br>投票区コード: 47<br>投票区名: 第４７投票区<br>掲示場住所: 北柏二丁目２１番<br>経度: 139.9904917<br>緯度: 35.87064028]]></description>
        <styleUrl>#icon-1899-0288D1</styleUrl>
        <ExtendedData>
          <Data name="﻿市区町村コード">
            <value>122173.0</value>
          </Data>
          <Data name="都道府県">
            <value>千葉県</value>
          </Data>
          <Data name="市町村名">
            <value>柏市</value>
          </Data>
          <Data name="投票区コード">
            <value>47.0</value>
          </Data>
          <Data name="投票区名">
            <value>第４７投票区</value>
          </Data>
          <Data name="掲示場住所">
            <value>北柏二丁目２１番</value>
          </Data>
          <Data name="経度">
            <value>139.9904917</value>
          </Data>
          <Data name="緯度">
            <value>35.87064028</value>
          </Data>
        </ExtendedData>
        <Point>
          <coordinates>
            139.9904917,35.87064028,0
          </coordinates>
        </Point>
      </Placemark>
      <Placemark>
        <name>北柏台公園</name>
        <description><![CDATA[﻿市区町村コード: 122173<br>都道府県: 千葉県<br>市町村名: 柏市<br>投票区コード: 47<br>投票区名: 第４７投票区<br>掲示場住所: 北柏台４番地の１<br>経度: 139.9916981<br>緯度: 35.87624667]]></description>
        <styleUrl>#icon-1899-0288D1</styleUrl>
        <ExtendedData>
          <Data name="﻿市区町村コード">
            <value>122173.0</value>
          </Data>
          <Data name="都道府県">
            <value>千葉県</value>
          </Data>
          <Data name="市町村名">
            <value>柏市</value>
          </Data>
          <Data name="投票区コード">
            <value>47.0</value>
          </Data>
          <Data name="投票区名">
            <value>第４７投票区</value>
          </Data>
          <Data name="掲示場住所">
            <value>北柏台４番地の１</value>
          </Data>
          <Data name="経度">
            <value>139.9916981</value>
          </Data>
          <Data name="緯度">
            <value>35.87624667</value>
          </Data>
        </ExtendedData>
        <Point>
          <coordinates>
            139.9916981,35.87624667,0
          </coordinates>
        </Point>
      </Placemark>
      <Placemark>
        <name>北柏第一緑地</name>
        <description><![CDATA[﻿市区町村コード: 122173<br>都道府県: 千葉県<br>市町村名: 柏市<br>投票区コード: 47<br>投票区名: 第４７投票区<br>掲示場住所: 北柏１丁目８－４<br>経度: 139.9848503<br>緯度: 35.87476]]></description>
        <styleUrl>#icon-1899-0288D1</styleUrl>
        <ExtendedData>
          <Data name="﻿市区町村コード">
            <value>122173.0</value>
          </Data>
          <Data name="都道府県">
            <value>千葉県</value>
          </Data>
          <Data name="市町村名">
            <value>柏市</value>
          </Data>
          <Data name="投票区コード">
            <value>47.0</value>
          </Data>
          <Data name="投票区名">
            <value>第４７投票区</value>
          </Data>
          <Data name="掲示場住所">
            <value>北柏１丁目８－４</value>
          </Data>
          <Data name="経度">
            <value>139.9848503</value>
          </Data>
          <Data name="緯度">
            <value>35.87476</value>
          </Data>
        </ExtendedData>
        <Point>
          <coordinates>
            139.9848503,35.87476,0
          </coordinates>
        </Point>
      </Placemark>
      <Placemark>
        <name>ニューサロンふじ前</name>
        <description><![CDATA[﻿市区町村コード: 122173<br>都道府県: 千葉県<br>市町村名: 柏市<br>投票区コード: 48<br>投票区名: 第４８投票区<br>掲示場住所: 宿連寺４１３番地の２<br>経度: 139.9846658<br>緯度: 35.88866722]]></description>
        <styleUrl>#icon-1899-0288D1</styleUrl>
        <ExtendedData>
          <Data name="﻿市区町村コード">
            <value>122173.0</value>
          </Data>
          <Data name="都道府県">
            <value>千葉県</value>
          </Data>
          <Data name="市町村名">
            <value>柏市</value>
          </Data>
          <Data name="投票区コード">
            <value>48.0</value>
          </Data>
          <Data name="投票区名">
            <value>第４８投票区</value>
          </Data>
          <Data name="掲示場住所">
            <value>宿連寺４１３番地の２</value>
          </Data>
          <Data name="経度">
            <value>139.9846658</value>
          </Data>
          <Data name="緯度">
            <value>35.88866722</value>
          </Data>
        </ExtendedData>
        <Point>
          <coordinates>
            139.9846658,35.88866722,0
          </coordinates>
        </Point>
      </Placemark>
      <Placemark>
        <name>新山荘前</name>
        <description><![CDATA[﻿市区町村コード: 122173<br>都道府県: 千葉県<br>市町村名: 柏市<br>投票区コード: 48<br>投票区名: 第４８投票区<br>掲示場住所: 宿連寺３６４番地の１<br>経度: 139.9811914<br>緯度: 35.89020944]]></description>
        <styleUrl>#icon-1899-0288D1</styleUrl>
        <ExtendedData>
          <Data name="﻿市区町村コード">
            <value>122173.0</value>
          </Data>
          <Data name="都道府県">
            <value>千葉県</value>
          </Data>
          <Data name="市町村名">
            <value>柏市</value>
          </Data>
          <Data name="投票区コード">
            <value>48.0</value>
          </Data>
          <Data name="投票区名">
            <value>第４８投票区</value>
          </Data>
          <Data name="掲示場住所">
            <value>宿連寺３６４番地の１</value>
          </Data>
          <Data name="経度">
            <value>139.9811914</value>
          </Data>
          <Data name="緯度">
            <value>35.89020944</value>
          </Data>
        </ExtendedData>
        <Point>
          <coordinates>
            139.9811914,35.89020944,0
          </coordinates>
        </Point>
      </Placemark>
      <Placemark>
        <name>宿連寺第一公園</name>
        <description><![CDATA[﻿市区町村コード: 122173<br>都道府県: 千葉県<br>市町村名: 柏市<br>投票区コード: 48<br>投票区名: 第４８投票区<br>掲示場住所: 宿連寺２３９番地<br>経度: 139.9838278<br>緯度: 35.88599111]]></description>
        <styleUrl>#icon-1899-0288D1</styleUrl>
        <ExtendedData>
          <Data name="﻿市区町村コード">
            <value>122173.0</value>
          </Data>
          <Data name="都道府県">
            <value>千葉県</value>
          </Data>
          <Data name="市町村名">
            <value>柏市</value>
          </Data>
          <Data name="投票区コード">
            <value>48.0</value>
          </Data>
          <Data name="投票区名">
            <value>第４８投票区</value>
          </Data>
          <Data name="掲示場住所">
            <value>宿連寺２３９番地</value>
          </Data>
          <Data name="経度">
            <value>139.9838278</value>
          </Data>
          <Data name="緯度">
            <value>35.88599111</value>
          </Data>
        </ExtendedData>
        <Point>
          <coordinates>
            139.9838278,35.88599111,0
          </coordinates>
        </Point>
      </Placemark>
      <Placemark>
        <name>宿連寺公園</name>
        <description><![CDATA[﻿市区町村コード: 122173<br>都道府県: 千葉県<br>市町村名: 柏市<br>投票区コード: 48<br>投票区名: 第４８投票区<br>掲示場住所: 宿連寺４４２番地<br>経度: 139.9863553<br>緯度: 35.888635]]></description>
        <styleUrl>#icon-1899-0288D1</styleUrl>
        <ExtendedData>
          <Data name="﻿市区町村コード">
            <value>122173.0</value>
          </Data>
          <Data name="都道府県">
            <value>千葉県</value>
          </Data>
          <Data name="市町村名">
            <value>柏市</value>
          </Data>
          <Data name="投票区コード">
            <value>48.0</value>
          </Data>
          <Data name="投票区名">
            <value>第４８投票区</value>
          </Data>
          <Data name="掲示場住所">
            <value>宿連寺４４２番地</value>
          </Data>
          <Data name="経度">
            <value>139.9863553</value>
          </Data>
          <Data name="緯度">
            <value>35.888635</value>
          </Data>
        </ExtendedData>
        <Point>
          <coordinates>
            139.9863553,35.888635,0
          </coordinates>
        </Point>
      </Placemark>
      <Placemark>
        <name>佐々木宅前の畑</name>
        <description><![CDATA[﻿市区町村コード: 122173<br>都道府県: 千葉県<br>市町村名: 柏市<br>投票区コード: 48<br>投票区名: 第４８投票区<br>掲示場住所: 宿連寺４３９番地の６<br>経度: 139.9858517<br>緯度: 35.88700028]]></description>
        <styleUrl>#icon-1899-0288D1</styleUrl>
        <ExtendedData>
          <Data name="﻿市区町村コード">
            <value>122173.0</value>
          </Data>
          <Data name="都道府県">
            <value>千葉県</value>
          </Data>
          <Data name="市町村名">
            <value>柏市</value>
          </Data>
          <Data name="投票区コード">
            <value>48.0</value>
          </Data>
          <Data name="投票区名">
            <value>第４８投票区</value>
          </Data>
          <Data name="掲示場住所">
            <value>宿連寺４３９番地の６</value>
          </Data>
          <Data name="経度">
            <value>139.9858517</value>
          </Data>
          <Data name="緯度">
            <value>35.88700028</value>
          </Data>
        </ExtendedData>
        <Point>
          <coordinates>
            139.9858517,35.88700028,0
          </coordinates>
        </Point>
      </Placemark>
      <Placemark>
        <name>須賀神社前</name>
        <description><![CDATA[﻿市区町村コード: 122173<br>都道府県: 千葉県<br>市町村名: 柏市<br>投票区コード: 48<br>投票区名: 第４８投票区<br>掲示場住所: 宿連寺４２９番地<br>経度: 139.983165<br>緯度: 35.88850278]]></description>
        <styleUrl>#icon-1899-0288D1</styleUrl>
        <ExtendedData>
          <Data name="﻿市区町村コード">
            <value>122173.0</value>
          </Data>
          <Data name="都道府県">
            <value>千葉県</value>
          </Data>
          <Data name="市町村名">
            <value>柏市</value>
          </Data>
          <Data name="投票区コード">
            <value>48.0</value>
          </Data>
          <Data name="投票区名">
            <value>第４８投票区</value>
          </Data>
          <Data name="掲示場住所">
            <value>宿連寺４２９番地</value>
          </Data>
          <Data name="経度">
            <value>139.983165</value>
          </Data>
          <Data name="緯度">
            <value>35.88850278</value>
          </Data>
        </ExtendedData>
        <Point>
          <coordinates>
            139.983165,35.88850278,0
          </coordinates>
        </Point>
      </Placemark>
      <Placemark>
        <name>柏市役所公用車駐車場前</name>
        <description><![CDATA[﻿市区町村コード: 122173<br>都道府県: 千葉県<br>市町村名: 柏市<br>投票区コード: 49<br>投票区名: 第４９投票区<br>掲示場住所: 柏五丁目７番２３号<br>経度: 139.9755717<br>緯度: 35.86696778]]></description>
        <styleUrl>#icon-1899-0288D1</styleUrl>
        <ExtendedData>
          <Data name="﻿市区町村コード">
            <value>122173.0</value>
          </Data>
          <Data name="都道府県">
            <value>千葉県</value>
          </Data>
          <Data name="市町村名">
            <value>柏市</value>
          </Data>
          <Data name="投票区コード">
            <value>49.0</value>
          </Data>
          <Data name="投票区名">
            <value>第４９投票区</value>
          </Data>
          <Data name="掲示場住所">
            <value>柏五丁目７番２３号</value>
          </Data>
          <Data name="経度">
            <value>139.9755717</value>
          </Data>
          <Data name="緯度">
            <value>35.86696778</value>
          </Data>
        </ExtendedData>
        <Point>
          <coordinates>
            139.9755717,35.86696778,0
          </coordinates>
        </Point>
      </Placemark>
      <Placemark>
        <name>柏市役所国道１６号側入口隣</name>
        <description><![CDATA[﻿市区町村コード: 122173<br>都道府県: 千葉県<br>市町村名: 柏市<br>投票区コード: 49<br>投票区名: 第４９投票区<br>掲示場住所: 柏五丁目１０番１号<br>経度: 139.9766619<br>緯度: 35.86816]]></description>
        <styleUrl>#icon-1899-0288D1</styleUrl>
        <ExtendedData>
          <Data name="﻿市区町村コード">
            <value>122173.0</value>
          </Data>
          <Data name="都道府県">
            <value>千葉県</value>
          </Data>
          <Data name="市町村名">
            <value>柏市</value>
          </Data>
          <Data name="投票区コード">
            <value>49.0</value>
          </Data>
          <Data name="投票区名">
            <value>第４９投票区</value>
          </Data>
          <Data name="掲示場住所">
            <value>柏五丁目１０番１号</value>
          </Data>
          <Data name="経度">
            <value>139.9766619</value>
          </Data>
          <Data name="緯度">
            <value>35.86816</value>
          </Data>
        </ExtendedData>
        <Point>
          <coordinates>
            139.9766619,35.86816,0
          </coordinates>
        </Point>
      </Placemark>
      <Placemark>
        <name>柏公園入口</name>
        <description><![CDATA[﻿市区町村コード: 122173<br>都道府県: 千葉県<br>市町村名: 柏市<br>投票区コード: 49<br>投票区名: 第４９投票区<br>掲示場住所: 柏５６５番地<br>経度: 139.9791917<br>緯度: 35.86692111]]></description>
        <styleUrl>#icon-1899-0288D1</styleUrl>
        <ExtendedData>
          <Data name="﻿市区町村コード">
            <value>122173.0</value>
          </Data>
          <Data name="都道府県">
            <value>千葉県</value>
          </Data>
          <Data name="市町村名">
            <value>柏市</value>
          </Data>
          <Data name="投票区コード">
            <value>49.0</value>
          </Data>
          <Data name="投票区名">
            <value>第４９投票区</value>
          </Data>
          <Data name="掲示場住所">
            <value>柏５６５番地</value>
          </Data>
          <Data name="経度">
            <value>139.9791917</value>
          </Data>
          <Data name="緯度">
            <value>35.86692111</value>
          </Data>
        </ExtendedData>
        <Point>
          <coordinates>
            139.9791917,35.86692111,0
          </coordinates>
        </Point>
      </Placemark>
      <Placemark>
        <name>呼塚町会倉庫横</name>
        <description><![CDATA[﻿市区町村コード: 122173<br>都道府県: 千葉県<br>市町村名: 柏市<br>投票区コード: 49<br>投票区名: 第４９投票区<br>掲示場住所: 柏４２３番地の１<br>経度: 139.9799006<br>緯度: 35.87235583]]></description>
        <styleUrl>#icon-1899-0288D1</styleUrl>
        <ExtendedData>
          <Data name="﻿市区町村コード">
            <value>122173.0</value>
          </Data>
          <Data name="都道府県">
            <value>千葉県</value>
          </Data>
          <Data name="市町村名">
            <value>柏市</value>
          </Data>
          <Data name="投票区コード">
            <value>49.0</value>
          </Data>
          <Data name="投票区名">
            <value>第４９投票区</value>
          </Data>
          <Data name="掲示場住所">
            <value>柏４２３番地の１</value>
          </Data>
          <Data name="経度">
            <value>139.9799006</value>
          </Data>
          <Data name="緯度">
            <value>35.87235583</value>
          </Data>
        </ExtendedData>
        <Point>
          <coordinates>
            139.9799006,35.87235583,0
          </coordinates>
        </Point>
      </Placemark>
      <Placemark>
        <name>柏第二公園</name>
        <description><![CDATA[﻿市区町村コード: 122173<br>都道府県: 千葉県<br>市町村名: 柏市<br>投票区コード: 49<br>投票区名: 第４９投票区<br>掲示場住所: 柏４３６番地２<br>経度: 139.9794125<br>緯度: 35.86811028]]></description>
        <styleUrl>#icon-1899-0288D1</styleUrl>
        <ExtendedData>
          <Data name="﻿市区町村コード">
            <value>122173.0</value>
          </Data>
          <Data name="都道府県">
            <value>千葉県</value>
          </Data>
          <Data name="市町村名">
            <value>柏市</value>
          </Data>
          <Data name="投票区コード">
            <value>49.0</value>
          </Data>
          <Data name="投票区名">
            <value>第４９投票区</value>
          </Data>
          <Data name="掲示場住所">
            <value>柏４３６番地２</value>
          </Data>
          <Data name="経度">
            <value>139.9794125</value>
          </Data>
          <Data name="緯度">
            <value>35.86811028</value>
          </Data>
        </ExtendedData>
        <Point>
          <coordinates>
            139.9794125,35.86811028,0
          </coordinates>
        </Point>
      </Placemark>
      <Placemark>
        <name>柏市立図書館北側</name>
        <description><![CDATA[﻿市区町村コード: 122173<br>都道府県: 千葉県<br>市町村名: 柏市<br>投票区コード: 49<br>投票区名: 第４９投票区<br>掲示場住所: 柏五丁目８番１２号<br>経度: 139.9766117<br>緯度: 35.86646528]]></description>
        <styleUrl>#icon-1899-0288D1</styleUrl>
        <ExtendedData>
          <Data name="﻿市区町村コード">
            <value>122173.0</value>
          </Data>
          <Data name="都道府県">
            <value>千葉県</value>
          </Data>
          <Data name="市町村名">
            <value>柏市</value>
          </Data>
          <Data name="投票区コード">
            <value>49.0</value>
          </Data>
          <Data name="投票区名">
            <value>第４９投票区</value>
          </Data>
          <Data name="掲示場住所">
            <value>柏五丁目８番１２号</value>
          </Data>
          <Data name="経度">
            <value>139.9766117</value>
          </Data>
          <Data name="緯度">
            <value>35.86646528</value>
          </Data>
        </ExtendedData>
        <Point>
          <coordinates>
            139.9766117,35.86646528,0
          </coordinates>
        </Point>
      </Placemark>
      <Placemark>
        <name>㈱島田横</name>
        <description><![CDATA[﻿市区町村コード: 122173<br>都道府県: 千葉県<br>市町村名: 柏市<br>投票区コード: 49<br>投票区名: 第４９投票区<br>掲示場住所: 柏２２５番地の４<br>経度: 139.9781553<br>緯度: 35.86862778]]></description>
        <styleUrl>#icon-1899-0288D1</styleUrl>
        <ExtendedData>
          <Data name="﻿市区町村コード">
            <value>122173.0</value>
          </Data>
          <Data name="都道府県">
            <value>千葉県</value>
          </Data>
          <Data name="市町村名">
            <value>柏市</value>
          </Data>
          <Data name="投票区コード">
            <value>49.0</value>
          </Data>
          <Data name="投票区名">
            <value>第４９投票区</value>
          </Data>
          <Data name="掲示場住所">
            <value>柏２２５番地の４</value>
          </Data>
          <Data name="経度">
            <value>139.9781553</value>
          </Data>
          <Data name="緯度">
            <value>35.86862778</value>
          </Data>
        </ExtendedData>
        <Point>
          <coordinates>
            139.9781553,35.86862778,0
          </coordinates>
        </Point>
      </Placemark>
      <Placemark>
        <name>柏ふるさと公園</name>
        <description><![CDATA[﻿市区町村コード: 122173<br>都道府県: 千葉県<br>市町村名: 柏市<br>投票区コード: 49<br>投票区名: 第４９投票区<br>掲示場住所: 柏下字東４<br>経度: 139.9880983<br>緯度: 35.86610639]]></description>
        <styleUrl>#icon-1899-0288D1</styleUrl>
        <ExtendedData>
          <Data name="﻿市区町村コード">
            <value>122173.0</value>
          </Data>
          <Data name="都道府県">
            <value>千葉県</value>
          </Data>
          <Data name="市町村名">
            <value>柏市</value>
          </Data>
          <Data name="投票区コード">
            <value>49.0</value>
          </Data>
          <Data name="投票区名">
            <value>第４９投票区</value>
          </Data>
          <Data name="掲示場住所">
            <value>柏下字東４</value>
          </Data>
          <Data name="経度">
            <value>139.9880983</value>
          </Data>
          <Data name="緯度">
            <value>35.86610639</value>
          </Data>
        </ExtendedData>
        <Point>
          <coordinates>
            139.9880983,35.86610639,0
          </coordinates>
        </Point>
      </Placemark>
      <Placemark>
        <name>戸張地区公園駐車場</name>
        <description><![CDATA[﻿市区町村コード: 122173<br>都道府県: 千葉県<br>市町村名: 柏市<br>投票区コード: 50<br>投票区名: 第５０投票区<br>掲示場住所: 戸張９９９番地<br>経度: 139.9928814<br>緯度: 35.85737222]]></description>
        <styleUrl>#icon-1899-0288D1</styleUrl>
        <ExtendedData>
          <Data name="﻿市区町村コード">
            <value>122173.0</value>
          </Data>
          <Data name="都道府県">
            <value>千葉県</value>
          </Data>
          <Data name="市町村名">
            <value>柏市</value>
          </Data>
          <Data name="投票区コード">
            <value>50.0</value>
          </Data>
          <Data name="投票区名">
            <value>第５０投票区</value>
          </Data>
          <Data name="掲示場住所">
            <value>戸張９９９番地</value>
          </Data>
          <Data name="経度">
            <value>139.9928814</value>
          </Data>
          <Data name="緯度">
            <value>35.85737222</value>
          </Data>
        </ExtendedData>
        <Point>
          <coordinates>
            139.9928814,35.85737222,0
          </coordinates>
        </Point>
      </Placemark>
      <Placemark>
        <name>戸張ふるさと会館</name>
        <description><![CDATA[﻿市区町村コード: 122173<br>都道府県: 千葉県<br>市町村名: 柏市<br>投票区コード: 50<br>投票区名: 第５０投票区<br>掲示場住所: 戸張１３０８番地の１<br>経度: 139.9906392<br>緯度: 35.85969333]]></description>
        <styleUrl>#icon-1899-0288D1</styleUrl>
        <ExtendedData>
          <Data name="﻿市区町村コード">
            <value>122173.0</value>
          </Data>
          <Data name="都道府県">
            <value>千葉県</value>
          </Data>
          <Data name="市町村名">
            <value>柏市</value>
          </Data>
          <Data name="投票区コード">
            <value>50.0</value>
          </Data>
          <Data name="投票区名">
            <value>第５０投票区</value>
          </Data>
          <Data name="掲示場住所">
            <value>戸張１３０８番地の１</value>
          </Data>
          <Data name="経度">
            <value>139.9906392</value>
          </Data>
          <Data name="緯度">
            <value>35.85969333</value>
          </Data>
        </ExtendedData>
        <Point>
          <coordinates>
            139.9906392,35.85969333,0
          </coordinates>
        </Point>
      </Placemark>
      <Placemark>
        <name>岩立宅横梅畑</name>
        <description><![CDATA[﻿市区町村コード: 122173<br>都道府県: 千葉県<br>市町村名: 柏市<br>投票区コード: 50<br>投票区名: 第５０投票区<br>掲示場住所: 戸張１５６６番地の３<br>経度: 139.9974528<br>緯度: 35.86213833]]></description>
        <styleUrl>#icon-1899-0288D1</styleUrl>
        <ExtendedData>
          <Data name="﻿市区町村コード">
            <value>122173.0</value>
          </Data>
          <Data name="都道府県">
            <value>千葉県</value>
          </Data>
          <Data name="市町村名">
            <value>柏市</value>
          </Data>
          <Data name="投票区コード">
            <value>50.0</value>
          </Data>
          <Data name="投票区名">
            <value>第５０投票区</value>
          </Data>
          <Data name="掲示場住所">
            <value>戸張１５６６番地の３</value>
          </Data>
          <Data name="経度">
            <value>139.9974528</value>
          </Data>
          <Data name="緯度">
            <value>35.86213833</value>
          </Data>
        </ExtendedData>
        <Point>
          <coordinates>
            139.9974528,35.86213833,0
          </coordinates>
        </Point>
      </Placemark>
      <Placemark>
        <name>関口宅前</name>
        <description><![CDATA[﻿市区町村コード: 122173<br>都道府県: 千葉県<br>市町村名: 柏市<br>投票区コード: 50<br>投票区名: 第５０投票区<br>掲示場住所: 戸張１４２０番地の１<br>経度: 139.9967311<br>緯度: 35.86118306]]></description>
        <styleUrl>#icon-1899-0288D1</styleUrl>
        <ExtendedData>
          <Data name="﻿市区町村コード">
            <value>122173.0</value>
          </Data>
          <Data name="都道府県">
            <value>千葉県</value>
          </Data>
          <Data name="市町村名">
            <value>柏市</value>
          </Data>
          <Data name="投票区コード">
            <value>50.0</value>
          </Data>
          <Data name="投票区名">
            <value>第５０投票区</value>
          </Data>
          <Data name="掲示場住所">
            <value>戸張１４２０番地の１</value>
          </Data>
          <Data name="経度">
            <value>139.9967311</value>
          </Data>
          <Data name="緯度">
            <value>35.86118306</value>
          </Data>
        </ExtendedData>
        <Point>
          <coordinates>
            139.9967311,35.86118306,0
          </coordinates>
        </Point>
      </Placemark>
      <Placemark>
        <name>戸張第五公園</name>
        <description><![CDATA[﻿市区町村コード: 122173<br>都道府県: 千葉県<br>市町村名: 柏市<br>投票区コード: 50<br>投票区名: 第５０投票区<br>掲示場住所: 戸張１０２１番地の４３<br>経度: 139.9937117<br>緯度: 35.85826028]]></description>
        <styleUrl>#icon-1899-0288D1</styleUrl>
        <ExtendedData>
          <Data name="﻿市区町村コード">
            <value>122173.0</value>
          </Data>
          <Data name="都道府県">
            <value>千葉県</value>
          </Data>
          <Data name="市町村名">
            <value>柏市</value>
          </Data>
          <Data name="投票区コード">
            <value>50.0</value>
          </Data>
          <Data name="投票区名">
            <value>第５０投票区</value>
          </Data>
          <Data name="掲示場住所">
            <value>戸張１０２１番地の４３</value>
          </Data>
          <Data name="経度">
            <value>139.9937117</value>
          </Data>
          <Data name="緯度">
            <value>35.85826028</value>
          </Data>
        </ExtendedData>
        <Point>
          <coordinates>
            139.9937117,35.85826028,0
          </coordinates>
        </Point>
      </Placemark>
      <Placemark>
        <name>松丸宅脇</name>
        <description><![CDATA[﻿市区町村コード: 122173<br>都道府県: 千葉県<br>市町村名: 柏市<br>投票区コード: 50<br>投票区名: 第５０投票区<br>掲示場住所: 戸張９８１番地の１<br>経度: 139.9918378<br>緯度: 35.85850333]]></description>
        <styleUrl>#icon-1899-0288D1</styleUrl>
        <ExtendedData>
          <Data name="﻿市区町村コード">
            <value>122173.0</value>
          </Data>
          <Data name="都道府県">
            <value>千葉県</value>
          </Data>
          <Data name="市町村名">
            <value>柏市</value>
          </Data>
          <Data name="投票区コード">
            <value>50.0</value>
          </Data>
          <Data name="投票区名">
            <value>第５０投票区</value>
          </Data>
          <Data name="掲示場住所">
            <value>戸張９８１番地の１</value>
          </Data>
          <Data name="経度">
            <value>139.9918378</value>
          </Data>
          <Data name="緯度">
            <value>35.85850333</value>
          </Data>
        </ExtendedData>
        <Point>
          <coordinates>
            139.9918378,35.85850333,0
          </coordinates>
        </Point>
      </Placemark>
      <Placemark>
        <name>日本体育大学柏高等学校1号館校舎前</name>
        <description><![CDATA[﻿市区町村コード: 122173<br>都道府県: 千葉県<br>市町村名: 柏市<br>投票区コード: 50<br>投票区名: 第５０投票区<br>掲示場住所: 戸張９６８番地の２<br>経度: 139.9890161<br>緯度: 35.85675306]]></description>
        <styleUrl>#icon-1899-0288D1</styleUrl>
        <ExtendedData>
          <Data name="﻿市区町村コード">
            <value>122173.0</value>
          </Data>
          <Data name="都道府県">
            <value>千葉県</value>
          </Data>
          <Data name="市町村名">
            <value>柏市</value>
          </Data>
          <Data name="投票区コード">
            <value>50.0</value>
          </Data>
          <Data name="投票区名">
            <value>第５０投票区</value>
          </Data>
          <Data name="掲示場住所">
            <value>戸張９６８番地の２</value>
          </Data>
          <Data name="経度">
            <value>139.9890161</value>
          </Data>
          <Data name="緯度">
            <value>35.85675306</value>
          </Data>
        </ExtendedData>
        <Point>
          <coordinates>
            139.9890161,35.85675306,0
          </coordinates>
        </Point>
      </Placemark>
      <Placemark>
        <name>名戸ケ谷子供の遊び場</name>
        <description><![CDATA[﻿市区町村コード: 122173<br>都道府県: 千葉県<br>市町村名: 柏市<br>投票区コード: 51<br>投票区名: 第５１投票区<br>掲示場住所: 名戸ケ谷８８３番地の１<br>経度: 139.9817578<br>緯度: 35.84346944]]></description>
        <styleUrl>#icon-1899-0288D1</styleUrl>
        <ExtendedData>
          <Data name="﻿市区町村コード">
            <value>122173.0</value>
          </Data>
          <Data name="都道府県">
            <value>千葉県</value>
          </Data>
          <Data name="市町村名">
            <value>柏市</value>
          </Data>
          <Data name="投票区コード">
            <value>51.0</value>
          </Data>
          <Data name="投票区名">
            <value>第５１投票区</value>
          </Data>
          <Data name="掲示場住所">
            <value>名戸ケ谷８８３番地の１</value>
          </Data>
          <Data name="経度">
            <value>139.9817578</value>
          </Data>
          <Data name="緯度">
            <value>35.84346944</value>
          </Data>
        </ExtendedData>
        <Point>
          <coordinates>
            139.9817578,35.84346944,0
          </coordinates>
        </Point>
      </Placemark>
      <Placemark>
        <name>名戸ケ谷第四公園</name>
        <description><![CDATA[﻿市区町村コード: 122173<br>都道府県: 千葉県<br>市町村名: 柏市<br>投票区コード: 51<br>投票区名: 第５１投票区<br>掲示場住所: 新柏四丁目２番<br>経度: 139.9750306<br>緯度: 35.84300167]]></description>
        <styleUrl>#icon-1899-0288D1</styleUrl>
        <ExtendedData>
          <Data name="﻿市区町村コード">
            <value>122173.0</value>
          </Data>
          <Data name="都道府県">
            <value>千葉県</value>
          </Data>
          <Data name="市町村名">
            <value>柏市</value>
          </Data>
          <Data name="投票区コード">
            <value>51.0</value>
          </Data>
          <Data name="投票区名">
            <value>第５１投票区</value>
          </Data>
          <Data name="掲示場住所">
            <value>新柏四丁目２番</value>
          </Data>
          <Data name="経度">
            <value>139.9750306</value>
          </Data>
          <Data name="緯度">
            <value>35.84300167</value>
          </Data>
        </ExtendedData>
        <Point>
          <coordinates>
            139.9750306,35.84300167,0
          </coordinates>
        </Point>
      </Placemark>
      <Placemark>
        <name>小山台公園</name>
        <description><![CDATA[﻿市区町村コード: 122173<br>都道府県: 千葉県<br>市町村名: 柏市<br>投票区コード: 51<br>投票区名: 第５１投票区<br>掲示場住所: 増尾二丁目２３番<br>経度: 139.9774344<br>緯度: 35.83454472]]></description>
        <styleUrl>#icon-1899-0288D1</styleUrl>
        <ExtendedData>
          <Data name="﻿市区町村コード">
            <value>122173.0</value>
          </Data>
          <Data name="都道府県">
            <value>千葉県</value>
          </Data>
          <Data name="市町村名">
            <value>柏市</value>
          </Data>
          <Data name="投票区コード">
            <value>51.0</value>
          </Data>
          <Data name="投票区名">
            <value>第５１投票区</value>
          </Data>
          <Data name="掲示場住所">
            <value>増尾二丁目２３番</value>
          </Data>
          <Data name="経度">
            <value>139.9774344</value>
          </Data>
          <Data name="緯度">
            <value>35.83454472</value>
          </Data>
        </ExtendedData>
        <Point>
          <coordinates>
            139.9774344,35.83454472,0
          </coordinates>
        </Point>
      </Placemark>
      <Placemark>
        <name>稲荷谷公園</name>
        <description><![CDATA[﻿市区町村コード: 122173<br>都道府県: 千葉県<br>市町村名: 柏市<br>投票区コード: 51<br>投票区名: 第５１投票区<br>掲示場住所: 増尾二丁目１０番<br>経度: 139.9769453<br>緯度: 35.83208028]]></description>
        <styleUrl>#icon-1899-0288D1</styleUrl>
        <ExtendedData>
          <Data name="﻿市区町村コード">
            <value>122173.0</value>
          </Data>
          <Data name="都道府県">
            <value>千葉県</value>
          </Data>
          <Data name="市町村名">
            <value>柏市</value>
          </Data>
          <Data name="投票区コード">
            <value>51.0</value>
          </Data>
          <Data name="投票区名">
            <value>第５１投票区</value>
          </Data>
          <Data name="掲示場住所">
            <value>増尾二丁目１０番</value>
          </Data>
          <Data name="経度">
            <value>139.9769453</value>
          </Data>
          <Data name="緯度">
            <value>35.83208028</value>
          </Data>
        </ExtendedData>
        <Point>
          <coordinates>
            139.9769453,35.83208028,0
          </coordinates>
        </Point>
      </Placemark>
      <Placemark>
        <name>柏市立土中学校正門横</name>
        <description><![CDATA[﻿市区町村コード: 122173<br>都道府県: 千葉県<br>市町村名: 柏市<br>投票区コード: 51<br>投票区名: 第５１投票区<br>掲示場住所: 増尾一丁目２３番１号<br>経度: 139.9743342<br>緯度: 35.83343389]]></description>
        <styleUrl>#icon-1899-0288D1</styleUrl>
        <ExtendedData>
          <Data name="﻿市区町村コード">
            <value>122173.0</value>
          </Data>
          <Data name="都道府県">
            <value>千葉県</value>
          </Data>
          <Data name="市町村名">
            <value>柏市</value>
          </Data>
          <Data name="投票区コード">
            <value>51.0</value>
          </Data>
          <Data name="投票区名">
            <value>第５１投票区</value>
          </Data>
          <Data name="掲示場住所">
            <value>増尾一丁目２３番１号</value>
          </Data>
          <Data name="経度">
            <value>139.9743342</value>
          </Data>
          <Data name="緯度">
            <value>35.83343389</value>
          </Data>
        </ExtendedData>
        <Point>
          <coordinates>
            139.9743342,35.83343389,0
          </coordinates>
        </Point>
      </Placemark>
      <Placemark>
        <name>柏市増尾近隣センター前</name>
        <description><![CDATA[﻿市区町村コード: 122173<br>都道府県: 千葉県<br>市町村名: 柏市<br>投票区コード: 51<br>投票区名: 第５１投票区<br>掲示場住所: 増尾三丁目１番１号<br>経度: 139.9794606<br>緯度: 35.83434694]]></description>
        <styleUrl>#icon-1899-0288D1</styleUrl>
        <ExtendedData>
          <Data name="﻿市区町村コード">
            <value>122173.0</value>
          </Data>
          <Data name="都道府県">
            <value>千葉県</value>
          </Data>
          <Data name="市町村名">
            <value>柏市</value>
          </Data>
          <Data name="投票区コード">
            <value>51.0</value>
          </Data>
          <Data name="投票区名">
            <value>第５１投票区</value>
          </Data>
          <Data name="掲示場住所">
            <value>増尾三丁目１番１号</value>
          </Data>
          <Data name="経度">
            <value>139.9794606</value>
          </Data>
          <Data name="緯度">
            <value>35.83434694</value>
          </Data>
        </ExtendedData>
        <Point>
          <coordinates>
            139.9794606,35.83434694,0
          </coordinates>
        </Point>
      </Placemark>
      <Placemark>
        <name>増尾城址総合公園</name>
        <description><![CDATA[﻿市区町村コード: 122173<br>都道府県: 千葉県<br>市町村名: 柏市<br>投票区コード: 51<br>投票区名: 第５１投票区<br>掲示場住所: 増尾６５０番地<br>経度: 139.9833597<br>緯度: 35.83952389]]></description>
        <styleUrl>#icon-1899-0288D1</styleUrl>
        <ExtendedData>
          <Data name="﻿市区町村コード">
            <value>122173.0</value>
          </Data>
          <Data name="都道府県">
            <value>千葉県</value>
          </Data>
          <Data name="市町村名">
            <value>柏市</value>
          </Data>
          <Data name="投票区コード">
            <value>51.0</value>
          </Data>
          <Data name="投票区名">
            <value>第５１投票区</value>
          </Data>
          <Data name="掲示場住所">
            <value>増尾６５０番地</value>
          </Data>
          <Data name="経度">
            <value>139.9833597</value>
          </Data>
          <Data name="緯度">
            <value>35.83952389</value>
          </Data>
        </ExtendedData>
        <Point>
          <coordinates>
            139.9833597,35.83952389,0
          </coordinates>
        </Point>
      </Placemark>
      <Placemark>
        <name>増尾城址総合公園ビオトープ</name>
        <description><![CDATA[﻿市区町村コード: 122173<br>都道府県: 千葉県<br>市町村名: 柏市<br>投票区コード: 51<br>投票区名: 第５１投票区<br>掲示場住所: 増尾６５０番地<br>経度: 139.9865986<br>緯度: 35.84345444]]></description>
        <styleUrl>#icon-1899-0288D1</styleUrl>
        <ExtendedData>
          <Data name="﻿市区町村コード">
            <value>122173.0</value>
          </Data>
          <Data name="都道府県">
            <value>千葉県</value>
          </Data>
          <Data name="市町村名">
            <value>柏市</value>
          </Data>
          <Data name="投票区コード">
            <value>51.0</value>
          </Data>
          <Data name="投票区名">
            <value>第５１投票区</value>
          </Data>
          <Data name="掲示場住所">
            <value>増尾６５０番地</value>
          </Data>
          <Data name="経度">
            <value>139.9865986</value>
          </Data>
          <Data name="緯度">
            <value>35.84345444</value>
          </Data>
        </ExtendedData>
        <Point>
          <coordinates>
            139.9865986,35.84345444,0
          </coordinates>
        </Point>
      </Placemark>
      <Placemark>
        <name>柏市立中原中学校北門</name>
        <description><![CDATA[﻿市区町村コード: 122173<br>都道府県: 千葉県<br>市町村名: 柏市<br>投票区コード: 51<br>投票区名: 第５１投票区<br>掲示場住所: 中原１８１６番地の２<br>経度: 139.9705686<br>緯度: 35.83761861]]></description>
        <styleUrl>#icon-1899-0288D1</styleUrl>
        <ExtendedData>
          <Data name="﻿市区町村コード">
            <value>122173.0</value>
          </Data>
          <Data name="都道府県">
            <value>千葉県</value>
          </Data>
          <Data name="市町村名">
            <value>柏市</value>
          </Data>
          <Data name="投票区コード">
            <value>51.0</value>
          </Data>
          <Data name="投票区名">
            <value>第５１投票区</value>
          </Data>
          <Data name="掲示場住所">
            <value>中原１８１６番地の２</value>
          </Data>
          <Data name="経度">
            <value>139.9705686</value>
          </Data>
          <Data name="緯度">
            <value>35.83761861</value>
          </Data>
        </ExtendedData>
        <Point>
          <coordinates>
            139.9705686,35.83761861,0
          </coordinates>
        </Point>
      </Placemark>
      <Placemark>
        <name>柏市立名戸ケ谷保育園前</name>
        <description><![CDATA[﻿市区町村コード: 122173<br>都道府県: 千葉県<br>市町村名: 柏市<br>投票区コード: 51<br>投票区名: 第５１投票区<br>掲示場住所: 名戸ケ谷６８３番地１<br>経度: 139.9836644<br>緯度: 35.84581972]]></description>
        <styleUrl>#icon-1899-0288D1</styleUrl>
        <ExtendedData>
          <Data name="﻿市区町村コード">
            <value>122173.0</value>
          </Data>
          <Data name="都道府県">
            <value>千葉県</value>
          </Data>
          <Data name="市町村名">
            <value>柏市</value>
          </Data>
          <Data name="投票区コード">
            <value>51.0</value>
          </Data>
          <Data name="投票区名">
            <value>第５１投票区</value>
          </Data>
          <Data name="掲示場住所">
            <value>名戸ケ谷６８３番地１</value>
          </Data>
          <Data name="経度">
            <value>139.9836644</value>
          </Data>
          <Data name="緯度">
            <value>35.84581972</value>
          </Data>
        </ExtendedData>
        <Point>
          <coordinates>
            139.9836644,35.84581972,0
          </coordinates>
        </Point>
      </Placemark>
      <Placemark>
        <name>名戸ケ谷第五公園</name>
        <description><![CDATA[﻿市区町村コード: 122173<br>都道府県: 千葉県<br>市町村名: 柏市<br>投票区コード: 52<br>投票区名: 第５２投票区<br>掲示場住所: 新柏三丁目２番地<br>経度: 139.9713603<br>緯度: 35.84202917]]></description>
        <styleUrl>#icon-1899-0288D1</styleUrl>
        <ExtendedData>
          <Data name="﻿市区町村コード">
            <value>122173.0</value>
          </Data>
          <Data name="都道府県">
            <value>千葉県</value>
          </Data>
          <Data name="市町村名">
            <value>柏市</value>
          </Data>
          <Data name="投票区コード">
            <value>52.0</value>
          </Data>
          <Data name="投票区名">
            <value>第５２投票区</value>
          </Data>
          <Data name="掲示場住所">
            <value>新柏三丁目２番地</value>
          </Data>
          <Data name="経度">
            <value>139.9713603</value>
          </Data>
          <Data name="緯度">
            <value>35.84202917</value>
          </Data>
        </ExtendedData>
        <Point>
          <coordinates>
            139.9713603,35.84202917,0
          </coordinates>
        </Point>
      </Placemark>
      <Placemark>
        <name>豊住二丁目子供の遊び場</name>
        <description><![CDATA[﻿市区町村コード: 122173<br>都道府県: 千葉県<br>市町村名: 柏市<br>投票区コード: 52<br>投票区名: 第５２投票区<br>掲示場住所: 豊住二丁目１番<br>経度: 139.9600089<br>緯度: 35.83716722]]></description>
        <styleUrl>#icon-1899-0288D1</styleUrl>
        <ExtendedData>
          <Data name="﻿市区町村コード">
            <value>122173.0</value>
          </Data>
          <Data name="都道府県">
            <value>千葉県</value>
          </Data>
          <Data name="市町村名">
            <value>柏市</value>
          </Data>
          <Data name="投票区コード">
            <value>52.0</value>
          </Data>
          <Data name="投票区名">
            <value>第５２投票区</value>
          </Data>
          <Data name="掲示場住所">
            <value>豊住二丁目１番</value>
          </Data>
          <Data name="経度">
            <value>139.9600089</value>
          </Data>
          <Data name="緯度">
            <value>35.83716722</value>
          </Data>
        </ExtendedData>
        <Point>
          <coordinates>
            139.9600089,35.83716722,0
          </coordinates>
        </Point>
      </Placemark>
      <Placemark>
        <name>柏市立豊住保育園</name>
        <description><![CDATA[﻿市区町村コード: 122173<br>都道府県: 千葉県<br>市町村名: 柏市<br>投票区コード: 52<br>投票区名: 第５２投票区<br>掲示場住所: 豊住三丁目１番<br>経度: 139.9640231<br>緯度: 35.83831861]]></description>
        <styleUrl>#icon-1899-0288D1</styleUrl>
        <ExtendedData>
          <Data name="﻿市区町村コード">
            <value>122173.0</value>
          </Data>
          <Data name="都道府県">
            <value>千葉県</value>
          </Data>
          <Data name="市町村名">
            <value>柏市</value>
          </Data>
          <Data name="投票区コード">
            <value>52.0</value>
          </Data>
          <Data name="投票区名">
            <value>第５２投票区</value>
          </Data>
          <Data name="掲示場住所">
            <value>豊住三丁目１番</value>
          </Data>
          <Data name="経度">
            <value>139.9640231</value>
          </Data>
          <Data name="緯度">
            <value>35.83831861</value>
          </Data>
        </ExtendedData>
        <Point>
          <coordinates>
            139.9640231,35.83831861,0
          </coordinates>
        </Point>
      </Placemark>
      <Placemark>
        <name>旧柏市社会福祉センター跡地</name>
        <description><![CDATA[﻿市区町村コード: 122173<br>都道府県: 千葉県<br>市町村名: 柏市<br>投票区コード: 52<br>投票区名: 第５２投票区<br>掲示場住所: 豊住三丁目１５２ー１<br>経度: 139.9659294<br>緯度: 35.83846639]]></description>
        <styleUrl>#icon-1899-0288D1</styleUrl>
        <ExtendedData>
          <Data name="﻿市区町村コード">
            <value>122173.0</value>
          </Data>
          <Data name="都道府県">
            <value>千葉県</value>
          </Data>
          <Data name="市町村名">
            <value>柏市</value>
          </Data>
          <Data name="投票区コード">
            <value>52.0</value>
          </Data>
          <Data name="投票区名">
            <value>第５２投票区</value>
          </Data>
          <Data name="掲示場住所">
            <value>豊住三丁目１５２ー１</value>
          </Data>
          <Data name="経度">
            <value>139.9659294</value>
          </Data>
          <Data name="緯度">
            <value>35.83846639</value>
          </Data>
        </ExtendedData>
        <Point>
          <coordinates>
            139.9659294,35.83846639,0
          </coordinates>
        </Point>
      </Placemark>
      <Placemark>
        <name>名戸ケ谷第三公園</name>
        <description><![CDATA[﻿市区町村コード: 122173<br>都道府県: 千葉県<br>市町村名: 柏市<br>投票区コード: 52<br>投票区名: 第５２投票区<br>掲示場住所: 新柏二丁目１７番地<br>経度: 139.9728144<br>緯度: 35.8399725]]></description>
        <styleUrl>#icon-1899-0288D1</styleUrl>
        <ExtendedData>
          <Data name="﻿市区町村コード">
            <value>122173.0</value>
          </Data>
          <Data name="都道府県">
            <value>千葉県</value>
          </Data>
          <Data name="市町村名">
            <value>柏市</value>
          </Data>
          <Data name="投票区コード">
            <value>52.0</value>
          </Data>
          <Data name="投票区名">
            <value>第５２投票区</value>
          </Data>
          <Data name="掲示場住所">
            <value>新柏二丁目１７番地</value>
          </Data>
          <Data name="経度">
            <value>139.9728144</value>
          </Data>
          <Data name="緯度">
            <value>35.8399725</value>
          </Data>
        </ExtendedData>
        <Point>
          <coordinates>
            139.9728144,35.8399725,0
          </coordinates>
        </Point>
      </Placemark>
      <Placemark>
        <name>名戸ケ谷第二公園</name>
        <description><![CDATA[﻿市区町村コード: 122173<br>都道府県: 千葉県<br>市町村名: 柏市<br>投票区コード: 52<br>投票区名: 第５２投票区<br>掲示場住所: 新柏一丁目１１番<br>経度: 139.9697994<br>緯度: 35.83885722]]></description>
        <styleUrl>#icon-1899-0288D1</styleUrl>
        <ExtendedData>
          <Data name="﻿市区町村コード">
            <value>122173.0</value>
          </Data>
          <Data name="都道府県">
            <value>千葉県</value>
          </Data>
          <Data name="市町村名">
            <value>柏市</value>
          </Data>
          <Data name="投票区コード">
            <value>52.0</value>
          </Data>
          <Data name="投票区名">
            <value>第５２投票区</value>
          </Data>
          <Data name="掲示場住所">
            <value>新柏一丁目１１番</value>
          </Data>
          <Data name="経度">
            <value>139.9697994</value>
          </Data>
          <Data name="緯度">
            <value>35.83885722</value>
          </Data>
        </ExtendedData>
        <Point>
          <coordinates>
            139.9697994,35.83885722,0
          </coordinates>
        </Point>
      </Placemark>
      <Placemark>
        <name>東武鉄道新柏駅前広場</name>
        <description><![CDATA[﻿市区町村コード: 122173<br>都道府県: 千葉県<br>市町村名: 柏市<br>投票区コード: 52<br>投票区名: 第５２投票区<br>掲示場住所: 新柏一丁目１番<br>経度: 139.9669572<br>緯度: 35.83872972]]></description>
        <styleUrl>#icon-1899-0288D1</styleUrl>
        <ExtendedData>
          <Data name="﻿市区町村コード">
            <value>122173.0</value>
          </Data>
          <Data name="都道府県">
            <value>千葉県</value>
          </Data>
          <Data name="市町村名">
            <value>柏市</value>
          </Data>
          <Data name="投票区コード">
            <value>52.0</value>
          </Data>
          <Data name="投票区名">
            <value>第５２投票区</value>
          </Data>
          <Data name="掲示場住所">
            <value>新柏一丁目１番</value>
          </Data>
          <Data name="経度">
            <value>139.9669572</value>
          </Data>
          <Data name="緯度">
            <value>35.83872972</value>
          </Data>
        </ExtendedData>
        <Point>
          <coordinates>
            139.9669572,35.83872972,0
          </coordinates>
        </Point>
      </Placemark>
      <Placemark>
        <name>南増尾交差点エネオス南増尾ＳＳ店前</name>
        <description><![CDATA[﻿市区町村コード: 122173<br>都道府県: 千葉県<br>市町村名: 柏市<br>投票区コード: 53<br>投票区名: 第５３投票区<br>掲示場住所: 南増尾七丁目１番<br>経度: 139.9604522<br>緯度: 35.81259389]]></description>
        <styleUrl>#icon-1899-0288D1</styleUrl>
        <ExtendedData>
          <Data name="﻿市区町村コード">
            <value>122173.0</value>
          </Data>
          <Data name="都道府県">
            <value>千葉県</value>
          </Data>
          <Data name="市町村名">
            <value>柏市</value>
          </Data>
          <Data name="投票区コード">
            <value>53.0</value>
          </Data>
          <Data name="投票区名">
            <value>第５３投票区</value>
          </Data>
          <Data name="掲示場住所">
            <value>南増尾七丁目１番</value>
          </Data>
          <Data name="経度">
            <value>139.9604522</value>
          </Data>
          <Data name="緯度">
            <value>35.81259389</value>
          </Data>
        </ExtendedData>
        <Point>
          <coordinates>
            139.9604522,35.81259389,0
          </coordinates>
        </Point>
      </Placemark>
      <Placemark>
        <name>柏市立南部中学校正門横</name>
        <description><![CDATA[﻿市区町村コード: 122173<br>都道府県: 千葉県<br>市町村名: 柏市<br>投票区コード: 53<br>投票区名: 第５３投票区<br>掲示場住所: 南増尾六丁目１６番１号<br>経度: 139.9641392<br>緯度: 35.80847472]]></description>
        <styleUrl>#icon-1899-0288D1</styleUrl>
        <ExtendedData>
          <Data name="﻿市区町村コード">
            <value>122173.0</value>
          </Data>
          <Data name="都道府県">
            <value>千葉県</value>
          </Data>
          <Data name="市町村名">
            <value>柏市</value>
          </Data>
          <Data name="投票区コード">
            <value>53.0</value>
          </Data>
          <Data name="投票区名">
            <value>第５３投票区</value>
          </Data>
          <Data name="掲示場住所">
            <value>南増尾六丁目１６番１号</value>
          </Data>
          <Data name="経度">
            <value>139.9641392</value>
          </Data>
          <Data name="緯度">
            <value>35.80847472</value>
          </Data>
        </ExtendedData>
        <Point>
          <coordinates>
            139.9641392,35.80847472,0
          </coordinates>
        </Point>
      </Placemark>
      <Placemark>
        <name>柏市立南部中学校裏門横</name>
        <description><![CDATA[﻿市区町村コード: 122173<br>都道府県: 千葉県<br>市町村名: 柏市<br>投票区コード: 53<br>投票区名: 第５３投票区<br>掲示場住所: 南増尾六丁目１６番１号<br>経度: 139.9643947<br>緯度: 35.80951333]]></description>
        <styleUrl>#icon-1899-0288D1</styleUrl>
        <ExtendedData>
          <Data name="﻿市区町村コード">
            <value>122173.0</value>
          </Data>
          <Data name="都道府県">
            <value>千葉県</value>
          </Data>
          <Data name="市町村名">
            <value>柏市</value>
          </Data>
          <Data name="投票区コード">
            <value>53.0</value>
          </Data>
          <Data name="投票区名">
            <value>第５３投票区</value>
          </Data>
          <Data name="掲示場住所">
            <value>南増尾六丁目１６番１号</value>
          </Data>
          <Data name="経度">
            <value>139.9643947</value>
          </Data>
          <Data name="緯度">
            <value>35.80951333</value>
          </Data>
        </ExtendedData>
        <Point>
          <coordinates>
            139.9643947,35.80951333,0
          </coordinates>
        </Point>
      </Placemark>
      <Placemark>
        <name>西一里塚第二公園</name>
        <description><![CDATA[﻿市区町村コード: 122173<br>都道府県: 千葉県<br>市町村名: 柏市<br>投票区コード: 53<br>投票区名: 第５３投票区<br>掲示場住所: 南増尾八丁目６番<br>経度: 139.9590486<br>緯度: 35.81107028]]></description>
        <styleUrl>#icon-1899-0288D1</styleUrl>
        <ExtendedData>
          <Data name="﻿市区町村コード">
            <value>122173.0</value>
          </Data>
          <Data name="都道府県">
            <value>千葉県</value>
          </Data>
          <Data name="市町村名">
            <value>柏市</value>
          </Data>
          <Data name="投票区コード">
            <value>53.0</value>
          </Data>
          <Data name="投票区名">
            <value>第５３投票区</value>
          </Data>
          <Data name="掲示場住所">
            <value>南増尾八丁目６番</value>
          </Data>
          <Data name="経度">
            <value>139.9590486</value>
          </Data>
          <Data name="緯度">
            <value>35.81107028</value>
          </Data>
        </ExtendedData>
        <Point>
          <coordinates>
            139.9590486,35.81107028,0
          </coordinates>
        </Point>
      </Placemark>
      <Placemark>
        <name>柏市水道部第四水源地</name>
        <description><![CDATA[﻿市区町村コード: 122173<br>都道府県: 千葉県<br>市町村名: 柏市<br>投票区コード: 53<br>投票区名: 第５３投票区<br>掲示場住所: 南増尾４丁目９番１号<br>経度: 139.9672989<br>緯度: 35.81391278]]></description>
        <styleUrl>#icon-1899-0288D1</styleUrl>
        <ExtendedData>
          <Data name="﻿市区町村コード">
            <value>122173.0</value>
          </Data>
          <Data name="都道府県">
            <value>千葉県</value>
          </Data>
          <Data name="市町村名">
            <value>柏市</value>
          </Data>
          <Data name="投票区コード">
            <value>53.0</value>
          </Data>
          <Data name="投票区名">
            <value>第５３投票区</value>
          </Data>
          <Data name="掲示場住所">
            <value>南増尾４丁目９番１号</value>
          </Data>
          <Data name="経度">
            <value>139.9672989</value>
          </Data>
          <Data name="緯度">
            <value>35.81391278</value>
          </Data>
        </ExtendedData>
        <Point>
          <coordinates>
            139.9672989,35.81391278,0
          </coordinates>
        </Point>
      </Placemark>
      <Placemark>
        <name>西一里塚公園</name>
        <description><![CDATA[﻿市区町村コード: 122173<br>都道府県: 千葉県<br>市町村名: 柏市<br>投票区コード: 53<br>投票区名: 第５３投票区<br>掲示場住所: 南増尾八丁目８番<br>経度: 139.9580161<br>緯度: 35.81011361]]></description>
        <styleUrl>#icon-1899-0288D1</styleUrl>
        <ExtendedData>
          <Data name="﻿市区町村コード">
            <value>122173.0</value>
          </Data>
          <Data name="都道府県">
            <value>千葉県</value>
          </Data>
          <Data name="市町村名">
            <value>柏市</value>
          </Data>
          <Data name="投票区コード">
            <value>53.0</value>
          </Data>
          <Data name="投票区名">
            <value>第５３投票区</value>
          </Data>
          <Data name="掲示場住所">
            <value>南増尾八丁目８番</value>
          </Data>
          <Data name="経度">
            <value>139.9580161</value>
          </Data>
          <Data name="緯度">
            <value>35.81011361</value>
          </Data>
        </ExtendedData>
        <Point>
          <coordinates>
            139.9580161,35.81011361,0
          </coordinates>
        </Point>
      </Placemark>
      <Placemark>
        <name>並木第二公園</name>
        <description><![CDATA[﻿市区町村コード: 122173<br>都道府県: 千葉県<br>市町村名: 柏市<br>投票区コード: 54<br>投票区名: 第５４投票区<br>掲示場住所: 南逆井二丁目２番<br>経度: 139.9689631<br>緯度: 35.80559083]]></description>
        <styleUrl>#icon-1899-0288D1</styleUrl>
        <ExtendedData>
          <Data name="﻿市区町村コード">
            <value>122173.0</value>
          </Data>
          <Data name="都道府県">
            <value>千葉県</value>
          </Data>
          <Data name="市町村名">
            <value>柏市</value>
          </Data>
          <Data name="投票区コード">
            <value>54.0</value>
          </Data>
          <Data name="投票区名">
            <value>第５４投票区</value>
          </Data>
          <Data name="掲示場住所">
            <value>南逆井二丁目２番</value>
          </Data>
          <Data name="経度">
            <value>139.9689631</value>
          </Data>
          <Data name="緯度">
            <value>35.80559083</value>
          </Data>
        </ExtendedData>
        <Point>
          <coordinates>
            139.9689631,35.80559083,0
          </coordinates>
        </Point>
      </Placemark>
      <Placemark>
        <name>川上宅前</name>
        <description><![CDATA[﻿市区町村コード: 122173<br>都道府県: 千葉県<br>市町村名: 柏市<br>投票区コード: 54<br>投票区名: 第５４投票区<br>掲示場住所: 南逆井三丁目２３番<br>経度: 139.9727272<br>緯度: 35.80181861]]></description>
        <styleUrl>#icon-1899-0288D1</styleUrl>
        <ExtendedData>
          <Data name="﻿市区町村コード">
            <value>122173.0</value>
          </Data>
          <Data name="都道府県">
            <value>千葉県</value>
          </Data>
          <Data name="市町村名">
            <value>柏市</value>
          </Data>
          <Data name="投票区コード">
            <value>54.0</value>
          </Data>
          <Data name="投票区名">
            <value>第５４投票区</value>
          </Data>
          <Data name="掲示場住所">
            <value>南逆井三丁目２３番</value>
          </Data>
          <Data name="経度">
            <value>139.9727272</value>
          </Data>
          <Data name="緯度">
            <value>35.80181861</value>
          </Data>
        </ExtendedData>
        <Point>
          <coordinates>
            139.9727272,35.80181861,0
          </coordinates>
        </Point>
      </Placemark>
      <Placemark>
        <name>柏市南部近隣センター体育館北側</name>
        <description><![CDATA[﻿市区町村コード: 122173<br>都道府県: 千葉県<br>市町村名: 柏市<br>投票区コード: 54<br>投票区名: 第５４投票区<br>掲示場住所: 南逆井一丁目２０番１号<br>経度: 139.9719444<br>緯度: 35.80675056]]></description>
        <styleUrl>#icon-1899-0288D1</styleUrl>
        <ExtendedData>
          <Data name="﻿市区町村コード">
            <value>122173.0</value>
          </Data>
          <Data name="都道府県">
            <value>千葉県</value>
          </Data>
          <Data name="市町村名">
            <value>柏市</value>
          </Data>
          <Data name="投票区コード">
            <value>54.0</value>
          </Data>
          <Data name="投票区名">
            <value>第５４投票区</value>
          </Data>
          <Data name="掲示場住所">
            <value>南逆井一丁目２０番１号</value>
          </Data>
          <Data name="経度">
            <value>139.9719444</value>
          </Data>
          <Data name="緯度">
            <value>35.80675056</value>
          </Data>
        </ExtendedData>
        <Point>
          <coordinates>
            139.9719444,35.80675056,0
          </coordinates>
        </Point>
      </Placemark>
      <Placemark>
        <name>逆井第一公園</name>
        <description><![CDATA[﻿市区町村コード: 122173<br>都道府県: 千葉県<br>市町村名: 柏市<br>投票区コード: 54<br>投票区名: 第５４投票区<br>掲示場住所: 南逆井二丁目５番<br>経度: 139.9692569<br>緯度: 35.80380417]]></description>
        <styleUrl>#icon-1899-0288D1</styleUrl>
        <ExtendedData>
          <Data name="﻿市区町村コード">
            <value>122173.0</value>
          </Data>
          <Data name="都道府県">
            <value>千葉県</value>
          </Data>
          <Data name="市町村名">
            <value>柏市</value>
          </Data>
          <Data name="投票区コード">
            <value>54.0</value>
          </Data>
          <Data name="投票区名">
            <value>第５４投票区</value>
          </Data>
          <Data name="掲示場住所">
            <value>南逆井二丁目５番</value>
          </Data>
          <Data name="経度">
            <value>139.9692569</value>
          </Data>
          <Data name="緯度">
            <value>35.80380417</value>
          </Data>
        </ExtendedData>
        <Point>
          <coordinates>
            139.9692569,35.80380417,0
          </coordinates>
        </Point>
      </Placemark>
      <Placemark>
        <name>今村宅前</name>
        <description><![CDATA[﻿市区町村コード: 122173<br>都道府県: 千葉県<br>市町村名: 柏市<br>投票区コード: 54<br>投票区名: 第５４投票区<br>掲示場住所: 南逆井一丁目２０番<br>経度: 139.9732625<br>緯度: 35.80639333]]></description>
        <styleUrl>#icon-1899-0288D1</styleUrl>
        <ExtendedData>
          <Data name="﻿市区町村コード">
            <value>122173.0</value>
          </Data>
          <Data name="都道府県">
            <value>千葉県</value>
          </Data>
          <Data name="市町村名">
            <value>柏市</value>
          </Data>
          <Data name="投票区コード">
            <value>54.0</value>
          </Data>
          <Data name="投票区名">
            <value>第５４投票区</value>
          </Data>
          <Data name="掲示場住所">
            <value>南逆井一丁目２０番</value>
          </Data>
          <Data name="経度">
            <value>139.9732625</value>
          </Data>
          <Data name="緯度">
            <value>35.80639333</value>
          </Data>
        </ExtendedData>
        <Point>
          <coordinates>
            139.9732625,35.80639333,0
          </coordinates>
        </Point>
      </Placemark>
      <Placemark>
        <name>大橋宅前の畑</name>
        <description><![CDATA[﻿市区町村コード: 122173<br>都道府県: 千葉県<br>市町村名: 柏市<br>投票区コード: 54<br>投票区名: 第５４投票区<br>掲示場住所: 南逆井一丁目１７番<br>経度: 139.9734414<br>緯度: 35.80805972]]></description>
        <styleUrl>#icon-1899-0288D1</styleUrl>
        <ExtendedData>
          <Data name="﻿市区町村コード">
            <value>122173.0</value>
          </Data>
          <Data name="都道府県">
            <value>千葉県</value>
          </Data>
          <Data name="市町村名">
            <value>柏市</value>
          </Data>
          <Data name="投票区コード">
            <value>54.0</value>
          </Data>
          <Data name="投票区名">
            <value>第５４投票区</value>
          </Data>
          <Data name="掲示場住所">
            <value>南逆井一丁目１７番</value>
          </Data>
          <Data name="経度">
            <value>139.9734414</value>
          </Data>
          <Data name="緯度">
            <value>35.80805972</value>
          </Data>
        </ExtendedData>
        <Point>
          <coordinates>
            139.9734414,35.80805972,0
          </coordinates>
        </Point>
      </Placemark>
      <Placemark>
        <name>豊島宅西側</name>
        <description><![CDATA[﻿市区町村コード: 122173<br>都道府県: 千葉県<br>市町村名: 柏市<br>投票区コード: 55<br>投票区名: 第５５投票区<br>掲示場住所: 松ケ崎１０１２番地<br>経度: 139.9738308<br>緯度: 35.87798889]]></description>
        <styleUrl>#icon-1899-0288D1</styleUrl>
        <ExtendedData>
          <Data name="﻿市区町村コード">
            <value>122173.0</value>
          </Data>
          <Data name="都道府県">
            <value>千葉県</value>
          </Data>
          <Data name="市町村名">
            <value>柏市</value>
          </Data>
          <Data name="投票区コード">
            <value>55.0</value>
          </Data>
          <Data name="投票区名">
            <value>第５５投票区</value>
          </Data>
          <Data name="掲示場住所">
            <value>松ケ崎１０１２番地</value>
          </Data>
          <Data name="経度">
            <value>139.9738308</value>
          </Data>
          <Data name="緯度">
            <value>35.87798889</value>
          </Data>
        </ExtendedData>
        <Point>
          <coordinates>
            139.9738308,35.87798889,0
          </coordinates>
        </Point>
      </Placemark>
      <Placemark>
        <name>松ケ崎第一公園</name>
        <description><![CDATA[﻿市区町村コード: 122173<br>都道府県: 千葉県<br>市町村名: 柏市<br>投票区コード: 55<br>投票区名: 第５５投票区<br>掲示場住所: 松ケ崎１１１５番地の４<br>経度: 139.9720014<br>緯度: 35.88017861]]></description>
        <styleUrl>#icon-1899-0288D1</styleUrl>
        <ExtendedData>
          <Data name="﻿市区町村コード">
            <value>122173.0</value>
          </Data>
          <Data name="都道府県">
            <value>千葉県</value>
          </Data>
          <Data name="市町村名">
            <value>柏市</value>
          </Data>
          <Data name="投票区コード">
            <value>55.0</value>
          </Data>
          <Data name="投票区名">
            <value>第５５投票区</value>
          </Data>
          <Data name="掲示場住所">
            <value>松ケ崎１１１５番地の４</value>
          </Data>
          <Data name="経度">
            <value>139.9720014</value>
          </Data>
          <Data name="緯度">
            <value>35.88017861</value>
          </Data>
        </ExtendedData>
        <Point>
          <coordinates>
            139.9720014,35.88017861,0
          </coordinates>
        </Point>
      </Placemark>
      <Placemark>
        <name>長妻宅前</name>
        <description><![CDATA[﻿市区町村コード: 122173<br>都道府県: 千葉県<br>市町村名: 柏市<br>投票区コード: 55<br>投票区名: 第５５投票区<br>掲示場住所: 松ケ崎１０６８番地の２<br>経度: 139.974635<br>緯度: 35.88165278]]></description>
        <styleUrl>#icon-1899-0288D1</styleUrl>
        <ExtendedData>
          <Data name="﻿市区町村コード">
            <value>122173.0</value>
          </Data>
          <Data name="都道府県">
            <value>千葉県</value>
          </Data>
          <Data name="市町村名">
            <value>柏市</value>
          </Data>
          <Data name="投票区コード">
            <value>55.0</value>
          </Data>
          <Data name="投票区名">
            <value>第５５投票区</value>
          </Data>
          <Data name="掲示場住所">
            <value>松ケ崎１０６８番地の２</value>
          </Data>
          <Data name="経度">
            <value>139.974635</value>
          </Data>
          <Data name="緯度">
            <value>35.88165278</value>
          </Data>
        </ExtendedData>
        <Point>
          <coordinates>
            139.974635,35.88165278,0
          </coordinates>
        </Point>
      </Placemark>
      <Placemark>
        <name>松ケ崎集会所</name>
        <description><![CDATA[﻿市区町村コード: 122173<br>都道府県: 千葉県<br>市町村名: 柏市<br>投票区コード: 55<br>投票区名: 第５５投票区<br>掲示場住所: 松ケ崎３１９番地の２<br>経度: 139.9778511<br>緯度: 35.88180972]]></description>
        <styleUrl>#icon-1899-0288D1</styleUrl>
        <ExtendedData>
          <Data name="﻿市区町村コード">
            <value>122173.0</value>
          </Data>
          <Data name="都道府県">
            <value>千葉県</value>
          </Data>
          <Data name="市町村名">
            <value>柏市</value>
          </Data>
          <Data name="投票区コード">
            <value>55.0</value>
          </Data>
          <Data name="投票区名">
            <value>第５５投票区</value>
          </Data>
          <Data name="掲示場住所">
            <value>松ケ崎３１９番地の２</value>
          </Data>
          <Data name="経度">
            <value>139.9778511</value>
          </Data>
          <Data name="緯度">
            <value>35.88180972</value>
          </Data>
        </ExtendedData>
        <Point>
          <coordinates>
            139.9778511,35.88180972,0
          </coordinates>
        </Point>
      </Placemark>
      <Placemark>
        <name>松ケ崎第六公園</name>
        <description><![CDATA[﻿市区町村コード: 122173<br>都道府県: 千葉県<br>市町村名: 柏市<br>投票区コード: 55<br>投票区名: 第５５投票区<br>掲示場住所: 松ケ崎９６番地の１０<br>経度: 139.9731014<br>緯度: 35.88424167]]></description>
        <styleUrl>#icon-1899-0288D1</styleUrl>
        <ExtendedData>
          <Data name="﻿市区町村コード">
            <value>122173.0</value>
          </Data>
          <Data name="都道府県">
            <value>千葉県</value>
          </Data>
          <Data name="市町村名">
            <value>柏市</value>
          </Data>
          <Data name="投票区コード">
            <value>55.0</value>
          </Data>
          <Data name="投票区名">
            <value>第５５投票区</value>
          </Data>
          <Data name="掲示場住所">
            <value>松ケ崎９６番地の１０</value>
          </Data>
          <Data name="経度">
            <value>139.9731014</value>
          </Data>
          <Data name="緯度">
            <value>35.88424167</value>
          </Data>
        </ExtendedData>
        <Point>
          <coordinates>
            139.9731014,35.88424167,0
          </coordinates>
        </Point>
      </Placemark>
      <Placemark>
        <name>後田第一公園</name>
        <description><![CDATA[﻿市区町村コード: 122173<br>都道府県: 千葉県<br>市町村名: 柏市<br>投票区コード: 55<br>投票区名: 第５５投票区<br>掲示場住所: 松ケ崎３４２番地の５<br>経度: 139.9791214<br>緯度: 35.8826725]]></description>
        <styleUrl>#icon-1899-0288D1</styleUrl>
        <ExtendedData>
          <Data name="﻿市区町村コード">
            <value>122173.0</value>
          </Data>
          <Data name="都道府県">
            <value>千葉県</value>
          </Data>
          <Data name="市町村名">
            <value>柏市</value>
          </Data>
          <Data name="投票区コード">
            <value>55.0</value>
          </Data>
          <Data name="投票区名">
            <value>第５５投票区</value>
          </Data>
          <Data name="掲示場住所">
            <value>松ケ崎３４２番地の５</value>
          </Data>
          <Data name="経度">
            <value>139.9791214</value>
          </Data>
          <Data name="緯度">
            <value>35.8826725</value>
          </Data>
        </ExtendedData>
        <Point>
          <coordinates>
            139.9791214,35.8826725,0
          </coordinates>
        </Point>
      </Placemark>
      <Placemark>
        <name>モラージュ柏前</name>
        <description><![CDATA[﻿市区町村コード: 122173<br>都道府県: 千葉県<br>市町村名: 柏市<br>投票区コード: 55<br>投票区名: 第５５投票区<br>掲示場住所: 大山台二丁目２１番<br>経度: 139.97043<br>緯度: 35.88340167]]></description>
        <styleUrl>#icon-1899-0288D1</styleUrl>
        <ExtendedData>
          <Data name="﻿市区町村コード">
            <value>122173.0</value>
          </Data>
          <Data name="都道府県">
            <value>千葉県</value>
          </Data>
          <Data name="市町村名">
            <value>柏市</value>
          </Data>
          <Data name="投票区コード">
            <value>55.0</value>
          </Data>
          <Data name="投票区名">
            <value>第５５投票区</value>
          </Data>
          <Data name="掲示場住所">
            <value>大山台二丁目２１番</value>
          </Data>
          <Data name="経度">
            <value>139.97043</value>
          </Data>
          <Data name="緯度">
            <value>35.88340167</value>
          </Data>
        </ExtendedData>
        <Point>
          <coordinates>
            139.97043,35.88340167,0
          </coordinates>
        </Point>
      </Placemark>
      <Placemark>
        <name>松ケ崎第五公園</name>
        <description><![CDATA[﻿市区町村コード: 122173<br>都道府県: 千葉県<br>市町村名: 柏市<br>投票区コード: 55<br>投票区名: 第５５投票区<br>掲示場住所: 松ケ崎４１５番地<br>経度: 139.9812694<br>緯度: 35.88042139]]></description>
        <styleUrl>#icon-1899-0288D1</styleUrl>
        <ExtendedData>
          <Data name="﻿市区町村コード">
            <value>122173.0</value>
          </Data>
          <Data name="都道府県">
            <value>千葉県</value>
          </Data>
          <Data name="市町村名">
            <value>柏市</value>
          </Data>
          <Data name="投票区コード">
            <value>55.0</value>
          </Data>
          <Data name="投票区名">
            <value>第５５投票区</value>
          </Data>
          <Data name="掲示場住所">
            <value>松ケ崎４１５番地</value>
          </Data>
          <Data name="経度">
            <value>139.9812694</value>
          </Data>
          <Data name="緯度">
            <value>35.88042139</value>
          </Data>
        </ExtendedData>
        <Point>
          <coordinates>
            139.9812694,35.88042139,0
          </coordinates>
        </Point>
      </Placemark>
      <Placemark>
        <name>柏市立田中小学校正門横</name>
        <description><![CDATA[﻿市区町村コード: 122173<br>都道府県: 千葉県<br>市町村名: 柏市<br>投票区コード: 56<br>投票区名: 第５６投票区<br>掲示場住所: 大室１１９３番地の３<br>経度: 139.9630606<br>緯度: 35.900885]]></description>
        <styleUrl>#icon-1899-0288D1</styleUrl>
        <ExtendedData>
          <Data name="﻿市区町村コード">
            <value>122173.0</value>
          </Data>
          <Data name="都道府県">
            <value>千葉県</value>
          </Data>
          <Data name="市町村名">
            <value>柏市</value>
          </Data>
          <Data name="投票区コード">
            <value>56.0</value>
          </Data>
          <Data name="投票区名">
            <value>第５６投票区</value>
          </Data>
          <Data name="掲示場住所">
            <value>大室１１９３番地の３</value>
          </Data>
          <Data name="経度">
            <value>139.9630606</value>
          </Data>
          <Data name="緯度">
            <value>35.900885</value>
          </Data>
        </ExtendedData>
        <Point>
          <coordinates>
            139.9630606,35.900885,0
          </coordinates>
        </Point>
      </Placemark>
      <Placemark>
        <name>柏ビレジ運動広場</name>
        <description><![CDATA[﻿市区町村コード: 122173<br>都道府県: 千葉県<br>市町村名: 柏市<br>投票区コード: 56<br>投票区名: 第５６投票区<br>掲示場住所: 大室１３１１番地の６３<br>経度: 139.9651547<br>緯度: 35.90288583]]></description>
        <styleUrl>#icon-1899-0288D1</styleUrl>
        <ExtendedData>
          <Data name="﻿市区町村コード">
            <value>122173.0</value>
          </Data>
          <Data name="都道府県">
            <value>千葉県</value>
          </Data>
          <Data name="市町村名">
            <value>柏市</value>
          </Data>
          <Data name="投票区コード">
            <value>56.0</value>
          </Data>
          <Data name="投票区名">
            <value>第５６投票区</value>
          </Data>
          <Data name="掲示場住所">
            <value>大室１３１１番地の６３</value>
          </Data>
          <Data name="経度">
            <value>139.9651547</value>
          </Data>
          <Data name="緯度">
            <value>35.90288583</value>
          </Data>
        </ExtendedData>
        <Point>
          <coordinates>
            139.9651547,35.90288583,0
          </coordinates>
        </Point>
      </Placemark>
      <Placemark>
        <name>柏市柏ビレジ近隣センター</name>
        <description><![CDATA[﻿市区町村コード: 122173<br>都道府県: 千葉県<br>市町村名: 柏市<br>投票区コード: 56<br>投票区名: 第５６投票区<br>掲示場住所: 大室１２８５番地の１<br>経度: 139.9685331<br>緯度: 35.9013625]]></description>
        <styleUrl>#icon-1899-0288D1</styleUrl>
        <ExtendedData>
          <Data name="﻿市区町村コード">
            <value>122173.0</value>
          </Data>
          <Data name="都道府県">
            <value>千葉県</value>
          </Data>
          <Data name="市町村名">
            <value>柏市</value>
          </Data>
          <Data name="投票区コード">
            <value>56.0</value>
          </Data>
          <Data name="投票区名">
            <value>第５６投票区</value>
          </Data>
          <Data name="掲示場住所">
            <value>大室１２８５番地の１</value>
          </Data>
          <Data name="経度">
            <value>139.9685331</value>
          </Data>
          <Data name="緯度">
            <value>35.9013625</value>
          </Data>
        </ExtendedData>
        <Point>
          <coordinates>
            139.9685331,35.9013625,0
          </coordinates>
        </Point>
      </Placemark>
      <Placemark>
        <name>柏ビレジ第三公園</name>
        <description><![CDATA[﻿市区町村コード: 122173<br>都道府県: 千葉県<br>市町村名: 柏市<br>投票区コード: 56<br>投票区名: 第５６投票区<br>掲示場住所: 花野井１８７２番地の１６９<br>経度: 139.9727961<br>緯度: 35.90194528]]></description>
        <styleUrl>#icon-1899-0288D1</styleUrl>
        <ExtendedData>
          <Data name="﻿市区町村コード">
            <value>122173.0</value>
          </Data>
          <Data name="都道府県">
            <value>千葉県</value>
          </Data>
          <Data name="市町村名">
            <value>柏市</value>
          </Data>
          <Data name="投票区コード">
            <value>56.0</value>
          </Data>
          <Data name="投票区名">
            <value>第５６投票区</value>
          </Data>
          <Data name="掲示場住所">
            <value>花野井１８７２番地の１６９</value>
          </Data>
          <Data name="経度">
            <value>139.9727961</value>
          </Data>
          <Data name="緯度">
            <value>35.90194528</value>
          </Data>
        </ExtendedData>
        <Point>
          <coordinates>
            139.9727961,35.90194528,0
          </coordinates>
        </Point>
      </Placemark>
      <Placemark>
        <name>柏ビレジ第九緑地</name>
        <description><![CDATA[﻿市区町村コード: 122173<br>都道府県: 千葉県<br>市町村名: 柏市<br>投票区コード: 56<br>投票区名: 第５６投票区<br>掲示場住所: 花野井７６５番地<br>経度: 139.9674275<br>緯度: 35.89725722]]></description>
        <styleUrl>#icon-1899-0288D1</styleUrl>
        <ExtendedData>
          <Data name="﻿市区町村コード">
            <value>122173.0</value>
          </Data>
          <Data name="都道府県">
            <value>千葉県</value>
          </Data>
          <Data name="市町村名">
            <value>柏市</value>
          </Data>
          <Data name="投票区コード">
            <value>56.0</value>
          </Data>
          <Data name="投票区名">
            <value>第５６投票区</value>
          </Data>
          <Data name="掲示場住所">
            <value>花野井７６５番地</value>
          </Data>
          <Data name="経度">
            <value>139.9674275</value>
          </Data>
          <Data name="緯度">
            <value>35.89725722</value>
          </Data>
        </ExtendedData>
        <Point>
          <coordinates>
            139.9674275,35.89725722,0
          </coordinates>
        </Point>
      </Placemark>
      <Placemark>
        <name>柏ビレジ第二公園</name>
        <description><![CDATA[﻿市区町村コード: 122173<br>都道府県: 千葉県<br>市町村名: 柏市<br>投票区コード: 56<br>投票区名: 第５６投票区<br>掲示場住所: 花野井１６８４番地<br>経度: 139.9724503<br>緯度: 35.89966528]]></description>
        <styleUrl>#icon-1899-0288D1</styleUrl>
        <ExtendedData>
          <Data name="﻿市区町村コード">
            <value>122173.0</value>
          </Data>
          <Data name="都道府県">
            <value>千葉県</value>
          </Data>
          <Data name="市町村名">
            <value>柏市</value>
          </Data>
          <Data name="投票区コード">
            <value>56.0</value>
          </Data>
          <Data name="投票区名">
            <value>第５６投票区</value>
          </Data>
          <Data name="掲示場住所">
            <value>花野井１６８４番地</value>
          </Data>
          <Data name="経度">
            <value>139.9724503</value>
          </Data>
          <Data name="緯度">
            <value>35.89966528</value>
          </Data>
        </ExtendedData>
        <Point>
          <coordinates>
            139.9724503,35.89966528,0
          </coordinates>
        </Point>
      </Placemark>
      <Placemark>
        <name>柏ビレジ第五公園</name>
        <description><![CDATA[﻿市区町村コード: 122173<br>都道府県: 千葉県<br>市町村名: 柏市<br>投票区コード: 56<br>投票区名: 第５６投票区<br>掲示場住所: 大室１８７４番地の６２<br>経度: 139.9707169<br>緯度: 35.90557528]]></description>
        <styleUrl>#icon-1899-0288D1</styleUrl>
        <ExtendedData>
          <Data name="﻿市区町村コード">
            <value>122173.0</value>
          </Data>
          <Data name="都道府県">
            <value>千葉県</value>
          </Data>
          <Data name="市町村名">
            <value>柏市</value>
          </Data>
          <Data name="投票区コード">
            <value>56.0</value>
          </Data>
          <Data name="投票区名">
            <value>第５６投票区</value>
          </Data>
          <Data name="掲示場住所">
            <value>大室１８７４番地の６２</value>
          </Data>
          <Data name="経度">
            <value>139.9707169</value>
          </Data>
          <Data name="緯度">
            <value>35.90557528</value>
          </Data>
        </ExtendedData>
        <Point>
          <coordinates>
            139.9707169,35.90557528,0
          </coordinates>
        </Point>
      </Placemark>
      <Placemark>
        <name>御立山ふるさとセンター横</name>
        <description><![CDATA[﻿市区町村コード: 122173<br>都道府県: 千葉県<br>市町村名: 柏市<br>投票区コード: 57<br>投票区名: 第５７投票区<br>掲示場住所: 西柏台二丁目３番<br>経度: 139.9264717<br>緯度: 35.88524778]]></description>
        <styleUrl>#icon-1899-0288D1</styleUrl>
        <ExtendedData>
          <Data name="﻿市区町村コード">
            <value>122173.0</value>
          </Data>
          <Data name="都道府県">
            <value>千葉県</value>
          </Data>
          <Data name="市町村名">
            <value>柏市</value>
          </Data>
          <Data name="投票区コード">
            <value>57.0</value>
          </Data>
          <Data name="投票区名">
            <value>第５７投票区</value>
          </Data>
          <Data name="掲示場住所">
            <value>西柏台二丁目３番</value>
          </Data>
          <Data name="経度">
            <value>139.9264717</value>
          </Data>
          <Data name="緯度">
            <value>35.88524778</value>
          </Data>
        </ExtendedData>
        <Point>
          <coordinates>
            139.9264717,35.88524778,0
          </coordinates>
        </Point>
      </Placemark>
      <Placemark>
        <name>東京自働機械製作所柏工場前</name>
        <description><![CDATA[﻿市区町村コード: 122173<br>都道府県: 千葉県<br>市町村名: 柏市<br>投票区コード: 57<br>投票区名: 第５７投票区<br>掲示場住所: 西原七丁目３番１号<br>経度: 139.926055<br>緯度: 35.88978722]]></description>
        <styleUrl>#icon-1899-0288D1</styleUrl>
        <ExtendedData>
          <Data name="﻿市区町村コード">
            <value>122173.0</value>
          </Data>
          <Data name="都道府県">
            <value>千葉県</value>
          </Data>
          <Data name="市町村名">
            <value>柏市</value>
          </Data>
          <Data name="投票区コード">
            <value>57.0</value>
          </Data>
          <Data name="投票区名">
            <value>第５７投票区</value>
          </Data>
          <Data name="掲示場住所">
            <value>西原七丁目３番１号</value>
          </Data>
          <Data name="経度">
            <value>139.926055</value>
          </Data>
          <Data name="緯度">
            <value>35.88978722</value>
          </Data>
        </ExtendedData>
        <Point>
          <coordinates>
            139.926055,35.88978722,0
          </coordinates>
        </Point>
      </Placemark>
      <Placemark>
        <name>柏市立西原中学校正門横</name>
        <description><![CDATA[﻿市区町村コード: 122173<br>都道府県: 千葉県<br>市町村名: 柏市<br>投票区コード: 57<br>投票区名: 第５７投票区<br>掲示場住所: 西原六丁目１３番１号<br>経度: 139.9243953<br>緯度: 35.88932222]]></description>
        <styleUrl>#icon-1899-0288D1</styleUrl>
        <ExtendedData>
          <Data name="﻿市区町村コード">
            <value>122173.0</value>
          </Data>
          <Data name="都道府県">
            <value>千葉県</value>
          </Data>
          <Data name="市町村名">
            <value>柏市</value>
          </Data>
          <Data name="投票区コード">
            <value>57.0</value>
          </Data>
          <Data name="投票区名">
            <value>第５７投票区</value>
          </Data>
          <Data name="掲示場住所">
            <value>西原六丁目１３番１号</value>
          </Data>
          <Data name="経度">
            <value>139.9243953</value>
          </Data>
          <Data name="緯度">
            <value>35.88932222</value>
          </Data>
        </ExtendedData>
        <Point>
          <coordinates>
            139.9243953,35.88932222,0
          </coordinates>
        </Point>
      </Placemark>
      <Placemark>
        <name>御立山第六公園</name>
        <description><![CDATA[﻿市区町村コード: 122173<br>都道府県: 千葉県<br>市町村名: 柏市<br>投票区コード: 57<br>投票区名: 第５７投票区<br>掲示場住所: 西柏台二丁目１番<br>経度: 139.9265019<br>緯度: 35.88597556]]></description>
        <styleUrl>#icon-1899-0288D1</styleUrl>
        <ExtendedData>
          <Data name="﻿市区町村コード">
            <value>122173.0</value>
          </Data>
          <Data name="都道府県">
            <value>千葉県</value>
          </Data>
          <Data name="市町村名">
            <value>柏市</value>
          </Data>
          <Data name="投票区コード">
            <value>57.0</value>
          </Data>
          <Data name="投票区名">
            <value>第５７投票区</value>
          </Data>
          <Data name="掲示場住所">
            <value>西柏台二丁目１番</value>
          </Data>
          <Data name="経度">
            <value>139.9265019</value>
          </Data>
          <Data name="緯度">
            <value>35.88597556</value>
          </Data>
        </ExtendedData>
        <Point>
          <coordinates>
            139.9265019,35.88597556,0
          </coordinates>
        </Point>
      </Placemark>
      <Placemark>
        <name>柏市立西原中学校西側</name>
        <description><![CDATA[﻿市区町村コード: 122173<br>都道府県: 千葉県<br>市町村名: 柏市<br>投票区コード: 57<br>投票区名: 第５７投票区<br>掲示場住所: 西原六丁目１３番１号<br>経度: 139.9230772<br>緯度: 35.88869444]]></description>
        <styleUrl>#icon-1899-0288D1</styleUrl>
        <ExtendedData>
          <Data name="﻿市区町村コード">
            <value>122173.0</value>
          </Data>
          <Data name="都道府県">
            <value>千葉県</value>
          </Data>
          <Data name="市町村名">
            <value>柏市</value>
          </Data>
          <Data name="投票区コード">
            <value>57.0</value>
          </Data>
          <Data name="投票区名">
            <value>第５７投票区</value>
          </Data>
          <Data name="掲示場住所">
            <value>西原六丁目１３番１号</value>
          </Data>
          <Data name="経度">
            <value>139.9230772</value>
          </Data>
          <Data name="緯度">
            <value>35.88869444</value>
          </Data>
        </ExtendedData>
        <Point>
          <coordinates>
            139.9230772,35.88869444,0
          </coordinates>
        </Point>
      </Placemark>
      <Placemark>
        <name>御立山第三公園</name>
        <description><![CDATA[﻿市区町村コード: 122173<br>都道府県: 千葉県<br>市町村名: 柏市<br>投票区コード: 57<br>投票区名: 第５７投票区<br>掲示場住所: 西原七丁目９番<br>経度: 139.9286356<br>緯度: 35.88764639]]></description>
        <styleUrl>#icon-1899-0288D1</styleUrl>
        <ExtendedData>
          <Data name="﻿市区町村コード">
            <value>122173.0</value>
          </Data>
          <Data name="都道府県">
            <value>千葉県</value>
          </Data>
          <Data name="市町村名">
            <value>柏市</value>
          </Data>
          <Data name="投票区コード">
            <value>57.0</value>
          </Data>
          <Data name="投票区名">
            <value>第５７投票区</value>
          </Data>
          <Data name="掲示場住所">
            <value>西原七丁目９番</value>
          </Data>
          <Data name="経度">
            <value>139.9286356</value>
          </Data>
          <Data name="緯度">
            <value>35.88764639</value>
          </Data>
        </ExtendedData>
        <Point>
          <coordinates>
            139.9286356,35.88764639,0
          </coordinates>
        </Point>
      </Placemark>
      <Placemark>
        <name>御立山第五公園</name>
        <description><![CDATA[﻿市区町村コード: 122173<br>都道府県: 千葉県<br>市町村名: 柏市<br>投票区コード: 57<br>投票区名: 第５７投票区<br>掲示場住所: 西柏台二丁目３番<br>経度: 139.9279797<br>緯度: 35.88486083]]></description>
        <styleUrl>#icon-1899-0288D1</styleUrl>
        <ExtendedData>
          <Data name="﻿市区町村コード">
            <value>122173.0</value>
          </Data>
          <Data name="都道府県">
            <value>千葉県</value>
          </Data>
          <Data name="市町村名">
            <value>柏市</value>
          </Data>
          <Data name="投票区コード">
            <value>57.0</value>
          </Data>
          <Data name="投票区名">
            <value>第５７投票区</value>
          </Data>
          <Data name="掲示場住所">
            <value>西柏台二丁目３番</value>
          </Data>
          <Data name="経度">
            <value>139.9279797</value>
          </Data>
          <Data name="緯度">
            <value>35.88486083</value>
          </Data>
        </ExtendedData>
        <Point>
          <coordinates>
            139.9279797,35.88486083,0
          </coordinates>
        </Point>
      </Placemark>
      <Placemark>
        <name>篠籠田後原公園</name>
        <description><![CDATA[﻿市区町村コード: 122173<br>都道府県: 千葉県<br>市町村名: 柏市<br>投票区コード: 58<br>投票区名: 第５８投票区<br>掲示場住所: 篠籠田１４８２－３<br>経度: 139.9493369<br>緯度: 35.87174972]]></description>
        <styleUrl>#icon-1899-0288D1</styleUrl>
        <ExtendedData>
          <Data name="﻿市区町村コード">
            <value>122173.0</value>
          </Data>
          <Data name="都道府県">
            <value>千葉県</value>
          </Data>
          <Data name="市町村名">
            <value>柏市</value>
          </Data>
          <Data name="投票区コード">
            <value>58.0</value>
          </Data>
          <Data name="投票区名">
            <value>第５８投票区</value>
          </Data>
          <Data name="掲示場住所">
            <value>篠籠田１４８２－３</value>
          </Data>
          <Data name="経度">
            <value>139.9493369</value>
          </Data>
          <Data name="緯度">
            <value>35.87174972</value>
          </Data>
        </ExtendedData>
        <Point>
          <coordinates>
            139.9493369,35.87174972,0
          </coordinates>
        </Point>
      </Placemark>
      <Placemark>
        <name>八幡山公園</name>
        <description><![CDATA[﻿市区町村コード: 122173<br>都道府県: 千葉県<br>市町村名: 柏市<br>投票区コード: 58<br>投票区名: 第５８投票区<br>掲示場住所: 豊四季２１４番地の６４<br>経度: 139.9480056<br>緯度: 35.86847056]]></description>
        <styleUrl>#icon-1899-0288D1</styleUrl>
        <ExtendedData>
          <Data name="﻿市区町村コード">
            <value>122173.0</value>
          </Data>
          <Data name="都道府県">
            <value>千葉県</value>
          </Data>
          <Data name="市町村名">
            <value>柏市</value>
          </Data>
          <Data name="投票区コード">
            <value>58.0</value>
          </Data>
          <Data name="投票区名">
            <value>第５８投票区</value>
          </Data>
          <Data name="掲示場住所">
            <value>豊四季２１４番地の６４</value>
          </Data>
          <Data name="経度">
            <value>139.9480056</value>
          </Data>
          <Data name="緯度">
            <value>35.86847056</value>
          </Data>
        </ExtendedData>
        <Point>
          <coordinates>
            139.9480056,35.86847056,0
          </coordinates>
        </Point>
      </Placemark>
      <Placemark>
        <name>今泉第一公園</name>
        <description><![CDATA[﻿市区町村コード: 122173<br>都道府県: 千葉県<br>市町村名: 柏市<br>投票区コード: 58<br>投票区名: 第５８投票区<br>掲示場住所: 篠籠田１０５１番地<br>経度: 139.9506178<br>緯度: 35.86756139]]></description>
        <styleUrl>#icon-1899-0288D1</styleUrl>
        <ExtendedData>
          <Data name="﻿市区町村コード">
            <value>122173.0</value>
          </Data>
          <Data name="都道府県">
            <value>千葉県</value>
          </Data>
          <Data name="市町村名">
            <value>柏市</value>
          </Data>
          <Data name="投票区コード">
            <value>58.0</value>
          </Data>
          <Data name="投票区名">
            <value>第５８投票区</value>
          </Data>
          <Data name="掲示場住所">
            <value>篠籠田１０５１番地</value>
          </Data>
          <Data name="経度">
            <value>139.9506178</value>
          </Data>
          <Data name="緯度">
            <value>35.86756139</value>
          </Data>
        </ExtendedData>
        <Point>
          <coordinates>
            139.9506178,35.86756139,0
          </coordinates>
        </Point>
      </Placemark>
      <Placemark>
        <name>柏市立柏第三中学校正門横</name>
        <description><![CDATA[﻿市区町村コード: 122173<br>都道府県: 千葉県<br>市町村名: 柏市<br>投票区コード: 58<br>投票区名: 第５８投票区<br>掲示場住所: 篠籠田９８７番地の１<br>経度: 139.953355<br>緯度: 35.86670417]]></description>
        <styleUrl>#icon-1899-0288D1</styleUrl>
        <ExtendedData>
          <Data name="﻿市区町村コード">
            <value>122173.0</value>
          </Data>
          <Data name="都道府県">
            <value>千葉県</value>
          </Data>
          <Data name="市町村名">
            <value>柏市</value>
          </Data>
          <Data name="投票区コード">
            <value>58.0</value>
          </Data>
          <Data name="投票区名">
            <value>第５８投票区</value>
          </Data>
          <Data name="掲示場住所">
            <value>篠籠田９８７番地の１</value>
          </Data>
          <Data name="経度">
            <value>139.953355</value>
          </Data>
          <Data name="緯度">
            <value>35.86670417</value>
          </Data>
        </ExtendedData>
        <Point>
          <coordinates>
            139.953355,35.86670417,0
          </coordinates>
        </Point>
      </Placemark>
      <Placemark>
        <name>柏市立柏第三中学校裏門横</name>
        <description><![CDATA[﻿市区町村コード: 122173<br>都道府県: 千葉県<br>市町村名: 柏市<br>投票区コード: 58<br>投票区名: 第５８投票区<br>掲示場住所: 篠籠田９８７番地の１<br>経度: 139.9536897<br>緯度: 35.8680825]]></description>
        <styleUrl>#icon-1899-0288D1</styleUrl>
        <ExtendedData>
          <Data name="﻿市区町村コード">
            <value>122173.0</value>
          </Data>
          <Data name="都道府県">
            <value>千葉県</value>
          </Data>
          <Data name="市町村名">
            <value>柏市</value>
          </Data>
          <Data name="投票区コード">
            <value>58.0</value>
          </Data>
          <Data name="投票区名">
            <value>第５８投票区</value>
          </Data>
          <Data name="掲示場住所">
            <value>篠籠田９８７番地の１</value>
          </Data>
          <Data name="経度">
            <value>139.9536897</value>
          </Data>
          <Data name="緯度">
            <value>35.8680825</value>
          </Data>
        </ExtendedData>
        <Point>
          <coordinates>
            139.9536897,35.8680825,0
          </coordinates>
        </Point>
      </Placemark>
      <Placemark>
        <name>後原第一公園</name>
        <description><![CDATA[﻿市区町村コード: 122173<br>都道府県: 千葉県<br>市町村名: 柏市<br>投票区コード: 58<br>投票区名: 第５８投票区<br>掲示場住所: 篠籠田１４９０番地の４６<br>経度: 139.9464461<br>緯度: 35.87279667]]></description>
        <styleUrl>#icon-1899-0288D1</styleUrl>
        <ExtendedData>
          <Data name="﻿市区町村コード">
            <value>122173.0</value>
          </Data>
          <Data name="都道府県">
            <value>千葉県</value>
          </Data>
          <Data name="市町村名">
            <value>柏市</value>
          </Data>
          <Data name="投票区コード">
            <value>58.0</value>
          </Data>
          <Data name="投票区名">
            <value>第５８投票区</value>
          </Data>
          <Data name="掲示場住所">
            <value>篠籠田１４９０番地の４６</value>
          </Data>
          <Data name="経度">
            <value>139.9464461</value>
          </Data>
          <Data name="緯度">
            <value>35.87279667</value>
          </Data>
        </ExtendedData>
        <Point>
          <coordinates>
            139.9464461,35.87279667,0
          </coordinates>
        </Point>
      </Placemark>
      <Placemark>
        <name>中野宅横</name>
        <description><![CDATA[﻿市区町村コード: 122173<br>都道府県: 千葉県<br>市町村名: 柏市<br>投票区コード: 58<br>投票区名: 第５８投票区<br>掲示場住所: 篠籠田１４３３番地の２<br>経度: 139.9445953<br>緯度: 35.87063528]]></description>
        <styleUrl>#icon-1899-0288D1</styleUrl>
        <ExtendedData>
          <Data name="﻿市区町村コード">
            <value>122173.0</value>
          </Data>
          <Data name="都道府県">
            <value>千葉県</value>
          </Data>
          <Data name="市町村名">
            <value>柏市</value>
          </Data>
          <Data name="投票区コード">
            <value>58.0</value>
          </Data>
          <Data name="投票区名">
            <value>第５８投票区</value>
          </Data>
          <Data name="掲示場住所">
            <value>篠籠田１４３３番地の２</value>
          </Data>
          <Data name="経度">
            <value>139.9445953</value>
          </Data>
          <Data name="緯度">
            <value>35.87063528</value>
          </Data>
        </ExtendedData>
        <Point>
          <coordinates>
            139.9445953,35.87063528,0
          </coordinates>
        </Point>
      </Placemark>
      <Placemark>
        <name>柏市立柏第三中学校西側</name>
        <description><![CDATA[﻿市区町村コード: 122173<br>都道府県: 千葉県<br>市町村名: 柏市<br>投票区コード: 58<br>投票区名: 第５８投票区<br>掲示場住所: 篠籠田９８７番地の１<br>経度: 139.9525758<br>緯度: 35.86691722]]></description>
        <styleUrl>#icon-1899-0288D1</styleUrl>
        <ExtendedData>
          <Data name="﻿市区町村コード">
            <value>122173.0</value>
          </Data>
          <Data name="都道府県">
            <value>千葉県</value>
          </Data>
          <Data name="市町村名">
            <value>柏市</value>
          </Data>
          <Data name="投票区コード">
            <value>58.0</value>
          </Data>
          <Data name="投票区名">
            <value>第５８投票区</value>
          </Data>
          <Data name="掲示場住所">
            <value>篠籠田９８７番地の１</value>
          </Data>
          <Data name="経度">
            <value>139.9525758</value>
          </Data>
          <Data name="緯度">
            <value>35.86691722</value>
          </Data>
        </ExtendedData>
        <Point>
          <coordinates>
            139.9525758,35.86691722,0
          </coordinates>
        </Point>
      </Placemark>
      <Placemark>
        <name>鏑木宅脇</name>
        <description><![CDATA[﻿市区町村コード: 122173<br>都道府県: 千葉県<br>市町村名: 柏市<br>投票区コード: 59<br>投票区名: 第５９投票区<br>掲示場住所: 十余二５７４番地の１５９<br>経度: 139.9298842<br>緯度: 35.9058375]]></description>
        <styleUrl>#icon-1899-0288D1</styleUrl>
        <ExtendedData>
          <Data name="﻿市区町村コード">
            <value>122173.0</value>
          </Data>
          <Data name="都道府県">
            <value>千葉県</value>
          </Data>
          <Data name="市町村名">
            <value>柏市</value>
          </Data>
          <Data name="投票区コード">
            <value>59.0</value>
          </Data>
          <Data name="投票区名">
            <value>第５９投票区</value>
          </Data>
          <Data name="掲示場住所">
            <value>十余二５７４番地の１５９</value>
          </Data>
          <Data name="経度">
            <value>139.9298842</value>
          </Data>
          <Data name="緯度">
            <value>35.9058375</value>
          </Data>
        </ExtendedData>
        <Point>
          <coordinates>
            139.9298842,35.9058375,0
          </coordinates>
        </Point>
      </Placemark>
      <Placemark>
        <name>緑町第二公園</name>
        <description><![CDATA[﻿市区町村コード: 122173<br>都道府県: 千葉県<br>市町村名: 柏市<br>投票区コード: 59<br>投票区名: 第５９投票区<br>掲示場住所: 伊勢原一丁目４番<br>経度: 139.926625<br>緯度: 35.90313722]]></description>
        <styleUrl>#icon-1899-0288D1</styleUrl>
        <ExtendedData>
          <Data name="﻿市区町村コード">
            <value>122173.0</value>
          </Data>
          <Data name="都道府県">
            <value>千葉県</value>
          </Data>
          <Data name="市町村名">
            <value>柏市</value>
          </Data>
          <Data name="投票区コード">
            <value>59.0</value>
          </Data>
          <Data name="投票区名">
            <value>第５９投票区</value>
          </Data>
          <Data name="掲示場住所">
            <value>伊勢原一丁目４番</value>
          </Data>
          <Data name="経度">
            <value>139.926625</value>
          </Data>
          <Data name="緯度">
            <value>35.90313722</value>
          </Data>
        </ExtendedData>
        <Point>
          <coordinates>
            139.926625,35.90313722,0
          </coordinates>
        </Point>
      </Placemark>
      <Placemark>
        <name>緑町第一公園</name>
        <description><![CDATA[﻿市区町村コード: 122173<br>都道府県: 千葉県<br>市町村名: 柏市<br>投票区コード: 59<br>投票区名: 第５９投票区<br>掲示場住所: みどり台四丁目９番<br>経度: 139.9241508<br>緯度: 35.904335]]></description>
        <styleUrl>#icon-1899-0288D1</styleUrl>
        <ExtendedData>
          <Data name="﻿市区町村コード">
            <value>122173.0</value>
          </Data>
          <Data name="都道府県">
            <value>千葉県</value>
          </Data>
          <Data name="市町村名">
            <value>柏市</value>
          </Data>
          <Data name="投票区コード">
            <value>59.0</value>
          </Data>
          <Data name="投票区名">
            <value>第５９投票区</value>
          </Data>
          <Data name="掲示場住所">
            <value>みどり台四丁目９番</value>
          </Data>
          <Data name="経度">
            <value>139.9241508</value>
          </Data>
          <Data name="緯度">
            <value>35.904335</value>
          </Data>
        </ExtendedData>
        <Point>
          <coordinates>
            139.9241508,35.904335,0
          </coordinates>
        </Point>
      </Placemark>
      <Placemark>
        <name>新青田第一公園</name>
        <description><![CDATA[﻿市区町村コード: 122173<br>都道府県: 千葉県<br>市町村名: 柏市<br>投票区コード: 59<br>投票区名: 第５９投票区<br>掲示場住所: みどり台四丁目１番<br>経度: 139.9219286<br>緯度: 35.90282417]]></description>
        <styleUrl>#icon-1899-0288D1</styleUrl>
        <ExtendedData>
          <Data name="﻿市区町村コード">
            <value>122173.0</value>
          </Data>
          <Data name="都道府県">
            <value>千葉県</value>
          </Data>
          <Data name="市町村名">
            <value>柏市</value>
          </Data>
          <Data name="投票区コード">
            <value>59.0</value>
          </Data>
          <Data name="投票区名">
            <value>第５９投票区</value>
          </Data>
          <Data name="掲示場住所">
            <value>みどり台四丁目１番</value>
          </Data>
          <Data name="経度">
            <value>139.9219286</value>
          </Data>
          <Data name="緯度">
            <value>35.90282417</value>
          </Data>
        </ExtendedData>
        <Point>
          <coordinates>
            139.9219286,35.90282417,0
          </coordinates>
        </Point>
      </Placemark>
      <Placemark>
        <name>緑町第三公園</name>
        <description><![CDATA[﻿市区町村コード: 122173<br>都道府県: 千葉県<br>市町村名: 柏市<br>投票区コード: 59<br>投票区名: 第５９投票区<br>掲示場住所: みどり台四丁目２４番<br>経度: 139.9277028<br>緯度: 35.90453694]]></description>
        <styleUrl>#icon-1899-0288D1</styleUrl>
        <ExtendedData>
          <Data name="﻿市区町村コード">
            <value>122173.0</value>
          </Data>
          <Data name="都道府県">
            <value>千葉県</value>
          </Data>
          <Data name="市町村名">
            <value>柏市</value>
          </Data>
          <Data name="投票区コード">
            <value>59.0</value>
          </Data>
          <Data name="投票区名">
            <value>第５９投票区</value>
          </Data>
          <Data name="掲示場住所">
            <value>みどり台四丁目２４番</value>
          </Data>
          <Data name="経度">
            <value>139.9277028</value>
          </Data>
          <Data name="緯度">
            <value>35.90453694</value>
          </Data>
        </ExtendedData>
        <Point>
          <coordinates>
            139.9277028,35.90453694,0
          </coordinates>
        </Point>
      </Placemark>
      <Placemark>
        <name>伊勢原第一公園</name>
        <description><![CDATA[﻿市区町村コード: 122173<br>都道府県: 千葉県<br>市町村名: 柏市<br>投票区コード: 59<br>投票区名: 第５９投票区<br>掲示場住所: 伊勢原一丁目１３番<br>経度: 139.9297142<br>緯度: 35.90199361]]></description>
        <styleUrl>#icon-1899-0288D1</styleUrl>
        <ExtendedData>
          <Data name="﻿市区町村コード">
            <value>122173.0</value>
          </Data>
          <Data name="都道府県">
            <value>千葉県</value>
          </Data>
          <Data name="市町村名">
            <value>柏市</value>
          </Data>
          <Data name="投票区コード">
            <value>59.0</value>
          </Data>
          <Data name="投票区名">
            <value>第５９投票区</value>
          </Data>
          <Data name="掲示場住所">
            <value>伊勢原一丁目１３番</value>
          </Data>
          <Data name="経度">
            <value>139.9297142</value>
          </Data>
          <Data name="緯度">
            <value>35.90199361</value>
          </Data>
        </ExtendedData>
        <Point>
          <coordinates>
            139.9297142,35.90199361,0
          </coordinates>
        </Point>
      </Placemark>
      <Placemark>
        <name>猪尻第一公園</name>
        <description><![CDATA[﻿市区町村コード: 122173<br>都道府県: 千葉県<br>市町村名: 柏市<br>投票区コード: 59<br>投票区名: 第５９投票区<br>掲示場住所: みどり台二丁目１５番<br>経度: 139.9195256<br>緯度: 35.90306056]]></description>
        <styleUrl>#icon-1899-0288D1</styleUrl>
        <ExtendedData>
          <Data name="﻿市区町村コード">
            <value>122173.0</value>
          </Data>
          <Data name="都道府県">
            <value>千葉県</value>
          </Data>
          <Data name="市町村名">
            <value>柏市</value>
          </Data>
          <Data name="投票区コード">
            <value>59.0</value>
          </Data>
          <Data name="投票区名">
            <value>第５９投票区</value>
          </Data>
          <Data name="掲示場住所">
            <value>みどり台二丁目１５番</value>
          </Data>
          <Data name="経度">
            <value>139.9195256</value>
          </Data>
          <Data name="緯度">
            <value>35.90306056</value>
          </Data>
        </ExtendedData>
        <Point>
          <coordinates>
            139.9195256,35.90306056,0
          </coordinates>
        </Point>
      </Placemark>
      <Placemark>
        <name>みどり台第一公園</name>
        <description><![CDATA[﻿市区町村コード: 122173<br>都道府県: 千葉県<br>市町村名: 柏市<br>投票区コード: 59<br>投票区名: 第５９投票区<br>掲示場住所: みどり台二丁目２１番<br>経度: 139.9214986<br>緯度: 35.90495972]]></description>
        <styleUrl>#icon-1899-0288D1</styleUrl>
        <ExtendedData>
          <Data name="﻿市区町村コード">
            <value>122173.0</value>
          </Data>
          <Data name="都道府県">
            <value>千葉県</value>
          </Data>
          <Data name="市町村名">
            <value>柏市</value>
          </Data>
          <Data name="投票区コード">
            <value>59.0</value>
          </Data>
          <Data name="投票区名">
            <value>第５９投票区</value>
          </Data>
          <Data name="掲示場住所">
            <value>みどり台二丁目２１番</value>
          </Data>
          <Data name="経度">
            <value>139.9214986</value>
          </Data>
          <Data name="緯度">
            <value>35.90495972</value>
          </Data>
        </ExtendedData>
        <Point>
          <coordinates>
            139.9214986,35.90495972,0
          </coordinates>
        </Point>
      </Placemark>
      <Placemark>
        <name>伊勢原ふるさと公園</name>
        <description><![CDATA[﻿市区町村コード: 122173<br>都道府県: 千葉県<br>市町村名: 柏市<br>投票区コード: 59<br>投票区名: 第５９投票区<br>掲示場住所: 伊勢原一丁目３番地２８<br>経度: 139.9282889<br>緯度: 35.90249528]]></description>
        <styleUrl>#icon-1899-0288D1</styleUrl>
        <ExtendedData>
          <Data name="﻿市区町村コード">
            <value>122173.0</value>
          </Data>
          <Data name="都道府県">
            <value>千葉県</value>
          </Data>
          <Data name="市町村名">
            <value>柏市</value>
          </Data>
          <Data name="投票区コード">
            <value>59.0</value>
          </Data>
          <Data name="投票区名">
            <value>第５９投票区</value>
          </Data>
          <Data name="掲示場住所">
            <value>伊勢原一丁目３番地２８</value>
          </Data>
          <Data name="経度">
            <value>139.9282889</value>
          </Data>
          <Data name="緯度">
            <value>35.90249528</value>
          </Data>
        </ExtendedData>
        <Point>
          <coordinates>
            139.9282889,35.90249528,0
          </coordinates>
        </Point>
      </Placemark>
      <Placemark>
        <name>柏市立十余二小学校正門横</name>
        <description><![CDATA[﻿市区町村コード: 122173<br>都道府県: 千葉県<br>市町村名: 柏市<br>投票区コード: 60<br>投票区名: 第６０投票区<br>掲示場住所: 柏の葉四丁目４－１<br>経度: 139.9332131<br>緯度: 35.89829389]]></description>
        <styleUrl>#icon-1899-0288D1</styleUrl>
        <ExtendedData>
          <Data name="﻿市区町村コード">
            <value>122173.0</value>
          </Data>
          <Data name="都道府県">
            <value>千葉県</value>
          </Data>
          <Data name="市町村名">
            <value>柏市</value>
          </Data>
          <Data name="投票区コード">
            <value>60.0</value>
          </Data>
          <Data name="投票区名">
            <value>第６０投票区</value>
          </Data>
          <Data name="掲示場住所">
            <value>柏の葉四丁目４－１</value>
          </Data>
          <Data name="経度">
            <value>139.9332131</value>
          </Data>
          <Data name="緯度">
            <value>35.89829389</value>
          </Data>
        </ExtendedData>
        <Point>
          <coordinates>
            139.9332131,35.89829389,0
          </coordinates>
        </Point>
      </Placemark>
      <Placemark>
        <name>『柏の葉公園』バス停横</name>
        <description><![CDATA[﻿市区町村コード: 122173<br>都道府県: 千葉県<br>市町村名: 柏市<br>投票区コード: 60<br>投票区名: 第６０投票区<br>掲示場住所: 柏の葉四丁目４００－２<br>経度: 139.9326917<br>緯度: 35.89768361]]></description>
        <styleUrl>#icon-1899-0288D1</styleUrl>
        <ExtendedData>
          <Data name="﻿市区町村コード">
            <value>122173.0</value>
          </Data>
          <Data name="都道府県">
            <value>千葉県</value>
          </Data>
          <Data name="市町村名">
            <value>柏市</value>
          </Data>
          <Data name="投票区コード">
            <value>60.0</value>
          </Data>
          <Data name="投票区名">
            <value>第６０投票区</value>
          </Data>
          <Data name="掲示場住所">
            <value>柏の葉四丁目４００－２</value>
          </Data>
          <Data name="経度">
            <value>139.9326917</value>
          </Data>
          <Data name="緯度">
            <value>35.89768361</value>
          </Data>
        </ExtendedData>
        <Point>
          <coordinates>
            139.9326917,35.89768361,0
          </coordinates>
        </Point>
      </Placemark>
      <Placemark>
        <name>『柏の葉公園中央』バス停横</name>
        <description><![CDATA[﻿市区町村コード: 122173<br>都道府県: 千葉県<br>市町村名: 柏市<br>投票区コード: 60<br>投票区名: 第６０投票区<br>掲示場住所: 柏の葉四丁目１番<br>経度: 139.9423533<br>緯度: 35.89490889]]></description>
        <styleUrl>#icon-1899-0288D1</styleUrl>
        <ExtendedData>
          <Data name="﻿市区町村コード">
            <value>122173.0</value>
          </Data>
          <Data name="都道府県">
            <value>千葉県</value>
          </Data>
          <Data name="市町村名">
            <value>柏市</value>
          </Data>
          <Data name="投票区コード">
            <value>60.0</value>
          </Data>
          <Data name="投票区名">
            <value>第６０投票区</value>
          </Data>
          <Data name="掲示場住所">
            <value>柏の葉四丁目１番</value>
          </Data>
          <Data name="経度">
            <value>139.9423533</value>
          </Data>
          <Data name="緯度">
            <value>35.89490889</value>
          </Data>
        </ExtendedData>
        <Point>
          <coordinates>
            139.9423533,35.89490889,0
          </coordinates>
        </Point>
      </Placemark>
      <Placemark>
        <name>『柏の葉高校前』バス停横</name>
        <description><![CDATA[﻿市区町村コード: 122173<br>都道府県: 千葉県<br>市町村名: 柏市<br>投票区コード: 60<br>投票区名: 第６０投票区<br>掲示場住所: 柏の葉六丁目１番<br>経度: 139.9442658<br>緯度: 35.89152667]]></description>
        <styleUrl>#icon-1899-0288D1</styleUrl>
        <ExtendedData>
          <Data name="﻿市区町村コード">
            <value>122173.0</value>
          </Data>
          <Data name="都道府県">
            <value>千葉県</value>
          </Data>
          <Data name="市町村名">
            <value>柏市</value>
          </Data>
          <Data name="投票区コード">
            <value>60.0</value>
          </Data>
          <Data name="投票区名">
            <value>第６０投票区</value>
          </Data>
          <Data name="掲示場住所">
            <value>柏の葉六丁目１番</value>
          </Data>
          <Data name="経度">
            <value>139.9442658</value>
          </Data>
          <Data name="緯度">
            <value>35.89152667</value>
          </Data>
        </ExtendedData>
        <Point>
          <coordinates>
            139.9442658,35.89152667,0
          </coordinates>
        </Point>
      </Placemark>
      <Placemark>
        <name>『柏の葉公園住宅前』バス停横</name>
        <description><![CDATA[﻿市区町村コード: 122173<br>都道府県: 千葉県<br>市町村名: 柏市<br>投票区コード: 60<br>投票区名: 第６０投票区<br>掲示場住所: 柏の葉４丁目１番<br>経度: 139.9379592<br>緯度: 35.89276083]]></description>
        <styleUrl>#icon-1899-0288D1</styleUrl>
        <ExtendedData>
          <Data name="﻿市区町村コード">
            <value>122173.0</value>
          </Data>
          <Data name="都道府県">
            <value>千葉県</value>
          </Data>
          <Data name="市町村名">
            <value>柏市</value>
          </Data>
          <Data name="投票区コード">
            <value>60.0</value>
          </Data>
          <Data name="投票区名">
            <value>第６０投票区</value>
          </Data>
          <Data name="掲示場住所">
            <value>柏の葉４丁目１番</value>
          </Data>
          <Data name="経度">
            <value>139.9379592</value>
          </Data>
          <Data name="緯度">
            <value>35.89276083</value>
          </Data>
        </ExtendedData>
        <Point>
          <coordinates>
            139.9379592,35.89276083,0
          </coordinates>
        </Point>
      </Placemark>
      <Placemark>
        <name>ひかり隣保館正門横</name>
        <description><![CDATA[﻿市区町村コード: 122173<br>都道府県: 千葉県<br>市町村名: 柏市<br>投票区コード: 60<br>投票区名: 第６０投票区<br>掲示場住所: 十余二１７５番地<br>経度: 139.9397833<br>緯度: 35.88806944]]></description>
        <styleUrl>#icon-1899-0288D1</styleUrl>
        <ExtendedData>
          <Data name="﻿市区町村コード">
            <value>122173.0</value>
          </Data>
          <Data name="都道府県">
            <value>千葉県</value>
          </Data>
          <Data name="市町村名">
            <value>柏市</value>
          </Data>
          <Data name="投票区コード">
            <value>60.0</value>
          </Data>
          <Data name="投票区名">
            <value>第６０投票区</value>
          </Data>
          <Data name="掲示場住所">
            <value>十余二１７５番地</value>
          </Data>
          <Data name="経度">
            <value>139.9397833</value>
          </Data>
          <Data name="緯度">
            <value>35.88806944</value>
          </Data>
        </ExtendedData>
        <Point>
          <coordinates>
            139.9397833,35.88806944,0
          </coordinates>
        </Point>
      </Placemark>
      <Placemark>
        <name>中十余二第一公園</name>
        <description><![CDATA[﻿市区町村コード: 122173<br>都道府県: 千葉県<br>市町村名: 柏市<br>投票区コード: 60<br>投票区名: 第６０投票区<br>掲示場住所: 柏の葉１丁目１０番<br>経度: 139.9422578<br>緯度: 35.89117389]]></description>
        <styleUrl>#icon-1899-0288D1</styleUrl>
        <ExtendedData>
          <Data name="﻿市区町村コード">
            <value>122173.0</value>
          </Data>
          <Data name="都道府県">
            <value>千葉県</value>
          </Data>
          <Data name="市町村名">
            <value>柏市</value>
          </Data>
          <Data name="投票区コード">
            <value>60.0</value>
          </Data>
          <Data name="投票区名">
            <value>第６０投票区</value>
          </Data>
          <Data name="掲示場住所">
            <value>柏の葉１丁目１０番</value>
          </Data>
          <Data name="経度">
            <value>139.9422578</value>
          </Data>
          <Data name="緯度">
            <value>35.89117389</value>
          </Data>
        </ExtendedData>
        <Point>
          <coordinates>
            139.9422578,35.89117389,0
          </coordinates>
        </Point>
      </Placemark>
      <Placemark>
        <name>中十余二第二公園</name>
        <description><![CDATA[﻿市区町村コード: 122173<br>都道府県: 千葉県<br>市町村名: 柏市<br>投票区コード: 60<br>投票区名: 第６０投票区<br>掲示場住所: 柏の葉２丁目１６番<br>経度: 139.9390189<br>緯度: 35.89164972]]></description>
        <styleUrl>#icon-1899-0288D1</styleUrl>
        <ExtendedData>
          <Data name="﻿市区町村コード">
            <value>122173.0</value>
          </Data>
          <Data name="都道府県">
            <value>千葉県</value>
          </Data>
          <Data name="市町村名">
            <value>柏市</value>
          </Data>
          <Data name="投票区コード">
            <value>60.0</value>
          </Data>
          <Data name="投票区名">
            <value>第６０投票区</value>
          </Data>
          <Data name="掲示場住所">
            <value>柏の葉２丁目１６番</value>
          </Data>
          <Data name="経度">
            <value>139.9390189</value>
          </Data>
          <Data name="緯度">
            <value>35.89164972</value>
          </Data>
        </ExtendedData>
        <Point>
          <coordinates>
            139.9390189,35.89164972,0
          </coordinates>
        </Point>
      </Placemark>
      <Placemark>
        <name>湯浅商店脇</name>
        <description><![CDATA[﻿市区町村コード: 122173<br>都道府県: 千葉県<br>市町村名: 柏市<br>投票区コード: 61<br>投票区名: 第６１投票区<br>掲示場住所: 布瀬１６５５番地の１<br>経度: 140.0917186<br>緯度: 35.84034833]]></description>
        <styleUrl>#icon-1899-0288D1</styleUrl>
        <ExtendedData>
          <Data name="﻿市区町村コード">
            <value>122173.0</value>
          </Data>
          <Data name="都道府県">
            <value>千葉県</value>
          </Data>
          <Data name="市町村名">
            <value>柏市</value>
          </Data>
          <Data name="投票区コード">
            <value>61.0</value>
          </Data>
          <Data name="投票区名">
            <value>第６１投票区</value>
          </Data>
          <Data name="掲示場住所">
            <value>布瀬１６５５番地の１</value>
          </Data>
          <Data name="経度">
            <value>140.0917186</value>
          </Data>
          <Data name="緯度">
            <value>35.84034833</value>
          </Data>
        </ExtendedData>
        <Point>
          <coordinates>
            140.0917186,35.84034833,0
          </coordinates>
        </Point>
      </Placemark>
      <Placemark>
        <name>布瀬バス回転場</name>
        <description><![CDATA[﻿市区町村コード: 122173<br>都道府県: 千葉県<br>市町村名: 柏市<br>投票区コード: 61<br>投票区名: 第６１投票区<br>掲示場住所: 布瀬１６２６番地<br>経度: 140.0896786<br>緯度: 35.83835861]]></description>
        <styleUrl>#icon-1899-0288D1</styleUrl>
        <ExtendedData>
          <Data name="﻿市区町村コード">
            <value>122173.0</value>
          </Data>
          <Data name="都道府県">
            <value>千葉県</value>
          </Data>
          <Data name="市町村名">
            <value>柏市</value>
          </Data>
          <Data name="投票区コード">
            <value>61.0</value>
          </Data>
          <Data name="投票区名">
            <value>第６１投票区</value>
          </Data>
          <Data name="掲示場住所">
            <value>布瀬１６２６番地</value>
          </Data>
          <Data name="経度">
            <value>140.0896786</value>
          </Data>
          <Data name="緯度">
            <value>35.83835861</value>
          </Data>
        </ExtendedData>
        <Point>
          <coordinates>
            140.0896786,35.83835861,0
          </coordinates>
        </Point>
      </Placemark>
      <Placemark>
        <name>『新堀』バス停脇</name>
        <description><![CDATA[﻿市区町村コード: 122173<br>都道府県: 千葉県<br>市町村名: 柏市<br>投票区コード: 61<br>投票区名: 第６１投票区<br>掲示場住所: 布瀬６１６番地の１<br>経度: 140.08735<br>緯度: 35.83517194]]></description>
        <styleUrl>#icon-1899-0288D1</styleUrl>
        <ExtendedData>
          <Data name="﻿市区町村コード">
            <value>122173.0</value>
          </Data>
          <Data name="都道府県">
            <value>千葉県</value>
          </Data>
          <Data name="市町村名">
            <value>柏市</value>
          </Data>
          <Data name="投票区コード">
            <value>61.0</value>
          </Data>
          <Data name="投票区名">
            <value>第６１投票区</value>
          </Data>
          <Data name="掲示場住所">
            <value>布瀬６１６番地の１</value>
          </Data>
          <Data name="経度">
            <value>140.08735</value>
          </Data>
          <Data name="緯度">
            <value>35.83517194</value>
          </Data>
        </ExtendedData>
        <Point>
          <coordinates>
            140.08735,35.83517194,0
          </coordinates>
        </Point>
      </Placemark>
      <Placemark>
        <name>柏市立手賀東小学校正門横</name>
        <description><![CDATA[﻿市区町村コード: 122173<br>都道府県: 千葉県<br>市町村名: 柏市<br>投票区コード: 61<br>投票区名: 第６１投票区<br>掲示場住所: 手賀４８０－５<br>経度: 140.078205<br>緯度: 35.83964417]]></description>
        <styleUrl>#icon-1899-0288D1</styleUrl>
        <ExtendedData>
          <Data name="﻿市区町村コード">
            <value>122173.0</value>
          </Data>
          <Data name="都道府県">
            <value>千葉県</value>
          </Data>
          <Data name="市町村名">
            <value>柏市</value>
          </Data>
          <Data name="投票区コード">
            <value>61.0</value>
          </Data>
          <Data name="投票区名">
            <value>第６１投票区</value>
          </Data>
          <Data name="掲示場住所">
            <value>手賀４８０－５</value>
          </Data>
          <Data name="経度">
            <value>140.078205</value>
          </Data>
          <Data name="緯度">
            <value>35.83964417</value>
          </Data>
        </ExtendedData>
        <Point>
          <coordinates>
            140.078205,35.83964417,0
          </coordinates>
        </Point>
      </Placemark>
      <Placemark>
        <name>八幡神社前</name>
        <description><![CDATA[﻿市区町村コード: 122173<br>都道府県: 千葉県<br>市町村名: 柏市<br>投票区コード: 61<br>投票区名: 第６１投票区<br>掲示場住所: 手賀１４１８番地の１<br>経度: 140.0708053<br>緯度: 35.83896944]]></description>
        <styleUrl>#icon-1899-0288D1</styleUrl>
        <ExtendedData>
          <Data name="﻿市区町村コード">
            <value>122173.0</value>
          </Data>
          <Data name="都道府県">
            <value>千葉県</value>
          </Data>
          <Data name="市町村名">
            <value>柏市</value>
          </Data>
          <Data name="投票区コード">
            <value>61.0</value>
          </Data>
          <Data name="投票区名">
            <value>第６１投票区</value>
          </Data>
          <Data name="掲示場住所">
            <value>手賀１４１８番地の１</value>
          </Data>
          <Data name="経度">
            <value>140.0708053</value>
          </Data>
          <Data name="緯度">
            <value>35.83896944</value>
          </Data>
        </ExtendedData>
        <Point>
          <coordinates>
            140.0708053,35.83896944,0
          </coordinates>
        </Point>
      </Placemark>
      <Placemark>
        <name>エネオス手賀給油所前</name>
        <description><![CDATA[﻿市区町村コード: 122173<br>都道府県: 千葉県<br>市町村名: 柏市<br>投票区コード: 61<br>投票区名: 第６１投票区<br>掲示場住所: 手賀６２６番地<br>経度: 140.0736056<br>緯度: 35.84391833]]></description>
        <styleUrl>#icon-1899-0288D1</styleUrl>
        <ExtendedData>
          <Data name="﻿市区町村コード">
            <value>122173.0</value>
          </Data>
          <Data name="都道府県">
            <value>千葉県</value>
          </Data>
          <Data name="市町村名">
            <value>柏市</value>
          </Data>
          <Data name="投票区コード">
            <value>61.0</value>
          </Data>
          <Data name="投票区名">
            <value>第６１投票区</value>
          </Data>
          <Data name="掲示場住所">
            <value>手賀６２６番地</value>
          </Data>
          <Data name="経度">
            <value>140.0736056</value>
          </Data>
          <Data name="緯度">
            <value>35.84391833</value>
          </Data>
        </ExtendedData>
        <Point>
          <coordinates>
            140.0736056,35.84391833,0
          </coordinates>
        </Point>
      </Placemark>
      <Placemark>
        <name>柴田宅前</name>
        <description><![CDATA[﻿市区町村コード: 122173<br>都道府県: 千葉県<br>市町村名: 柏市<br>投票区コード: 61<br>投票区名: 第６１投票区<br>掲示場住所: 手賀７８２番地の１<br>経度: 140.0715575<br>緯度: 35.84423944]]></description>
        <styleUrl>#icon-1899-0288D1</styleUrl>
        <ExtendedData>
          <Data name="﻿市区町村コード">
            <value>122173.0</value>
          </Data>
          <Data name="都道府県">
            <value>千葉県</value>
          </Data>
          <Data name="市町村名">
            <value>柏市</value>
          </Data>
          <Data name="投票区コード">
            <value>61.0</value>
          </Data>
          <Data name="投票区名">
            <value>第６１投票区</value>
          </Data>
          <Data name="掲示場住所">
            <value>手賀７８２番地の１</value>
          </Data>
          <Data name="経度">
            <value>140.0715575</value>
          </Data>
          <Data name="緯度">
            <value>35.84423944</value>
          </Data>
        </ExtendedData>
        <Point>
          <coordinates>
            140.0715575,35.84423944,0
          </coordinates>
        </Point>
      </Placemark>
      <Placemark>
        <name>片山児童遊園出入口右側</name>
        <description><![CDATA[﻿市区町村コード: 122173<br>都道府県: 千葉県<br>市町村名: 柏市<br>投票区コード: 61<br>投票区名: 第６１投票区<br>掲示場住所: 片山７０８番地の１<br>経度: 140.0665269<br>緯度: 35.843705]]></description>
        <styleUrl>#icon-1899-0288D1</styleUrl>
        <ExtendedData>
          <Data name="﻿市区町村コード">
            <value>122173.0</value>
          </Data>
          <Data name="都道府県">
            <value>千葉県</value>
          </Data>
          <Data name="市町村名">
            <value>柏市</value>
          </Data>
          <Data name="投票区コード">
            <value>61.0</value>
          </Data>
          <Data name="投票区名">
            <value>第６１投票区</value>
          </Data>
          <Data name="掲示場住所">
            <value>片山７０８番地の１</value>
          </Data>
          <Data name="経度">
            <value>140.0665269</value>
          </Data>
          <Data name="緯度">
            <value>35.843705</value>
          </Data>
        </ExtendedData>
        <Point>
          <coordinates>
            140.0665269,35.843705,0
          </coordinates>
        </Point>
      </Placemark>
      <Placemark>
        <name>手賀の丘公園センター向い側</name>
        <description><![CDATA[﻿市区町村コード: 122173<br>都道府県: 千葉県<br>市町村名: 柏市<br>投票区コード: 61<br>投票区名: 第６１投票区<br>掲示場住所: 片山２７９番地の１<br>経度: 140.0594606<br>緯度: 35.84079444]]></description>
        <styleUrl>#icon-1899-0288D1</styleUrl>
        <ExtendedData>
          <Data name="﻿市区町村コード">
            <value>122173.0</value>
          </Data>
          <Data name="都道府県">
            <value>千葉県</value>
          </Data>
          <Data name="市町村名">
            <value>柏市</value>
          </Data>
          <Data name="投票区コード">
            <value>61.0</value>
          </Data>
          <Data name="投票区名">
            <value>第６１投票区</value>
          </Data>
          <Data name="掲示場住所">
            <value>片山２７９番地の１</value>
          </Data>
          <Data name="経度">
            <value>140.0594606</value>
          </Data>
          <Data name="緯度">
            <value>35.84079444</value>
          </Data>
        </ExtendedData>
        <Point>
          <coordinates>
            140.0594606,35.84079444,0
          </coordinates>
        </Point>
      </Placemark>
      <Placemark>
        <name>柳戸塙子供の遊び場南側</name>
        <description><![CDATA[﻿市区町村コード: 122173<br>都道府県: 千葉県<br>市町村名: 柏市<br>投票区コード: 62<br>投票区名: 第６２投票区<br>掲示場住所: 柳戸６７５番地の２<br>経度: 140.0529203<br>緯度: 35.83638278]]></description>
        <styleUrl>#icon-1899-0288D1</styleUrl>
        <ExtendedData>
          <Data name="﻿市区町村コード">
            <value>122173.0</value>
          </Data>
          <Data name="都道府県">
            <value>千葉県</value>
          </Data>
          <Data name="市町村名">
            <value>柏市</value>
          </Data>
          <Data name="投票区コード">
            <value>62.0</value>
          </Data>
          <Data name="投票区名">
            <value>第６２投票区</value>
          </Data>
          <Data name="掲示場住所">
            <value>柳戸６７５番地の２</value>
          </Data>
          <Data name="経度">
            <value>140.0529203</value>
          </Data>
          <Data name="緯度">
            <value>35.83638278</value>
          </Data>
        </ExtendedData>
        <Point>
          <coordinates>
            140.0529203,35.83638278,0
          </coordinates>
        </Point>
      </Placemark>
      <Placemark>
        <name>モービル石油沼南泉ＳＳ店向い側</name>
        <description><![CDATA[﻿市区町村コード: 122173<br>都道府県: 千葉県<br>市町村名: 柏市<br>投票区コード: 62<br>投票区名: 第６２投票区<br>掲示場住所: 泉１３４６番地<br>経度: 140.0461828<br>緯度: 35.83771694]]></description>
        <styleUrl>#icon-1899-0288D1</styleUrl>
        <ExtendedData>
          <Data name="﻿市区町村コード">
            <value>122173.0</value>
          </Data>
          <Data name="都道府県">
            <value>千葉県</value>
          </Data>
          <Data name="市町村名">
            <value>柏市</value>
          </Data>
          <Data name="投票区コード">
            <value>62.0</value>
          </Data>
          <Data name="投票区名">
            <value>第６２投票区</value>
          </Data>
          <Data name="掲示場住所">
            <value>泉１３４６番地</value>
          </Data>
          <Data name="経度">
            <value>140.0461828</value>
          </Data>
          <Data name="緯度">
            <value>35.83771694</value>
          </Data>
        </ExtendedData>
        <Point>
          <coordinates>
            140.0461828,35.83771694,0
          </coordinates>
        </Point>
      </Placemark>
      <Placemark>
        <name>柏市立手賀西小学校正門横</name>
        <description><![CDATA[﻿市区町村コード: 122173<br>都道府県: 千葉県<br>市町村名: 柏市<br>投票区コード: 62<br>投票区名: 第６２投票区<br>掲示場住所: 泉５４４番地の１<br>経度: 140.0447611<br>緯度: 35.84052639]]></description>
        <styleUrl>#icon-1899-0288D1</styleUrl>
        <ExtendedData>
          <Data name="﻿市区町村コード">
            <value>122173.0</value>
          </Data>
          <Data name="都道府県">
            <value>千葉県</value>
          </Data>
          <Data name="市町村名">
            <value>柏市</value>
          </Data>
          <Data name="投票区コード">
            <value>62.0</value>
          </Data>
          <Data name="投票区名">
            <value>第６２投票区</value>
          </Data>
          <Data name="掲示場住所">
            <value>泉５４４番地の１</value>
          </Data>
          <Data name="経度">
            <value>140.0447611</value>
          </Data>
          <Data name="緯度">
            <value>35.84052639</value>
          </Data>
        </ExtendedData>
        <Point>
          <coordinates>
            140.0447611,35.84052639,0
          </coordinates>
        </Point>
      </Placemark>
      <Placemark>
        <name>鷲野谷青年館前</name>
        <description><![CDATA[﻿市区町村コード: 122173<br>都道府県: 千葉県<br>市町村名: 柏市<br>投票区コード: 62<br>投票区名: 第６２投票区<br>掲示場住所: 鷲野谷２番地<br>経度: 140.03869<br>緯度: 35.84787694]]></description>
        <styleUrl>#icon-1899-0288D1</styleUrl>
        <ExtendedData>
          <Data name="﻿市区町村コード">
            <value>122173.0</value>
          </Data>
          <Data name="都道府県">
            <value>千葉県</value>
          </Data>
          <Data name="市町村名">
            <value>柏市</value>
          </Data>
          <Data name="投票区コード">
            <value>62.0</value>
          </Data>
          <Data name="投票区名">
            <value>第６２投票区</value>
          </Data>
          <Data name="掲示場住所">
            <value>鷲野谷２番地</value>
          </Data>
          <Data name="経度">
            <value>140.03869</value>
          </Data>
          <Data name="緯度">
            <value>35.84787694</value>
          </Data>
        </ExtendedData>
        <Point>
          <coordinates>
            140.03869,35.84787694,0
          </coordinates>
        </Point>
      </Placemark>
      <Placemark>
        <name>小川宅前</name>
        <description><![CDATA[﻿市区町村コード: 122173<br>都道府県: 千葉県<br>市町村名: 柏市<br>投票区コード: 62<br>投票区名: 第６２投票区<br>掲示場住所: 岩井４４８番地<br>経度: 140.0342472<br>緯度: 35.85011333]]></description>
        <styleUrl>#icon-1899-0288D1</styleUrl>
        <ExtendedData>
          <Data name="﻿市区町村コード">
            <value>122173.0</value>
          </Data>
          <Data name="都道府県">
            <value>千葉県</value>
          </Data>
          <Data name="市町村名">
            <value>柏市</value>
          </Data>
          <Data name="投票区コード">
            <value>62.0</value>
          </Data>
          <Data name="投票区名">
            <value>第６２投票区</value>
          </Data>
          <Data name="掲示場住所">
            <value>岩井４４８番地</value>
          </Data>
          <Data name="経度">
            <value>140.0342472</value>
          </Data>
          <Data name="緯度">
            <value>35.85011333</value>
          </Data>
        </ExtendedData>
        <Point>
          <coordinates>
            140.0342472,35.85011333,0
          </coordinates>
        </Point>
      </Placemark>
      <Placemark>
        <name>『雉子打』バス停脇</name>
        <description><![CDATA[﻿市区町村コード: 122173<br>都道府県: 千葉県<br>市町村名: 柏市<br>投票区コード: 62<br>投票区名: 第６２投票区<br>掲示場住所: 若白毛１２０１番地の６<br>経度: 140.0199739<br>緯度: 35.84125444]]></description>
        <styleUrl>#icon-1899-0288D1</styleUrl>
        <ExtendedData>
          <Data name="﻿市区町村コード">
            <value>122173.0</value>
          </Data>
          <Data name="都道府県">
            <value>千葉県</value>
          </Data>
          <Data name="市町村名">
            <value>柏市</value>
          </Data>
          <Data name="投票区コード">
            <value>62.0</value>
          </Data>
          <Data name="投票区名">
            <value>第６２投票区</value>
          </Data>
          <Data name="掲示場住所">
            <value>若白毛１２０１番地の６</value>
          </Data>
          <Data name="経度">
            <value>140.0199739</value>
          </Data>
          <Data name="緯度">
            <value>35.84125444</value>
          </Data>
        </ExtendedData>
        <Point>
          <coordinates>
            140.0199739,35.84125444,0
          </coordinates>
        </Point>
      </Placemark>
      <Placemark>
        <name>小川塗装店西側</name>
        <description><![CDATA[﻿市区町村コード: 122173<br>都道府県: 千葉県<br>市町村名: 柏市<br>投票区コード: 62<br>投票区名: 第６２投票区<br>掲示場住所: 若白毛６６８番地の１<br>経度: 140.0274947<br>緯度: 35.83479639]]></description>
        <styleUrl>#icon-1899-0288D1</styleUrl>
        <ExtendedData>
          <Data name="﻿市区町村コード">
            <value>122173.0</value>
          </Data>
          <Data name="都道府県">
            <value>千葉県</value>
          </Data>
          <Data name="市町村名">
            <value>柏市</value>
          </Data>
          <Data name="投票区コード">
            <value>62.0</value>
          </Data>
          <Data name="投票区名">
            <value>第６２投票区</value>
          </Data>
          <Data name="掲示場住所">
            <value>若白毛６６８番地の１</value>
          </Data>
          <Data name="経度">
            <value>140.0274947</value>
          </Data>
          <Data name="緯度">
            <value>35.83479639</value>
          </Data>
        </ExtendedData>
        <Point>
          <coordinates>
            140.0274947,35.83479639,0
          </coordinates>
        </Point>
      </Placemark>
      <Placemark>
        <name>金山根古子供の遊び場前</name>
        <description><![CDATA[﻿市区町村コード: 122173<br>都道府県: 千葉県<br>市町村名: 柏市<br>投票区コード: 62<br>投票区名: 第６２投票区<br>掲示場住所: 金山４９０番地<br>経度: 140.0397494<br>緯度: 35.82556444]]></description>
        <styleUrl>#icon-1899-0288D1</styleUrl>
        <ExtendedData>
          <Data name="﻿市区町村コード">
            <value>122173.0</value>
          </Data>
          <Data name="都道府県">
            <value>千葉県</value>
          </Data>
          <Data name="市町村名">
            <value>柏市</value>
          </Data>
          <Data name="投票区コード">
            <value>62.0</value>
          </Data>
          <Data name="投票区名">
            <value>第６２投票区</value>
          </Data>
          <Data name="掲示場住所">
            <value>金山４９０番地</value>
          </Data>
          <Data name="経度">
            <value>140.0397494</value>
          </Data>
          <Data name="緯度">
            <value>35.82556444</value>
          </Data>
        </ExtendedData>
        <Point>
          <coordinates>
            140.0397494,35.82556444,0
          </coordinates>
        </Point>
      </Placemark>
      <Placemark>
        <name>沼南高校南口バス停横</name>
        <description><![CDATA[﻿市区町村コード: 122173<br>都道府県: 千葉県<br>市町村名: 柏市<br>投票区コード: 62<br>投票区名: 第６２投票区<br>掲示場住所: 若白毛１１０－５<br>経度: 140.0305231<br>緯度: 35.84289833]]></description>
        <styleUrl>#icon-1899-0288D1</styleUrl>
        <ExtendedData>
          <Data name="﻿市区町村コード">
            <value>122173.0</value>
          </Data>
          <Data name="都道府県">
            <value>千葉県</value>
          </Data>
          <Data name="市町村名">
            <value>柏市</value>
          </Data>
          <Data name="投票区コード">
            <value>62.0</value>
          </Data>
          <Data name="投票区名">
            <value>第６２投票区</value>
          </Data>
          <Data name="掲示場住所">
            <value>若白毛１１０－５</value>
          </Data>
          <Data name="経度">
            <value>140.0305231</value>
          </Data>
          <Data name="緯度">
            <value>35.84289833</value>
          </Data>
        </ExtendedData>
        <Point>
          <coordinates>
            140.0305231,35.84289833,0
          </coordinates>
        </Point>
      </Placemark>
      <Placemark>
        <name>若白毛区民会館横</name>
        <description><![CDATA[﻿市区町村コード: 122173<br>都道府県: 千葉県<br>市町村名: 柏市<br>投票区コード: 62<br>投票区名: 第６２投票区<br>掲示場住所: 若白毛７４番地<br>経度: 140.025725<br>緯度: 35.84351472]]></description>
        <styleUrl>#icon-1899-0288D1</styleUrl>
        <ExtendedData>
          <Data name="﻿市区町村コード">
            <value>122173.0</value>
          </Data>
          <Data name="都道府県">
            <value>千葉県</value>
          </Data>
          <Data name="市町村名">
            <value>柏市</value>
          </Data>
          <Data name="投票区コード">
            <value>62.0</value>
          </Data>
          <Data name="投票区名">
            <value>第６２投票区</value>
          </Data>
          <Data name="掲示場住所">
            <value>若白毛７４番地</value>
          </Data>
          <Data name="経度">
            <value>140.025725</value>
          </Data>
          <Data name="緯度">
            <value>35.84351472</value>
          </Data>
        </ExtendedData>
        <Point>
          <coordinates>
            140.025725,35.84351472,0
          </coordinates>
        </Point>
      </Placemark>
      <Placemark>
        <name>箕輪区民会館東側</name>
        <description><![CDATA[﻿市区町村コード: 122173<br>都道府県: 千葉県<br>市町村名: 柏市<br>投票区コード: 63<br>投票区名: 第６３投票区<br>掲示場住所: 箕輪２９０番地<br>経度: 140.0237681<br>緯度: 35.85167667]]></description>
        <styleUrl>#icon-1899-0288D1</styleUrl>
        <ExtendedData>
          <Data name="﻿市区町村コード">
            <value>122173.0</value>
          </Data>
          <Data name="都道府県">
            <value>千葉県</value>
          </Data>
          <Data name="市町村名">
            <value>柏市</value>
          </Data>
          <Data name="投票区コード">
            <value>63.0</value>
          </Data>
          <Data name="投票区名">
            <value>第６３投票区</value>
          </Data>
          <Data name="掲示場住所">
            <value>箕輪２９０番地</value>
          </Data>
          <Data name="経度">
            <value>140.0237681</value>
          </Data>
          <Data name="緯度">
            <value>35.85167667</value>
          </Data>
        </ExtendedData>
        <Point>
          <coordinates>
            140.0237681,35.85167667,0
          </coordinates>
        </Point>
      </Placemark>
      <Placemark>
        <name>『五條谷』バス停脇</name>
        <description><![CDATA[﻿市区町村コード: 122173<br>都道府県: 千葉県<br>市町村名: 柏市<br>投票区コード: 63<br>投票区名: 第６３投票区<br>掲示場住所: 五條谷１８７番地<br>経度: 140.0159803<br>緯度: 35.84896611]]></description>
        <styleUrl>#icon-1899-0288D1</styleUrl>
        <ExtendedData>
          <Data name="﻿市区町村コード">
            <value>122173.0</value>
          </Data>
          <Data name="都道府県">
            <value>千葉県</value>
          </Data>
          <Data name="市町村名">
            <value>柏市</value>
          </Data>
          <Data name="投票区コード">
            <value>63.0</value>
          </Data>
          <Data name="投票区名">
            <value>第６３投票区</value>
          </Data>
          <Data name="掲示場住所">
            <value>五條谷１８７番地</value>
          </Data>
          <Data name="経度">
            <value>140.0159803</value>
          </Data>
          <Data name="緯度">
            <value>35.84896611</value>
          </Data>
        </ExtendedData>
        <Point>
          <coordinates>
            140.0159803,35.84896611,0
          </coordinates>
        </Point>
      </Placemark>
      <Placemark>
        <name>柏市岩井水源地前</name>
        <description><![CDATA[﻿市区町村コード: 122173<br>都道府県: 千葉県<br>市町村名: 柏市<br>投票区コード: 63<br>投票区名: 第６３投票区<br>掲示場住所: 岩井８０２番地の４<br>経度: 140.0146503<br>緯度: 35.843545]]></description>
        <styleUrl>#icon-1899-0288D1</styleUrl>
        <ExtendedData>
          <Data name="﻿市区町村コード">
            <value>122173.0</value>
          </Data>
          <Data name="都道府県">
            <value>千葉県</value>
          </Data>
          <Data name="市町村名">
            <value>柏市</value>
          </Data>
          <Data name="投票区コード">
            <value>63.0</value>
          </Data>
          <Data name="投票区名">
            <value>第６３投票区</value>
          </Data>
          <Data name="掲示場住所">
            <value>岩井８０２番地の４</value>
          </Data>
          <Data name="経度">
            <value>140.0146503</value>
          </Data>
          <Data name="緯度">
            <value>35.843545</value>
          </Data>
        </ExtendedData>
        <Point>
          <coordinates>
            140.0146503,35.843545,0
          </coordinates>
        </Point>
      </Placemark>
      <Placemark>
        <name>柏市沼南庁舎駐車場植え込み</name>
        <description><![CDATA[﻿市区町村コード: 122173<br>都道府県: 千葉県<br>市町村名: 柏市<br>投票区コード: 63<br>投票区名: 第６３投票区<br>掲示場住所: 大島田４８番地の１<br>経度: 140.0081889<br>緯度: 35.84161667]]></description>
        <styleUrl>#icon-1899-0288D1</styleUrl>
        <ExtendedData>
          <Data name="﻿市区町村コード">
            <value>122173.0</value>
          </Data>
          <Data name="都道府県">
            <value>千葉県</value>
          </Data>
          <Data name="市町村名">
            <value>柏市</value>
          </Data>
          <Data name="投票区コード">
            <value>63.0</value>
          </Data>
          <Data name="投票区名">
            <value>第６３投票区</value>
          </Data>
          <Data name="掲示場住所">
            <value>大島田４８番地の１</value>
          </Data>
          <Data name="経度">
            <value>140.0081889</value>
          </Data>
          <Data name="緯度">
            <value>35.84161667</value>
          </Data>
        </ExtendedData>
        <Point>
          <coordinates>
            140.0081889,35.84161667,0
          </coordinates>
        </Point>
      </Placemark>
      <Placemark>
        <name>柏市沼南庁舎バス乗継場北側</name>
        <description><![CDATA[﻿市区町村コード: 122173<br>都道府県: 千葉県<br>市町村名: 柏市<br>投票区コード: 63<br>投票区名: 第６３投票区<br>掲示場住所: 大島田２５番地<br>経度: 140.0073694<br>緯度: 35.84210111]]></description>
        <styleUrl>#icon-1899-0288D1</styleUrl>
        <ExtendedData>
          <Data name="﻿市区町村コード">
            <value>122173.0</value>
          </Data>
          <Data name="都道府県">
            <value>千葉県</value>
          </Data>
          <Data name="市町村名">
            <value>柏市</value>
          </Data>
          <Data name="投票区コード">
            <value>63.0</value>
          </Data>
          <Data name="投票区名">
            <value>第６３投票区</value>
          </Data>
          <Data name="掲示場住所">
            <value>大島田２５番地</value>
          </Data>
          <Data name="経度">
            <value>140.0073694</value>
          </Data>
          <Data name="緯度">
            <value>35.84210111</value>
          </Data>
        </ExtendedData>
        <Point>
          <coordinates>
            140.0073694,35.84210111,0
          </coordinates>
        </Point>
      </Placemark>
      <Placemark>
        <name>手賀の杜中央公園</name>
        <description><![CDATA[﻿市区町村コード: 122173<br>都道府県: 千葉県<br>市町村名: 柏市<br>投票区コード: 63<br>投票区名: 第６３投票区<br>掲示場住所: 手賀の杜３丁目２９－５<br>経度: 140.0267316<br>緯度: 35.8460722]]></description>
        <styleUrl>#icon-1899-0288D1</styleUrl>
        <ExtendedData>
          <Data name="﻿市区町村コード">
            <value>122173.0</value>
          </Data>
          <Data name="都道府県">
            <value>千葉県</value>
          </Data>
          <Data name="市町村名">
            <value>柏市</value>
          </Data>
          <Data name="投票区コード">
            <value>63.0</value>
          </Data>
          <Data name="投票区名">
            <value>第６３投票区</value>
          </Data>
          <Data name="掲示場住所">
            <value>手賀の杜３丁目２９－５</value>
          </Data>
          <Data name="経度">
            <value>140.0267316</value>
          </Data>
          <Data name="緯度">
            <value>35.8460722</value>
          </Data>
        </ExtendedData>
        <Point>
          <coordinates>
            140.0267316,35.8460722,0
          </coordinates>
        </Point>
      </Placemark>
      <Placemark>
        <name>柏市学校給食センター進入路</name>
        <description><![CDATA[﻿市区町村コード: 122173<br>都道府県: 千葉県<br>市町村名: 柏市<br>投票区コード: 63<br>投票区名: 第６３投票区<br>掲示場住所: 大島田３０５番地<br>経度: 140.0052136<br>緯度: 35.84039806]]></description>
        <styleUrl>#icon-1899-0288D1</styleUrl>
        <ExtendedData>
          <Data name="﻿市区町村コード">
            <value>122173.0</value>
          </Data>
          <Data name="都道府県">
            <value>千葉県</value>
          </Data>
          <Data name="市町村名">
            <value>柏市</value>
          </Data>
          <Data name="投票区コード">
            <value>63.0</value>
          </Data>
          <Data name="投票区名">
            <value>第６３投票区</value>
          </Data>
          <Data name="掲示場住所">
            <value>大島田３０５番地</value>
          </Data>
          <Data name="経度">
            <value>140.0052136</value>
          </Data>
          <Data name="緯度">
            <value>35.84039806</value>
          </Data>
        </ExtendedData>
        <Point>
          <coordinates>
            140.0052136,35.84039806,0
          </coordinates>
        </Point>
      </Placemark>
      <Placemark>
        <name>手賀の杜スポーツ広場西側</name>
        <description><![CDATA[﻿市区町村コード: 122173<br>都道府県: 千葉県<br>市町村名: 柏市<br>投票区コード: 63<br>投票区名: 第６３投票区<br>掲示場住所: 手賀の杜二丁目1番1号<br>経度: 140.0288564<br>緯度: 35.85098917]]></description>
        <styleUrl>#icon-1899-0288D1</styleUrl>
        <ExtendedData>
          <Data name="﻿市区町村コード">
            <value>122173.0</value>
          </Data>
          <Data name="都道府県">
            <value>千葉県</value>
          </Data>
          <Data name="市町村名">
            <value>柏市</value>
          </Data>
          <Data name="投票区コード">
            <value>63.0</value>
          </Data>
          <Data name="投票区名">
            <value>第６３投票区</value>
          </Data>
          <Data name="掲示場住所">
            <value>手賀の杜二丁目1番1号</value>
          </Data>
          <Data name="経度">
            <value>140.0288564</value>
          </Data>
          <Data name="緯度">
            <value>35.85098917</value>
          </Data>
        </ExtendedData>
        <Point>
          <coordinates>
            140.0288564,35.85098917,0
          </coordinates>
        </Point>
      </Placemark>
      <Placemark>
        <name>手賀沼自然ふれあい緑道休憩所</name>
        <description><![CDATA[﻿市区町村コード: 122173<br>都道府県: 千葉県<br>市町村名: 柏市<br>投票区コード: 64<br>投票区名: 第６４投票区<br>掲示場住所: 大井１６４１番地<br>経度: 140.0028944<br>緯度: 35.85817611]]></description>
        <styleUrl>#icon-1899-0288D1</styleUrl>
        <ExtendedData>
          <Data name="﻿市区町村コード">
            <value>122173.0</value>
          </Data>
          <Data name="都道府県">
            <value>千葉県</value>
          </Data>
          <Data name="市町村名">
            <value>柏市</value>
          </Data>
          <Data name="投票区コード">
            <value>64.0</value>
          </Data>
          <Data name="投票区名">
            <value>第６４投票区</value>
          </Data>
          <Data name="掲示場住所">
            <value>大井１６４１番地</value>
          </Data>
          <Data name="経度">
            <value>140.0028944</value>
          </Data>
          <Data name="緯度">
            <value>35.85817611</value>
          </Data>
        </ExtendedData>
        <Point>
          <coordinates>
            140.0028944,35.85817611,0
          </coordinates>
        </Point>
      </Placemark>
      <Placemark>
        <name>みどり台公園南側</name>
        <description><![CDATA[﻿市区町村コード: 122173<br>都道府県: 千葉県<br>市町村名: 柏市<br>投票区コード: 64<br>投票区名: 第６４投票区<br>掲示場住所: 緑台６番<br>経度: 140.0082631<br>緯度: 35.84792056]]></description>
        <styleUrl>#icon-1899-0288D1</styleUrl>
        <ExtendedData>
          <Data name="﻿市区町村コード">
            <value>122173.0</value>
          </Data>
          <Data name="都道府県">
            <value>千葉県</value>
          </Data>
          <Data name="市町村名">
            <value>柏市</value>
          </Data>
          <Data name="投票区コード">
            <value>64.0</value>
          </Data>
          <Data name="投票区名">
            <value>第６４投票区</value>
          </Data>
          <Data name="掲示場住所">
            <value>緑台６番</value>
          </Data>
          <Data name="経度">
            <value>140.0082631</value>
          </Data>
          <Data name="緯度">
            <value>35.84792056</value>
          </Data>
        </ExtendedData>
        <Point>
          <coordinates>
            140.0082631,35.84792056,0
          </coordinates>
        </Point>
      </Placemark>
      <Placemark>
        <name>妙照寺柏霊園前島地</name>
        <description><![CDATA[﻿市区町村コード: 122173<br>都道府県: 千葉県<br>市町村名: 柏市<br>投票区コード: 64<br>投票区名: 第６４投票区<br>掲示場住所: 大井１３６９番地の１<br>経度: 139.9996506<br>緯度: 35.85018917]]></description>
        <styleUrl>#icon-1899-0288D1</styleUrl>
        <ExtendedData>
          <Data name="﻿市区町村コード">
            <value>122173.0</value>
          </Data>
          <Data name="都道府県">
            <value>千葉県</value>
          </Data>
          <Data name="市町村名">
            <value>柏市</value>
          </Data>
          <Data name="投票区コード">
            <value>64.0</value>
          </Data>
          <Data name="投票区名">
            <value>第６４投票区</value>
          </Data>
          <Data name="掲示場住所">
            <value>大井１３６９番地の１</value>
          </Data>
          <Data name="経度">
            <value>139.9996506</value>
          </Data>
          <Data name="緯度">
            <value>35.85018917</value>
          </Data>
        </ExtendedData>
        <Point>
          <coordinates>
            139.9996506,35.85018917,0
          </coordinates>
        </Point>
      </Placemark>
      <Placemark>
        <name>大井浅間下エリカ公園</name>
        <description><![CDATA[﻿市区町村コード: 122173<br>都道府県: 千葉県<br>市町村名: 柏市<br>投票区コード: 64<br>投票区名: 第６４投票区<br>掲示場住所: 大井９３４番地の２<br>経度: 139.9951714<br>緯度: 35.84893028]]></description>
        <styleUrl>#icon-1899-0288D1</styleUrl>
        <ExtendedData>
          <Data name="﻿市区町村コード">
            <value>122173.0</value>
          </Data>
          <Data name="都道府県">
            <value>千葉県</value>
          </Data>
          <Data name="市町村名">
            <value>柏市</value>
          </Data>
          <Data name="投票区コード">
            <value>64.0</value>
          </Data>
          <Data name="投票区名">
            <value>第６４投票区</value>
          </Data>
          <Data name="掲示場住所">
            <value>大井９３４番地の２</value>
          </Data>
          <Data name="経度">
            <value>139.9951714</value>
          </Data>
          <Data name="緯度">
            <value>35.84893028</value>
          </Data>
        </ExtendedData>
        <Point>
          <coordinates>
            139.9951714,35.84893028,0
          </coordinates>
        </Point>
      </Placemark>
      <Placemark>
        <name>石原宅向い側</name>
        <description><![CDATA[﻿市区町村コード: 122173<br>都道府県: 千葉県<br>市町村名: 柏市<br>投票区コード: 64<br>投票区名: 第６４投票区<br>掲示場住所: 大井５７８番地の２<br>経度: 139.9998694<br>緯度: 35.84542722]]></description>
        <styleUrl>#icon-1899-0288D1</styleUrl>
        <ExtendedData>
          <Data name="﻿市区町村コード">
            <value>122173.0</value>
          </Data>
          <Data name="都道府県">
            <value>千葉県</value>
          </Data>
          <Data name="市町村名">
            <value>柏市</value>
          </Data>
          <Data name="投票区コード">
            <value>64.0</value>
          </Data>
          <Data name="投票区名">
            <value>第６４投票区</value>
          </Data>
          <Data name="掲示場住所">
            <value>大井５７８番地の２</value>
          </Data>
          <Data name="経度">
            <value>139.9998694</value>
          </Data>
          <Data name="緯度">
            <value>35.84542722</value>
          </Data>
        </ExtendedData>
        <Point>
          <coordinates>
            139.9998694,35.84542722,0
          </coordinates>
        </Point>
      </Placemark>
      <Placemark>
        <name>柏市立風早北部小学校裏門横</name>
        <description><![CDATA[﻿市区町村コード: 122173<br>都道府県: 千葉県<br>市町村名: 柏市<br>投票区コード: 64<br>投票区名: 第６４投票区<br>掲示場住所: 大井１８５４番地の６<br>経度: 140.0072772<br>緯度: 35.84449028]]></description>
        <styleUrl>#icon-1899-0288D1</styleUrl>
        <ExtendedData>
          <Data name="﻿市区町村コード">
            <value>122173.0</value>
          </Data>
          <Data name="都道府県">
            <value>千葉県</value>
          </Data>
          <Data name="市町村名">
            <value>柏市</value>
          </Data>
          <Data name="投票区コード">
            <value>64.0</value>
          </Data>
          <Data name="投票区名">
            <value>第６４投票区</value>
          </Data>
          <Data name="掲示場住所">
            <value>大井１８５４番地の６</value>
          </Data>
          <Data name="経度">
            <value>140.0072772</value>
          </Data>
          <Data name="緯度">
            <value>35.84449028</value>
          </Data>
        </ExtendedData>
        <Point>
          <coordinates>
            140.0072772,35.84449028,0
          </coordinates>
        </Point>
      </Placemark>
      <Placemark>
        <name>柏市立風早北部小学校正門横</name>
        <description><![CDATA[﻿市区町村コード: 122173<br>都道府県: 千葉県<br>市町村名: 柏市<br>投票区コード: 64<br>投票区名: 第６４投票区<br>掲示場住所: 大井１８５２番地の１<br>経度: 140.0071778<br>緯度: 35.84401083]]></description>
        <styleUrl>#icon-1899-0288D1</styleUrl>
        <ExtendedData>
          <Data name="﻿市区町村コード">
            <value>122173.0</value>
          </Data>
          <Data name="都道府県">
            <value>千葉県</value>
          </Data>
          <Data name="市町村名">
            <value>柏市</value>
          </Data>
          <Data name="投票区コード">
            <value>64.0</value>
          </Data>
          <Data name="投票区名">
            <value>第６４投票区</value>
          </Data>
          <Data name="掲示場住所">
            <value>大井１８５２番地の１</value>
          </Data>
          <Data name="経度">
            <value>140.0071778</value>
          </Data>
          <Data name="緯度">
            <value>35.84401083</value>
          </Data>
        </ExtendedData>
        <Point>
          <coordinates>
            140.0071778,35.84401083,0
          </coordinates>
        </Point>
      </Placemark>
      <Placemark>
        <name>大津ケ丘殿山公園北側遊歩道</name>
        <description><![CDATA[﻿市区町村コード: 122173<br>都道府県: 千葉県<br>市町村名: 柏市<br>投票区コード: 65<br>投票区名: 第６５投票区<br>掲示場住所: 大津ケ丘一丁目２５番<br>経度: 140.0047458<br>緯度: 35.84398306]]></description>
        <styleUrl>#icon-1899-0288D1</styleUrl>
        <ExtendedData>
          <Data name="﻿市区町村コード">
            <value>122173.0</value>
          </Data>
          <Data name="都道府県">
            <value>千葉県</value>
          </Data>
          <Data name="市町村名">
            <value>柏市</value>
          </Data>
          <Data name="投票区コード">
            <value>65.0</value>
          </Data>
          <Data name="投票区名">
            <value>第６５投票区</value>
          </Data>
          <Data name="掲示場住所">
            <value>大津ケ丘一丁目２５番</value>
          </Data>
          <Data name="経度">
            <value>140.0047458</value>
          </Data>
          <Data name="緯度">
            <value>35.84398306</value>
          </Data>
        </ExtendedData>
        <Point>
          <coordinates>
            140.0047458,35.84398306,0
          </coordinates>
        </Point>
      </Placemark>
      <Placemark>
        <name>大津ケ丘向原公園東側</name>
        <description><![CDATA[﻿市区町村コード: 122173<br>都道府県: 千葉県<br>市町村名: 柏市<br>投票区コード: 65<br>投票区名: 第６５投票区<br>掲示場住所: 大津ケ丘一丁目３８番<br>経度: 140.0017606<br>緯度: 35.84405028]]></description>
        <styleUrl>#icon-1899-0288D1</styleUrl>
        <ExtendedData>
          <Data name="﻿市区町村コード">
            <value>122173.0</value>
          </Data>
          <Data name="都道府県">
            <value>千葉県</value>
          </Data>
          <Data name="市町村名">
            <value>柏市</value>
          </Data>
          <Data name="投票区コード">
            <value>65.0</value>
          </Data>
          <Data name="投票区名">
            <value>第６５投票区</value>
          </Data>
          <Data name="掲示場住所">
            <value>大津ケ丘一丁目３８番</value>
          </Data>
          <Data name="経度">
            <value>140.0017606</value>
          </Data>
          <Data name="緯度">
            <value>35.84405028</value>
          </Data>
        </ExtendedData>
        <Point>
          <coordinates>
            140.0017606,35.84405028,0
          </coordinates>
        </Point>
      </Placemark>
      <Placemark>
        <name>好友堂薬局前</name>
        <description><![CDATA[﻿市区町村コード: 122173<br>都道府県: 千葉県<br>市町村名: 柏市<br>投票区コード: 65<br>投票区名: 第６５投票区<br>掲示場住所: 大津ケ丘一丁目４６番<br>経度: 140.0029047<br>緯度: 35.84274556]]></description>
        <styleUrl>#icon-1899-0288D1</styleUrl>
        <ExtendedData>
          <Data name="﻿市区町村コード">
            <value>122173.0</value>
          </Data>
          <Data name="都道府県">
            <value>千葉県</value>
          </Data>
          <Data name="市町村名">
            <value>柏市</value>
          </Data>
          <Data name="投票区コード">
            <value>65.0</value>
          </Data>
          <Data name="投票区名">
            <value>第６５投票区</value>
          </Data>
          <Data name="掲示場住所">
            <value>大津ケ丘一丁目４６番</value>
          </Data>
          <Data name="経度">
            <value>140.0029047</value>
          </Data>
          <Data name="緯度">
            <value>35.84274556</value>
          </Data>
        </ExtendedData>
        <Point>
          <coordinates>
            140.0029047,35.84274556,0
          </coordinates>
        </Point>
      </Placemark>
      <Placemark>
        <name>大津ケ丘中央公園『大津ケ丘一丁目』バス停脇</name>
        <description><![CDATA[﻿市区町村コード: 122173<br>都道府県: 千葉県<br>市町村名: 柏市<br>投票区コード: 65<br>投票区名: 第６５投票区<br>掲示場住所: 大津ケ丘二丁目１番<br>経度: 140.002395<br>緯度: 35.84119167]]></description>
        <styleUrl>#icon-1899-0288D1</styleUrl>
        <ExtendedData>
          <Data name="﻿市区町村コード">
            <value>122173.0</value>
          </Data>
          <Data name="都道府県">
            <value>千葉県</value>
          </Data>
          <Data name="市町村名">
            <value>柏市</value>
          </Data>
          <Data name="投票区コード">
            <value>65.0</value>
          </Data>
          <Data name="投票区名">
            <value>第６５投票区</value>
          </Data>
          <Data name="掲示場住所">
            <value>大津ケ丘二丁目１番</value>
          </Data>
          <Data name="経度">
            <value>140.002395</value>
          </Data>
          <Data name="緯度">
            <value>35.84119167</value>
          </Data>
        </ExtendedData>
        <Point>
          <coordinates>
            140.002395,35.84119167,0
          </coordinates>
        </Point>
      </Placemark>
      <Placemark>
        <name>『大津ケ丘二丁目』バス停脇</name>
        <description><![CDATA[﻿市区町村コード: 122173<br>都道府県: 千葉県<br>市町村名: 柏市<br>投票区コード: 65<br>投票区名: 第６５投票区<br>掲示場住所: 大津ケ丘二丁目１番<br>経度: 140.0028244<br>緯度: 35.83942611]]></description>
        <styleUrl>#icon-1899-0288D1</styleUrl>
        <ExtendedData>
          <Data name="﻿市区町村コード">
            <value>122173.0</value>
          </Data>
          <Data name="都道府県">
            <value>千葉県</value>
          </Data>
          <Data name="市町村名">
            <value>柏市</value>
          </Data>
          <Data name="投票区コード">
            <value>65.0</value>
          </Data>
          <Data name="投票区名">
            <value>第６５投票区</value>
          </Data>
          <Data name="掲示場住所">
            <value>大津ケ丘二丁目１番</value>
          </Data>
          <Data name="経度">
            <value>140.0028244</value>
          </Data>
          <Data name="緯度">
            <value>35.83942611</value>
          </Data>
        </ExtendedData>
        <Point>
          <coordinates>
            140.0028244,35.83942611,0
          </coordinates>
        </Point>
      </Placemark>
      <Placemark>
        <name>大津ケ丘交番脇</name>
        <description><![CDATA[﻿市区町村コード: 122173<br>都道府県: 千葉県<br>市町村名: 柏市<br>投票区コード: 65<br>投票区名: 第６５投票区<br>掲示場住所: 大津ケ丘二丁目２９番<br>経度: 139.9992758<br>緯度: 35.8386525]]></description>
        <styleUrl>#icon-1899-0288D1</styleUrl>
        <ExtendedData>
          <Data name="﻿市区町村コード">
            <value>122173.0</value>
          </Data>
          <Data name="都道府県">
            <value>千葉県</value>
          </Data>
          <Data name="市町村名">
            <value>柏市</value>
          </Data>
          <Data name="投票区コード">
            <value>65.0</value>
          </Data>
          <Data name="投票区名">
            <value>第６５投票区</value>
          </Data>
          <Data name="掲示場住所">
            <value>大津ケ丘二丁目２９番</value>
          </Data>
          <Data name="経度">
            <value>139.9992758</value>
          </Data>
          <Data name="緯度">
            <value>35.8386525</value>
          </Data>
        </ExtendedData>
        <Point>
          <coordinates>
            139.9992758,35.8386525,0
          </coordinates>
        </Point>
      </Placemark>
      <Placemark>
        <name>大津ケ丘市ノ坪公園桐友学園前側</name>
        <description><![CDATA[﻿市区町村コード: 122173<br>都道府県: 千葉県<br>市町村名: 柏市<br>投票区コード: 65<br>投票区名: 第６５投票区<br>掲示場住所: 大津ケ丘二丁目２０番<br>経度: 139.9988236<br>緯度: 35.84126278]]></description>
        <styleUrl>#icon-1899-0288D1</styleUrl>
        <ExtendedData>
          <Data name="﻿市区町村コード">
            <value>122173.0</value>
          </Data>
          <Data name="都道府県">
            <value>千葉県</value>
          </Data>
          <Data name="市町村名">
            <value>柏市</value>
          </Data>
          <Data name="投票区コード">
            <value>65.0</value>
          </Data>
          <Data name="投票区名">
            <value>第６５投票区</value>
          </Data>
          <Data name="掲示場住所">
            <value>大津ケ丘二丁目２０番</value>
          </Data>
          <Data name="経度">
            <value>139.9988236</value>
          </Data>
          <Data name="緯度">
            <value>35.84126278</value>
          </Data>
        </ExtendedData>
        <Point>
          <coordinates>
            139.9988236,35.84126278,0
          </coordinates>
        </Point>
      </Placemark>
      <Placemark>
        <name>大津ケ丘中ノ橋公園東側</name>
        <description><![CDATA[﻿市区町村コード: 122173<br>都道府県: 千葉県<br>市町村名: 柏市<br>投票区コード: 66<br>投票区名: 第６６投票区<br>掲示場住所: 大津ケ丘三丁目２２番<br>経度: 139.99788<br>緯度: 35.84401972]]></description>
        <styleUrl>#icon-1899-0288D1</styleUrl>
        <ExtendedData>
          <Data name="﻿市区町村コード">
            <value>122173.0</value>
          </Data>
          <Data name="都道府県">
            <value>千葉県</value>
          </Data>
          <Data name="市町村名">
            <value>柏市</value>
          </Data>
          <Data name="投票区コード">
            <value>66.0</value>
          </Data>
          <Data name="投票区名">
            <value>第６６投票区</value>
          </Data>
          <Data name="掲示場住所">
            <value>大津ケ丘三丁目２２番</value>
          </Data>
          <Data name="経度">
            <value>139.99788</value>
          </Data>
          <Data name="緯度">
            <value>35.84401972</value>
          </Data>
        </ExtendedData>
        <Point>
          <coordinates>
            139.99788,35.84401972,0
          </coordinates>
        </Point>
      </Placemark>
      <Placemark>
        <name>『中の橋』バス停脇</name>
        <description><![CDATA[﻿市区町村コード: 122173<br>都道府県: 千葉県<br>市町村名: 柏市<br>投票区コード: 66<br>投票区名: 第６６投票区<br>掲示場住所: 大井１００番地の２<br>経度: 139.9942325<br>緯度: 35.84631944]]></description>
        <styleUrl>#icon-1899-0288D1</styleUrl>
        <ExtendedData>
          <Data name="﻿市区町村コード">
            <value>122173.0</value>
          </Data>
          <Data name="都道府県">
            <value>千葉県</value>
          </Data>
          <Data name="市町村名">
            <value>柏市</value>
          </Data>
          <Data name="投票区コード">
            <value>66.0</value>
          </Data>
          <Data name="投票区名">
            <value>第６６投票区</value>
          </Data>
          <Data name="掲示場住所">
            <value>大井１００番地の２</value>
          </Data>
          <Data name="経度">
            <value>139.9942325</value>
          </Data>
          <Data name="緯度">
            <value>35.84631944</value>
          </Data>
        </ExtendedData>
        <Point>
          <coordinates>
            139.9942325,35.84631944,0
          </coordinates>
        </Point>
      </Placemark>
      <Placemark>
        <name>石戸宅向い側</name>
        <description><![CDATA[﻿市区町村コード: 122173<br>都道府県: 千葉県<br>市町村名: 柏市<br>投票区コード: 66<br>投票区名: 第６６投票区<br>掲示場住所: 大井１３２番地の１<br>経度: 139.9927544<br>緯度: 35.84422667]]></description>
        <styleUrl>#icon-1899-0288D1</styleUrl>
        <ExtendedData>
          <Data name="﻿市区町村コード">
            <value>122173.0</value>
          </Data>
          <Data name="都道府県">
            <value>千葉県</value>
          </Data>
          <Data name="市町村名">
            <value>柏市</value>
          </Data>
          <Data name="投票区コード">
            <value>66.0</value>
          </Data>
          <Data name="投票区名">
            <value>第６６投票区</value>
          </Data>
          <Data name="掲示場住所">
            <value>大井１３２番地の１</value>
          </Data>
          <Data name="経度">
            <value>139.9927544</value>
          </Data>
          <Data name="緯度">
            <value>35.84422667</value>
          </Data>
        </ExtendedData>
        <Point>
          <coordinates>
            139.9927544,35.84422667,0
          </coordinates>
        </Point>
      </Placemark>
      <Placemark>
        <name>大津ケ丘南田公園西側石垣</name>
        <description><![CDATA[﻿市区町村コード: 122173<br>都道府県: 千葉県<br>市町村名: 柏市<br>投票区コード: 66<br>投票区名: 第６６投票区<br>掲示場住所: 大津ケ丘三丁目１４番<br>経度: 139.9960542<br>緯度: 35.84085639]]></description>
        <styleUrl>#icon-1899-0288D1</styleUrl>
        <ExtendedData>
          <Data name="﻿市区町村コード">
            <value>122173.0</value>
          </Data>
          <Data name="都道府県">
            <value>千葉県</value>
          </Data>
          <Data name="市町村名">
            <value>柏市</value>
          </Data>
          <Data name="投票区コード">
            <value>66.0</value>
          </Data>
          <Data name="投票区名">
            <value>第６６投票区</value>
          </Data>
          <Data name="掲示場住所">
            <value>大津ケ丘三丁目１４番</value>
          </Data>
          <Data name="経度">
            <value>139.9960542</value>
          </Data>
          <Data name="緯度">
            <value>35.84085639</value>
          </Data>
        </ExtendedData>
        <Point>
          <coordinates>
            139.9960542,35.84085639,0
          </coordinates>
        </Point>
      </Placemark>
      <Placemark>
        <name>柏市立大津ケ丘第一小学校南側</name>
        <description><![CDATA[﻿市区町村コード: 122173<br>都道府県: 千葉県<br>市町村名: 柏市<br>投票区コード: 66<br>投票区名: 第６６投票区<br>掲示場住所: 大津ケ丘三丁目５０番地<br>経度: 139.9971531<br>緯度: 35.83940056]]></description>
        <styleUrl>#icon-1899-0288D1</styleUrl>
        <ExtendedData>
          <Data name="﻿市区町村コード">
            <value>122173.0</value>
          </Data>
          <Data name="都道府県">
            <value>千葉県</value>
          </Data>
          <Data name="市町村名">
            <value>柏市</value>
          </Data>
          <Data name="投票区コード">
            <value>66.0</value>
          </Data>
          <Data name="投票区名">
            <value>第６６投票区</value>
          </Data>
          <Data name="掲示場住所">
            <value>大津ケ丘三丁目５０番地</value>
          </Data>
          <Data name="経度">
            <value>139.9971531</value>
          </Data>
          <Data name="緯度">
            <value>35.83940056</value>
          </Data>
        </ExtendedData>
        <Point>
          <coordinates>
            139.9971531,35.83940056,0
          </coordinates>
        </Point>
      </Placemark>
      <Placemark>
        <name>大津ケ丘第一住宅３－１－６号棟西側</name>
        <description><![CDATA[﻿市区町村コード: 122173<br>都道府県: 千葉県<br>市町村名: 柏市<br>投票区コード: 66<br>投票区名: 第６６投票区<br>掲示場住所: 大津ケ丘三丁目１番地の１<br>経度: 139.9971419<br>緯度: 35.83734222]]></description>
        <styleUrl>#icon-1899-0288D1</styleUrl>
        <ExtendedData>
          <Data name="﻿市区町村コード">
            <value>122173.0</value>
          </Data>
          <Data name="都道府県">
            <value>千葉県</value>
          </Data>
          <Data name="市町村名">
            <value>柏市</value>
          </Data>
          <Data name="投票区コード">
            <value>66.0</value>
          </Data>
          <Data name="投票区名">
            <value>第６６投票区</value>
          </Data>
          <Data name="掲示場住所">
            <value>大津ケ丘三丁目１番地の１</value>
          </Data>
          <Data name="経度">
            <value>139.9971419</value>
          </Data>
          <Data name="緯度">
            <value>35.83734222</value>
          </Data>
        </ExtendedData>
        <Point>
          <coordinates>
            139.9971419,35.83734222,0
          </coordinates>
        </Point>
      </Placemark>
      <Placemark>
        <name>大津ケ丘中ノ橋公園西側</name>
        <description><![CDATA[﻿市区町村コード: 122173<br>都道府県: 千葉県<br>市町村名: 柏市<br>投票区コード: 66<br>投票区名: 第６６投票区<br>掲示場住所: 大津ケ丘三丁目２２番<br>経度: 139.9962058<br>緯度: 35.84517944]]></description>
        <styleUrl>#icon-1899-0288D1</styleUrl>
        <ExtendedData>
          <Data name="﻿市区町村コード">
            <value>122173.0</value>
          </Data>
          <Data name="都道府県">
            <value>千葉県</value>
          </Data>
          <Data name="市町村名">
            <value>柏市</value>
          </Data>
          <Data name="投票区コード">
            <value>66.0</value>
          </Data>
          <Data name="投票区名">
            <value>第６６投票区</value>
          </Data>
          <Data name="掲示場住所">
            <value>大津ケ丘三丁目２２番</value>
          </Data>
          <Data name="経度">
            <value>139.9962058</value>
          </Data>
          <Data name="緯度">
            <value>35.84517944</value>
          </Data>
        </ExtendedData>
        <Point>
          <coordinates>
            139.9962058,35.84517944,0
          </coordinates>
        </Point>
      </Placemark>
      <Placemark>
        <name>柏市立大津ケ丘第二小学校体育館側</name>
        <description><![CDATA[﻿市区町村コード: 122173<br>都道府県: 千葉県<br>市町村名: 柏市<br>投票区コード: 67<br>投票区名: 第６７投票区<br>掲示場住所: 大津ケ丘四丁目８番地<br>経度: 140.0025242<br>緯度: 35.83660111]]></description>
        <styleUrl>#icon-1899-0288D1</styleUrl>
        <ExtendedData>
          <Data name="﻿市区町村コード">
            <value>122173.0</value>
          </Data>
          <Data name="都道府県">
            <value>千葉県</value>
          </Data>
          <Data name="市町村名">
            <value>柏市</value>
          </Data>
          <Data name="投票区コード">
            <value>67.0</value>
          </Data>
          <Data name="投票区名">
            <value>第６７投票区</value>
          </Data>
          <Data name="掲示場住所">
            <value>大津ケ丘四丁目８番地</value>
          </Data>
          <Data name="経度">
            <value>140.0025242</value>
          </Data>
          <Data name="緯度">
            <value>35.83660111</value>
          </Data>
        </ExtendedData>
        <Point>
          <coordinates>
            140.0025242,35.83660111,0
          </coordinates>
        </Point>
      </Placemark>
      <Placemark>
        <name>塚崎白幡公園南側</name>
        <description><![CDATA[﻿市区町村コード: 122173<br>都道府県: 千葉県<br>市町村名: 柏市<br>投票区コード: 67<br>投票区名: 第６７投票区<br>掲示場住所: 塚崎二丁目９番<br>経度: 140.0019831<br>緯度: 35.83354944]]></description>
        <styleUrl>#icon-1899-0288D1</styleUrl>
        <ExtendedData>
          <Data name="﻿市区町村コード">
            <value>122173.0</value>
          </Data>
          <Data name="都道府県">
            <value>千葉県</value>
          </Data>
          <Data name="市町村名">
            <value>柏市</value>
          </Data>
          <Data name="投票区コード">
            <value>67.0</value>
          </Data>
          <Data name="投票区名">
            <value>第６７投票区</value>
          </Data>
          <Data name="掲示場住所">
            <value>塚崎二丁目９番</value>
          </Data>
          <Data name="経度">
            <value>140.0019831</value>
          </Data>
          <Data name="緯度">
            <value>35.83354944</value>
          </Data>
        </ExtendedData>
        <Point>
          <coordinates>
            140.0019831,35.83354944,0
          </coordinates>
        </Point>
      </Placemark>
      <Placemark>
        <name>大津ケ丘第五住宅４－５－２８号棟北側駐車場前</name>
        <description><![CDATA[﻿市区町村コード: 122173<br>都道府県: 千葉県<br>市町村名: 柏市<br>投票区コード: 67<br>投票区名: 第６７投票区<br>掲示場住所: 大津ケ丘四丁目５番地の１<br>経度: 139.9996975<br>緯度: 35.83622694]]></description>
        <styleUrl>#icon-1899-0288D1</styleUrl>
        <ExtendedData>
          <Data name="﻿市区町村コード">
            <value>122173.0</value>
          </Data>
          <Data name="都道府県">
            <value>千葉県</value>
          </Data>
          <Data name="市町村名">
            <value>柏市</value>
          </Data>
          <Data name="投票区コード">
            <value>67.0</value>
          </Data>
          <Data name="投票区名">
            <value>第６７投票区</value>
          </Data>
          <Data name="掲示場住所">
            <value>大津ケ丘四丁目５番地の１</value>
          </Data>
          <Data name="経度">
            <value>139.9996975</value>
          </Data>
          <Data name="緯度">
            <value>35.83622694</value>
          </Data>
        </ExtendedData>
        <Point>
          <coordinates>
            139.9996975,35.83622694,0
          </coordinates>
        </Point>
      </Placemark>
      <Placemark>
        <name>大津ケ丘第五住宅４－５－２７号棟北側</name>
        <description><![CDATA[﻿市区町村コード: 122173<br>都道府県: 千葉県<br>市町村名: 柏市<br>投票区コード: 67<br>投票区名: 第６７投票区<br>掲示場住所: 大津ケ丘四丁目５番地の１<br>経度: 139.9985414<br>緯度: 35.83616444]]></description>
        <styleUrl>#icon-1899-0288D1</styleUrl>
        <ExtendedData>
          <Data name="﻿市区町村コード">
            <value>122173.0</value>
          </Data>
          <Data name="都道府県">
            <value>千葉県</value>
          </Data>
          <Data name="市町村名">
            <value>柏市</value>
          </Data>
          <Data name="投票区コード">
            <value>67.0</value>
          </Data>
          <Data name="投票区名">
            <value>第６７投票区</value>
          </Data>
          <Data name="掲示場住所">
            <value>大津ケ丘四丁目５番地の１</value>
          </Data>
          <Data name="経度">
            <value>139.9985414</value>
          </Data>
          <Data name="緯度">
            <value>35.83616444</value>
          </Data>
        </ExtendedData>
        <Point>
          <coordinates>
            139.9985414,35.83616444,0
          </coordinates>
        </Point>
      </Placemark>
      <Placemark>
        <name>塚崎白幡公園西側</name>
        <description><![CDATA[﻿市区町村コード: 122173<br>都道府県: 千葉県<br>市町村名: 柏市<br>投票区コード: 67<br>投票区名: 第６７投票区<br>掲示場住所: 塚崎二丁目９番<br>経度: 140.0015733<br>緯度: 35.83388528]]></description>
        <styleUrl>#icon-1899-0288D1</styleUrl>
        <ExtendedData>
          <Data name="﻿市区町村コード">
            <value>122173.0</value>
          </Data>
          <Data name="都道府県">
            <value>千葉県</value>
          </Data>
          <Data name="市町村名">
            <value>柏市</value>
          </Data>
          <Data name="投票区コード">
            <value>67.0</value>
          </Data>
          <Data name="投票区名">
            <value>第６７投票区</value>
          </Data>
          <Data name="掲示場住所">
            <value>塚崎二丁目９番</value>
          </Data>
          <Data name="経度">
            <value>140.0015733</value>
          </Data>
          <Data name="緯度">
            <value>35.83388528</value>
          </Data>
        </ExtendedData>
        <Point>
          <coordinates>
            140.0015733,35.83388528,0
          </coordinates>
        </Point>
      </Placemark>
      <Placemark>
        <name>柏市立大津ケ丘第二小学校校庭東側</name>
        <description><![CDATA[﻿市区町村コード: 122173<br>都道府県: 千葉県<br>市町村名: 柏市<br>投票区コード: 67<br>投票区名: 第６７投票区<br>掲示場住所: 大津ケ丘四丁目８番地<br>経度: 140.0037419<br>緯度: 35.83565417]]></description>
        <styleUrl>#icon-1899-0288D1</styleUrl>
        <ExtendedData>
          <Data name="﻿市区町村コード">
            <value>122173.0</value>
          </Data>
          <Data name="都道府県">
            <value>千葉県</value>
          </Data>
          <Data name="市町村名">
            <value>柏市</value>
          </Data>
          <Data name="投票区コード">
            <value>67.0</value>
          </Data>
          <Data name="投票区名">
            <value>第６７投票区</value>
          </Data>
          <Data name="掲示場住所">
            <value>大津ケ丘四丁目８番地</value>
          </Data>
          <Data name="経度">
            <value>140.0037419</value>
          </Data>
          <Data name="緯度">
            <value>35.83565417</value>
          </Data>
        </ExtendedData>
        <Point>
          <coordinates>
            140.0037419,35.83565417,0
          </coordinates>
        </Point>
      </Placemark>
      <Placemark>
        <name>大津ケ丘中谷津公園学校側</name>
        <description><![CDATA[﻿市区町村コード: 122173<br>都道府県: 千葉県<br>市町村名: 柏市<br>投票区コード: 67<br>投票区名: 第６７投票区<br>掲示場住所: 大津ケ丘四丁目２３番<br>経度: 140.0035664<br>緯度: 35.83664389]]></description>
        <styleUrl>#icon-1899-0288D1</styleUrl>
        <ExtendedData>
          <Data name="﻿市区町村コード">
            <value>122173.0</value>
          </Data>
          <Data name="都道府県">
            <value>千葉県</value>
          </Data>
          <Data name="市町村名">
            <value>柏市</value>
          </Data>
          <Data name="投票区コード">
            <value>67.0</value>
          </Data>
          <Data name="投票区名">
            <value>第６７投票区</value>
          </Data>
          <Data name="掲示場住所">
            <value>大津ケ丘四丁目２３番</value>
          </Data>
          <Data name="経度">
            <value>140.0035664</value>
          </Data>
          <Data name="緯度">
            <value>35.83664389</value>
          </Data>
        </ExtendedData>
        <Point>
          <coordinates>
            140.0035664,35.83664389,0
          </coordinates>
        </Point>
      </Placemark>
      <Placemark>
        <name>塚崎中谷津公園南側</name>
        <description><![CDATA[﻿市区町村コード: 122173<br>都道府県: 千葉県<br>市町村名: 柏市<br>投票区コード: 68<br>投票区名: 第６８投票区<br>掲示場住所: 塚崎一丁目５番<br>経度: 140.005555<br>緯度: 35.83407778]]></description>
        <styleUrl>#icon-1899-0288D1</styleUrl>
        <ExtendedData>
          <Data name="﻿市区町村コード">
            <value>122173.0</value>
          </Data>
          <Data name="都道府県">
            <value>千葉県</value>
          </Data>
          <Data name="市町村名">
            <value>柏市</value>
          </Data>
          <Data name="投票区コード">
            <value>68.0</value>
          </Data>
          <Data name="投票区名">
            <value>第６８投票区</value>
          </Data>
          <Data name="掲示場住所">
            <value>塚崎一丁目５番</value>
          </Data>
          <Data name="経度">
            <value>140.005555</value>
          </Data>
          <Data name="緯度">
            <value>35.83407778</value>
          </Data>
        </ExtendedData>
        <Point>
          <coordinates>
            140.005555,35.83407778,0
          </coordinates>
        </Point>
      </Placemark>
      <Placemark>
        <name>風早公園駐車場前</name>
        <description><![CDATA[﻿市区町村コード: 122173<br>都道府県: 千葉県<br>市町村名: 柏市<br>投票区コード: 68<br>投票区名: 第６８投票区<br>掲示場住所: 風早二丁目１番<br>経度: 140.0094478<br>緯度: 35.82849722]]></description>
        <styleUrl>#icon-1899-0288D1</styleUrl>
        <ExtendedData>
          <Data name="﻿市区町村コード">
            <value>122173.0</value>
          </Data>
          <Data name="都道府県">
            <value>千葉県</value>
          </Data>
          <Data name="市町村名">
            <value>柏市</value>
          </Data>
          <Data name="投票区コード">
            <value>68.0</value>
          </Data>
          <Data name="投票区名">
            <value>第６８投票区</value>
          </Data>
          <Data name="掲示場住所">
            <value>風早二丁目１番</value>
          </Data>
          <Data name="経度">
            <value>140.0094478</value>
          </Data>
          <Data name="緯度">
            <value>35.82849722</value>
          </Data>
        </ExtendedData>
        <Point>
          <coordinates>
            140.0094478,35.82849722,0
          </coordinates>
        </Point>
      </Placemark>
      <Placemark>
        <name>柏市立風早中学校正門横</name>
        <description><![CDATA[﻿市区町村コード: 122173<br>都道府県: 千葉県<br>市町村名: 柏市<br>投票区コード: 68<br>投票区名: 第６８投票区<br>掲示場住所: 塚崎１３１９番地<br>経度: 140.0036528<br>緯度: 35.83154694]]></description>
        <styleUrl>#icon-1899-0288D1</styleUrl>
        <ExtendedData>
          <Data name="﻿市区町村コード">
            <value>122173.0</value>
          </Data>
          <Data name="都道府県">
            <value>千葉県</value>
          </Data>
          <Data name="市町村名">
            <value>柏市</value>
          </Data>
          <Data name="投票区コード">
            <value>68.0</value>
          </Data>
          <Data name="投票区名">
            <value>第６８投票区</value>
          </Data>
          <Data name="掲示場住所">
            <value>塚崎１３１９番地</value>
          </Data>
          <Data name="経度">
            <value>140.0036528</value>
          </Data>
          <Data name="緯度">
            <value>35.83154694</value>
          </Data>
        </ExtendedData>
        <Point>
          <coordinates>
            140.0036528,35.83154694,0
          </coordinates>
        </Point>
      </Placemark>
      <Placemark>
        <name>塚崎くすの木公園前</name>
        <description><![CDATA[﻿市区町村コード: 122173<br>都道府県: 千葉県<br>市町村名: 柏市<br>投票区コード: 68<br>投票区名: 第６８投票区<br>掲示場住所: 塚崎５９２番地の２１<br>経度: 139.9982014<br>緯度: 35.83267194]]></description>
        <styleUrl>#icon-1899-0288D1</styleUrl>
        <ExtendedData>
          <Data name="﻿市区町村コード">
            <value>122173.0</value>
          </Data>
          <Data name="都道府県">
            <value>千葉県</value>
          </Data>
          <Data name="市町村名">
            <value>柏市</value>
          </Data>
          <Data name="投票区コード">
            <value>68.0</value>
          </Data>
          <Data name="投票区名">
            <value>第６８投票区</value>
          </Data>
          <Data name="掲示場住所">
            <value>塚崎５９２番地の２１</value>
          </Data>
          <Data name="経度">
            <value>139.9982014</value>
          </Data>
          <Data name="緯度">
            <value>35.83267194</value>
          </Data>
        </ExtendedData>
        <Point>
          <coordinates>
            139.9982014,35.83267194,0
          </coordinates>
        </Point>
      </Placemark>
      <Placemark>
        <name>冨澤宅前</name>
        <description><![CDATA[﻿市区町村コード: 122173<br>都道府県: 千葉県<br>市町村名: 柏市<br>投票区コード: 68<br>投票区名: 第６８投票区<br>掲示場住所: 塚崎６８７番地<br>経度: 139.9958317<br>緯度: 35.83196389]]></description>
        <styleUrl>#icon-1899-0288D1</styleUrl>
        <ExtendedData>
          <Data name="﻿市区町村コード">
            <value>122173.0</value>
          </Data>
          <Data name="都道府県">
            <value>千葉県</value>
          </Data>
          <Data name="市町村名">
            <value>柏市</value>
          </Data>
          <Data name="投票区コード">
            <value>68.0</value>
          </Data>
          <Data name="投票区名">
            <value>第６８投票区</value>
          </Data>
          <Data name="掲示場住所">
            <value>塚崎６８７番地</value>
          </Data>
          <Data name="経度">
            <value>139.9958317</value>
          </Data>
          <Data name="緯度">
            <value>35.83196389</value>
          </Data>
        </ExtendedData>
        <Point>
          <coordinates>
            139.9958317,35.83196389,0
          </coordinates>
        </Point>
      </Placemark>
      <Placemark>
        <name>塚崎運動場入口</name>
        <description><![CDATA[﻿市区町村コード: 122173<br>都道府県: 千葉県<br>市町村名: 柏市<br>投票区コード: 68<br>投票区名: 第６８投票区<br>掲示場住所: 塚崎１４５４番地<br>経度: 140.0013689<br>緯度: 35.82666722]]></description>
        <styleUrl>#icon-1899-0288D1</styleUrl>
        <ExtendedData>
          <Data name="﻿市区町村コード">
            <value>122173.0</value>
          </Data>
          <Data name="都道府県">
            <value>千葉県</value>
          </Data>
          <Data name="市町村名">
            <value>柏市</value>
          </Data>
          <Data name="投票区コード">
            <value>68.0</value>
          </Data>
          <Data name="投票区名">
            <value>第６８投票区</value>
          </Data>
          <Data name="掲示場住所">
            <value>塚崎１４５４番地</value>
          </Data>
          <Data name="経度">
            <value>140.0013689</value>
          </Data>
          <Data name="緯度">
            <value>35.82666722</value>
          </Data>
        </ExtendedData>
        <Point>
          <coordinates>
            140.0013689,35.82666722,0
          </coordinates>
        </Point>
      </Placemark>
      <Placemark>
        <name>柏市心身障害者福祉作業所ひまわり園脇</name>
        <description><![CDATA[﻿市区町村コード: 122173<br>都道府県: 千葉県<br>市町村名: 柏市<br>投票区コード: 68<br>投票区名: 第６８投票区<br>掲示場住所: 塚崎１３７４番地<br>経度: 140.0083689<br>緯度: 35.83004722]]></description>
        <styleUrl>#icon-1899-0288D1</styleUrl>
        <ExtendedData>
          <Data name="﻿市区町村コード">
            <value>122173.0</value>
          </Data>
          <Data name="都道府県">
            <value>千葉県</value>
          </Data>
          <Data name="市町村名">
            <value>柏市</value>
          </Data>
          <Data name="投票区コード">
            <value>68.0</value>
          </Data>
          <Data name="投票区名">
            <value>第６８投票区</value>
          </Data>
          <Data name="掲示場住所">
            <value>塚崎１３７４番地</value>
          </Data>
          <Data name="経度">
            <value>140.0083689</value>
          </Data>
          <Data name="緯度">
            <value>35.83004722</value>
          </Data>
        </ExtendedData>
        <Point>
          <coordinates>
            140.0083689,35.83004722,0
          </coordinates>
        </Point>
      </Placemark>
      <Placemark>
        <name>藤ケ谷区民館前</name>
        <description><![CDATA[﻿市区町村コード: 122173<br>都道府県: 千葉県<br>市町村名: 柏市<br>投票区コード: 69<br>投票区名: 第６９投票区<br>掲示場住所: 藤ケ谷５８８番地の１<br>経度: 140.0235372<br>緯度: 35.80905361]]></description>
        <styleUrl>#icon-1899-0288D1</styleUrl>
        <ExtendedData>
          <Data name="﻿市区町村コード">
            <value>122173.0</value>
          </Data>
          <Data name="都道府県">
            <value>千葉県</value>
          </Data>
          <Data name="市町村名">
            <value>柏市</value>
          </Data>
          <Data name="投票区コード">
            <value>69.0</value>
          </Data>
          <Data name="投票区名">
            <value>第６９投票区</value>
          </Data>
          <Data name="掲示場住所">
            <value>藤ケ谷５８８番地の１</value>
          </Data>
          <Data name="経度">
            <value>140.0235372</value>
          </Data>
          <Data name="緯度">
            <value>35.80905361</value>
          </Data>
        </ExtendedData>
        <Point>
          <coordinates>
            140.0235372,35.80905361,0
          </coordinates>
        </Point>
      </Placemark>
      <Placemark>
        <name>金子宅向い側</name>
        <description><![CDATA[﻿市区町村コード: 122173<br>都道府県: 千葉県<br>市町村名: 柏市<br>投票区コード: 69<br>投票区名: 第６９投票区<br>掲示場住所: 藤ケ谷６１７番地の１<br>経度: 140.0254581<br>緯度: 35.81287556]]></description>
        <styleUrl>#icon-1899-0288D1</styleUrl>
        <ExtendedData>
          <Data name="﻿市区町村コード">
            <value>122173.0</value>
          </Data>
          <Data name="都道府県">
            <value>千葉県</value>
          </Data>
          <Data name="市町村名">
            <value>柏市</value>
          </Data>
          <Data name="投票区コード">
            <value>69.0</value>
          </Data>
          <Data name="投票区名">
            <value>第６９投票区</value>
          </Data>
          <Data name="掲示場住所">
            <value>藤ケ谷６１７番地の１</value>
          </Data>
          <Data name="経度">
            <value>140.0254581</value>
          </Data>
          <Data name="緯度">
            <value>35.81287556</value>
          </Data>
        </ExtendedData>
        <Point>
          <coordinates>
            140.0254581,35.81287556,0
          </coordinates>
        </Point>
      </Placemark>
      <Placemark>
        <name>森山宅脇</name>
        <description><![CDATA[﻿市区町村コード: 122173<br>都道府県: 千葉県<br>市町村名: 柏市<br>投票区コード: 69<br>投票区名: 第６９投票区<br>掲示場住所: 藤ケ谷平作１７９５番７<br>経度: 140.0169464<br>緯度: 35.81102861]]></description>
        <styleUrl>#icon-1899-0288D1</styleUrl>
        <ExtendedData>
          <Data name="﻿市区町村コード">
            <value>122173.0</value>
          </Data>
          <Data name="都道府県">
            <value>千葉県</value>
          </Data>
          <Data name="市町村名">
            <value>柏市</value>
          </Data>
          <Data name="投票区コード">
            <value>69.0</value>
          </Data>
          <Data name="投票区名">
            <value>第６９投票区</value>
          </Data>
          <Data name="掲示場住所">
            <value>藤ケ谷平作１７９５番７</value>
          </Data>
          <Data name="経度">
            <value>140.0169464</value>
          </Data>
          <Data name="緯度">
            <value>35.81102861</value>
          </Data>
        </ExtendedData>
        <Point>
          <coordinates>
            140.0169464,35.81102861,0
          </coordinates>
        </Point>
      </Placemark>
      <Placemark>
        <name>藤ケ谷ふれあい公園</name>
        <description><![CDATA[﻿市区町村コード: 122173<br>都道府県: 千葉県<br>市町村名: 柏市<br>投票区コード: 69<br>投票区名: 第６９投票区<br>掲示場住所: 藤ケ谷１７９０番地の１<br>経度: 140.018885<br>緯度: 35.81021056]]></description>
        <styleUrl>#icon-1899-0288D1</styleUrl>
        <ExtendedData>
          <Data name="﻿市区町村コード">
            <value>122173.0</value>
          </Data>
          <Data name="都道府県">
            <value>千葉県</value>
          </Data>
          <Data name="市町村名">
            <value>柏市</value>
          </Data>
          <Data name="投票区コード">
            <value>69.0</value>
          </Data>
          <Data name="投票区名">
            <value>第６９投票区</value>
          </Data>
          <Data name="掲示場住所">
            <value>藤ケ谷１７９０番地の１</value>
          </Data>
          <Data name="経度">
            <value>140.018885</value>
          </Data>
          <Data name="緯度">
            <value>35.81021056</value>
          </Data>
        </ExtendedData>
        <Point>
          <coordinates>
            140.018885,35.81021056,0
          </coordinates>
        </Point>
      </Placemark>
      <Placemark>
        <name>『基地住宅』バス停脇</name>
        <description><![CDATA[﻿市区町村コード: 122173<br>都道府県: 千葉県<br>市町村名: 柏市<br>投票区コード: 69<br>投票区名: 第６９投票区<br>掲示場住所: 藤ケ谷１１２６番地の１<br>経度: 140.0216581<br>緯度: 35.80644306]]></description>
        <styleUrl>#icon-1899-0288D1</styleUrl>
        <ExtendedData>
          <Data name="﻿市区町村コード">
            <value>122173.0</value>
          </Data>
          <Data name="都道府県">
            <value>千葉県</value>
          </Data>
          <Data name="市町村名">
            <value>柏市</value>
          </Data>
          <Data name="投票区コード">
            <value>69.0</value>
          </Data>
          <Data name="投票区名">
            <value>第６９投票区</value>
          </Data>
          <Data name="掲示場住所">
            <value>藤ケ谷１１２６番地の１</value>
          </Data>
          <Data name="経度">
            <value>140.0216581</value>
          </Data>
          <Data name="緯度">
            <value>35.80644306</value>
          </Data>
        </ExtendedData>
        <Point>
          <coordinates>
            140.0216581,35.80644306,0
          </coordinates>
        </Point>
      </Placemark>
      <Placemark>
        <name>㈲俊和運輸隣梅林の道路側</name>
        <description><![CDATA[﻿市区町村コード: 122173<br>都道府県: 千葉県<br>市町村名: 柏市<br>投票区コード: 69<br>投票区名: 第６９投票区<br>掲示場住所: 藤ケ谷１０９７番３<br>経度: 140.0268961<br>緯度: 35.80862306]]></description>
        <styleUrl>#icon-1899-0288D1</styleUrl>
        <ExtendedData>
          <Data name="﻿市区町村コード">
            <value>122173.0</value>
          </Data>
          <Data name="都道府県">
            <value>千葉県</value>
          </Data>
          <Data name="市町村名">
            <value>柏市</value>
          </Data>
          <Data name="投票区コード">
            <value>69.0</value>
          </Data>
          <Data name="投票区名">
            <value>第６９投票区</value>
          </Data>
          <Data name="掲示場住所">
            <value>藤ケ谷１０９７番３</value>
          </Data>
          <Data name="経度">
            <value>140.0268961</value>
          </Data>
          <Data name="緯度">
            <value>35.80862306</value>
          </Data>
        </ExtendedData>
        <Point>
          <coordinates>
            140.0268961,35.80862306,0
          </coordinates>
        </Point>
      </Placemark>
      <Placemark>
        <name>海鵬荘入口道路前</name>
        <description><![CDATA[﻿市区町村コード: 122173<br>都道府県: 千葉県<br>市町村名: 柏市<br>投票区コード: 69<br>投票区名: 第６９投票区<br>掲示場住所: 藤ケ谷１１９２番地の５<br>経度: 140.0276078<br>緯度: 35.806165]]></description>
        <styleUrl>#icon-1899-0288D1</styleUrl>
        <ExtendedData>
          <Data name="﻿市区町村コード">
            <value>122173.0</value>
          </Data>
          <Data name="都道府県">
            <value>千葉県</value>
          </Data>
          <Data name="市町村名">
            <value>柏市</value>
          </Data>
          <Data name="投票区コード">
            <value>69.0</value>
          </Data>
          <Data name="投票区名">
            <value>第６９投票区</value>
          </Data>
          <Data name="掲示場住所">
            <value>藤ケ谷１１９２番地の５</value>
          </Data>
          <Data name="経度">
            <value>140.0276078</value>
          </Data>
          <Data name="緯度">
            <value>35.806165</value>
          </Data>
        </ExtendedData>
        <Point>
          <coordinates>
            140.0276078,35.806165,0
          </coordinates>
        </Point>
      </Placemark>
      <Placemark>
        <name>海上自衛隊下総航空基地正門前</name>
        <description><![CDATA[﻿市区町村コード: 122173<br>都道府県: 千葉県<br>市町村名: 柏市<br>投票区コード: 69<br>投票区名: 第６９投票区<br>掲示場住所: 藤ケ谷１６６１番地の３<br>経度: 140.0235778<br>緯度: 35.80555167]]></description>
        <styleUrl>#icon-1899-0288D1</styleUrl>
        <ExtendedData>
          <Data name="﻿市区町村コード">
            <value>122173.0</value>
          </Data>
          <Data name="都道府県">
            <value>千葉県</value>
          </Data>
          <Data name="市町村名">
            <value>柏市</value>
          </Data>
          <Data name="投票区コード">
            <value>69.0</value>
          </Data>
          <Data name="投票区名">
            <value>第６９投票区</value>
          </Data>
          <Data name="掲示場住所">
            <value>藤ケ谷１６６１番地の３</value>
          </Data>
          <Data name="経度">
            <value>140.0235778</value>
          </Data>
          <Data name="緯度">
            <value>35.80555167</value>
          </Data>
        </ExtendedData>
        <Point>
          <coordinates>
            140.0235778,35.80555167,0
          </coordinates>
        </Point>
      </Placemark>
      <Placemark>
        <name>四ツ久保子供の遊び場南側</name>
        <description><![CDATA[﻿市区町村コード: 122173<br>都道府県: 千葉県<br>市町村名: 柏市<br>投票区コード: 70<br>投票区名: 第７０投票区<br>掲示場住所: 藤ケ谷新田３番地の１<br>経度: 140.0178836<br>緯度: 35.82286944]]></description>
        <styleUrl>#icon-1899-0288D1</styleUrl>
        <ExtendedData>
          <Data name="﻿市区町村コード">
            <value>122173.0</value>
          </Data>
          <Data name="都道府県">
            <value>千葉県</value>
          </Data>
          <Data name="市町村名">
            <value>柏市</value>
          </Data>
          <Data name="投票区コード">
            <value>70.0</value>
          </Data>
          <Data name="投票区名">
            <value>第７０投票区</value>
          </Data>
          <Data name="掲示場住所">
            <value>藤ケ谷新田３番地の１</value>
          </Data>
          <Data name="経度">
            <value>140.0178836</value>
          </Data>
          <Data name="緯度">
            <value>35.82286944</value>
          </Data>
        </ExtendedData>
        <Point>
          <coordinates>
            140.0178836,35.82286944,0
          </coordinates>
        </Point>
      </Placemark>
      <Placemark>
        <name>柏市立風早南部小学校来客・職員用門横</name>
        <description><![CDATA[﻿市区町村コード: 122173<br>都道府県: 千葉県<br>市町村名: 柏市<br>投票区コード: 70<br>投票区名: 第７０投票区<br>掲示場住所: 藤ケ谷新田１１１番地２<br>経度: 140.0183903<br>緯度: 35.81812444]]></description>
        <styleUrl>#icon-1899-0288D1</styleUrl>
        <ExtendedData>
          <Data name="﻿市区町村コード">
            <value>122173.0</value>
          </Data>
          <Data name="都道府県">
            <value>千葉県</value>
          </Data>
          <Data name="市町村名">
            <value>柏市</value>
          </Data>
          <Data name="投票区コード">
            <value>70.0</value>
          </Data>
          <Data name="投票区名">
            <value>第７０投票区</value>
          </Data>
          <Data name="掲示場住所">
            <value>藤ケ谷新田１１１番地２</value>
          </Data>
          <Data name="経度">
            <value>140.0183903</value>
          </Data>
          <Data name="緯度">
            <value>35.81812444</value>
          </Data>
        </ExtendedData>
        <Point>
          <coordinates>
            140.0183903,35.81812444,0
          </coordinates>
        </Point>
      </Placemark>
      <Placemark>
        <name>青木宅脇</name>
        <description><![CDATA[﻿市区町村コード: 122173<br>都道府県: 千葉県<br>市町村名: 柏市<br>投票区コード: 70<br>投票区名: 第７０投票区<br>掲示場住所: 高柳７８４番地の１２<br>経度: 140.0094925<br>緯度: 35.81656028]]></description>
        <styleUrl>#icon-1899-0288D1</styleUrl>
        <ExtendedData>
          <Data name="﻿市区町村コード">
            <value>122173.0</value>
          </Data>
          <Data name="都道府県">
            <value>千葉県</value>
          </Data>
          <Data name="市町村名">
            <value>柏市</value>
          </Data>
          <Data name="投票区コード">
            <value>70.0</value>
          </Data>
          <Data name="投票区名">
            <value>第７０投票区</value>
          </Data>
          <Data name="掲示場住所">
            <value>高柳７８４番地の１２</value>
          </Data>
          <Data name="経度">
            <value>140.0094925</value>
          </Data>
          <Data name="緯度">
            <value>35.81656028</value>
          </Data>
        </ExtendedData>
        <Point>
          <coordinates>
            140.0094925,35.81656028,0
          </coordinates>
        </Point>
      </Placemark>
      <Placemark>
        <name>『香取神社』バス停脇</name>
        <description><![CDATA[﻿市区町村コード: 122173<br>都道府県: 千葉県<br>市町村名: 柏市<br>投票区コード: 70<br>投票区名: 第７０投票区<br>掲示場住所: 高柳５６６番地の１<br>経度: 140.0057044<br>緯度: 35.81668583]]></description>
        <styleUrl>#icon-1899-0288D1</styleUrl>
        <ExtendedData>
          <Data name="﻿市区町村コード">
            <value>122173.0</value>
          </Data>
          <Data name="都道府県">
            <value>千葉県</value>
          </Data>
          <Data name="市町村名">
            <value>柏市</value>
          </Data>
          <Data name="投票区コード">
            <value>70.0</value>
          </Data>
          <Data name="投票区名">
            <value>第７０投票区</value>
          </Data>
          <Data name="掲示場住所">
            <value>高柳５６６番地の１</value>
          </Data>
          <Data name="経度">
            <value>140.0057044</value>
          </Data>
          <Data name="緯度">
            <value>35.81668583</value>
          </Data>
        </ExtendedData>
        <Point>
          <coordinates>
            140.0057044,35.81668583,0
          </coordinates>
        </Point>
      </Placemark>
      <Placemark>
        <name>沼南体育館前</name>
        <description><![CDATA[﻿市区町村コード: 122173<br>都道府県: 千葉県<br>市町村名: 柏市<br>投票区コード: 70<br>投票区名: 第７０投票区<br>掲示場住所: 藤ケ谷１９０８番地１<br>経度: 140.019735<br>緯度: 35.82641778]]></description>
        <styleUrl>#icon-1899-0288D1</styleUrl>
        <ExtendedData>
          <Data name="﻿市区町村コード">
            <value>122173.0</value>
          </Data>
          <Data name="都道府県">
            <value>千葉県</value>
          </Data>
          <Data name="市町村名">
            <value>柏市</value>
          </Data>
          <Data name="投票区コード">
            <value>70.0</value>
          </Data>
          <Data name="投票区名">
            <value>第７０投票区</value>
          </Data>
          <Data name="掲示場住所">
            <value>藤ケ谷１９０８番地１</value>
          </Data>
          <Data name="経度">
            <value>140.019735</value>
          </Data>
          <Data name="緯度">
            <value>35.82641778</value>
          </Data>
        </ExtendedData>
        <Point>
          <coordinates>
            140.019735,35.82641778,0
          </coordinates>
        </Point>
      </Placemark>
      <Placemark>
        <name>高柳塚越公園北側</name>
        <description><![CDATA[﻿市区町村コード: 122173<br>都道府県: 千葉県<br>市町村名: 柏市<br>投票区コード: 70<br>投票区名: 第７０投票区<br>掲示場住所: 高柳９２４番地の６<br>経度: 140.0098453<br>緯度: 35.80765528]]></description>
        <styleUrl>#icon-1899-0288D1</styleUrl>
        <ExtendedData>
          <Data name="﻿市区町村コード">
            <value>122173.0</value>
          </Data>
          <Data name="都道府県">
            <value>千葉県</value>
          </Data>
          <Data name="市町村名">
            <value>柏市</value>
          </Data>
          <Data name="投票区コード">
            <value>70.0</value>
          </Data>
          <Data name="投票区名">
            <value>第７０投票区</value>
          </Data>
          <Data name="掲示場住所">
            <value>高柳９２４番地の６</value>
          </Data>
          <Data name="経度">
            <value>140.0098453</value>
          </Data>
          <Data name="緯度">
            <value>35.80765528</value>
          </Data>
        </ExtendedData>
        <Point>
          <coordinates>
            140.0098453,35.80765528,0
          </coordinates>
        </Point>
      </Placemark>
      <Placemark>
        <name>角新食堂前</name>
        <description><![CDATA[﻿市区町村コード: 122173<br>都道府県: 千葉県<br>市町村名: 柏市<br>投票区コード: 70<br>投票区名: 第７０投票区<br>掲示場住所: 藤ケ谷１７８０番地の１<br>経度: 140.0190617<br>緯度: 35.80863333]]></description>
        <styleUrl>#icon-1899-0288D1</styleUrl>
        <ExtendedData>
          <Data name="﻿市区町村コード">
            <value>122173.0</value>
          </Data>
          <Data name="都道府県">
            <value>千葉県</value>
          </Data>
          <Data name="市町村名">
            <value>柏市</value>
          </Data>
          <Data name="投票区コード">
            <value>70.0</value>
          </Data>
          <Data name="投票区名">
            <value>第７０投票区</value>
          </Data>
          <Data name="掲示場住所">
            <value>藤ケ谷１７８０番地の１</value>
          </Data>
          <Data name="経度">
            <value>140.0190617</value>
          </Data>
          <Data name="緯度">
            <value>35.80863333</value>
          </Data>
        </ExtendedData>
        <Point>
          <coordinates>
            140.0190617,35.80863333,0
          </coordinates>
        </Point>
      </Placemark>
      <Placemark>
        <name>高柳一丁目公園</name>
        <description><![CDATA[﻿市区町村コード: 122173<br>都道府県: 千葉県<br>市町村名: 柏市<br>投票区コード: 71<br>投票区名: 第７１投票区<br>掲示場住所: 高柳一丁目１１－１<br>経度: 139.998752<br>緯度: 35.806289]]></description>
        <styleUrl>#icon-1899-0288D1</styleUrl>
        <ExtendedData>
          <Data name="﻿市区町村コード">
            <value>122173.0</value>
          </Data>
          <Data name="都道府県">
            <value>千葉県</value>
          </Data>
          <Data name="市町村名">
            <value>柏市</value>
          </Data>
          <Data name="投票区コード">
            <value>71.0</value>
          </Data>
          <Data name="投票区名">
            <value>第７１投票区</value>
          </Data>
          <Data name="掲示場住所">
            <value>高柳一丁目１１－１</value>
          </Data>
          <Data name="経度">
            <value>139.998752</value>
          </Data>
          <Data name="緯度">
            <value>35.806289</value>
          </Data>
        </ExtendedData>
        <Point>
          <coordinates>
            139.998752,35.806289,0
          </coordinates>
        </Point>
      </Placemark>
      <Placemark>
        <name>『高柳小山』バス停脇</name>
        <description><![CDATA[﻿市区町村コード: 122173<br>都道府県: 千葉県<br>市町村名: 柏市<br>投票区コード: 71<br>投票区名: 第７１投票区<br>掲示場住所: 高柳１４４６番地の１<br>経度: 140.0031817<br>緯度: 35.80996639]]></description>
        <styleUrl>#icon-1899-0288D1</styleUrl>
        <ExtendedData>
          <Data name="﻿市区町村コード">
            <value>122173.0</value>
          </Data>
          <Data name="都道府県">
            <value>千葉県</value>
          </Data>
          <Data name="市町村名">
            <value>柏市</value>
          </Data>
          <Data name="投票区コード">
            <value>71.0</value>
          </Data>
          <Data name="投票区名">
            <value>第７１投票区</value>
          </Data>
          <Data name="掲示場住所">
            <value>高柳１４４６番地の１</value>
          </Data>
          <Data name="経度">
            <value>140.0031817</value>
          </Data>
          <Data name="緯度">
            <value>35.80996639</value>
          </Data>
        </ExtendedData>
        <Point>
          <coordinates>
            140.0031817,35.80996639,0
          </coordinates>
        </Point>
      </Placemark>
      <Placemark>
        <name>高柳中島第三公園</name>
        <description><![CDATA[﻿市区町村コード: 122173<br>都道府県: 千葉県<br>市町村名: 柏市<br>投票区コード: 71<br>投票区名: 第７１投票区<br>掲示場住所: 高柳１３３５番地の４６<br>経度: 139.9990731<br>緯度: 35.81383417]]></description>
        <styleUrl>#icon-1899-0288D1</styleUrl>
        <ExtendedData>
          <Data name="﻿市区町村コード">
            <value>122173.0</value>
          </Data>
          <Data name="都道府県">
            <value>千葉県</value>
          </Data>
          <Data name="市町村名">
            <value>柏市</value>
          </Data>
          <Data name="投票区コード">
            <value>71.0</value>
          </Data>
          <Data name="投票区名">
            <value>第７１投票区</value>
          </Data>
          <Data name="掲示場住所">
            <value>高柳１３３５番地の４６</value>
          </Data>
          <Data name="経度">
            <value>139.9990731</value>
          </Data>
          <Data name="緯度">
            <value>35.81383417</value>
          </Data>
        </ExtendedData>
        <Point>
          <coordinates>
            139.9990731,35.81383417,0
          </coordinates>
        </Point>
      </Placemark>
      <Placemark>
        <name>マルヤ高柳店向い側</name>
        <description><![CDATA[﻿市区町村コード: 122173<br>都道府県: 千葉県<br>市町村名: 柏市<br>投票区コード: 71<br>投票区名: 第７１投票区<br>掲示場住所: 高柳１４９５番地の５<br>経度: 140.0008733<br>緯度: 35.80811861]]></description>
        <styleUrl>#icon-1899-0288D1</styleUrl>
        <ExtendedData>
          <Data name="﻿市区町村コード">
            <value>122173.0</value>
          </Data>
          <Data name="都道府県">
            <value>千葉県</value>
          </Data>
          <Data name="市町村名">
            <value>柏市</value>
          </Data>
          <Data name="投票区コード">
            <value>71.0</value>
          </Data>
          <Data name="投票区名">
            <value>第７１投票区</value>
          </Data>
          <Data name="掲示場住所">
            <value>高柳１４９５番地の５</value>
          </Data>
          <Data name="経度">
            <value>140.0008733</value>
          </Data>
          <Data name="緯度">
            <value>35.80811861</value>
          </Data>
        </ExtendedData>
        <Point>
          <coordinates>
            140.0008733,35.80811861,0
          </coordinates>
        </Point>
      </Placemark>
      <Placemark>
        <name>柏市立高柳中学校正門横</name>
        <description><![CDATA[﻿市区町村コード: 122173<br>都道府県: 千葉県<br>市町村名: 柏市<br>投票区コード: 71<br>投票区名: 第７１投票区<br>掲示場住所: 高南台一丁目１番地の１<br>経度: 139.9952806<br>緯度: 35.80648444]]></description>
        <styleUrl>#icon-1899-0288D1</styleUrl>
        <ExtendedData>
          <Data name="﻿市区町村コード">
            <value>122173.0</value>
          </Data>
          <Data name="都道府県">
            <value>千葉県</value>
          </Data>
          <Data name="市町村名">
            <value>柏市</value>
          </Data>
          <Data name="投票区コード">
            <value>71.0</value>
          </Data>
          <Data name="投票区名">
            <value>第７１投票区</value>
          </Data>
          <Data name="掲示場住所">
            <value>高南台一丁目１番地の１</value>
          </Data>
          <Data name="経度">
            <value>139.9952806</value>
          </Data>
          <Data name="緯度">
            <value>35.80648444</value>
          </Data>
        </ExtendedData>
        <Point>
          <coordinates>
            139.9952806,35.80648444,0
          </coordinates>
        </Point>
      </Placemark>
      <Placemark>
        <name>中島込公園西側</name>
        <description><![CDATA[﻿市区町村コード: 122173<br>都道府県: 千葉県<br>市町村名: 柏市<br>投票区コード: 71<br>投票区名: 第７１投票区<br>掲示場住所: 高南台一丁目９番<br>経度: 139.9960683<br>緯度: 35.80430806]]></description>
        <styleUrl>#icon-1899-0288D1</styleUrl>
        <ExtendedData>
          <Data name="﻿市区町村コード">
            <value>122173.0</value>
          </Data>
          <Data name="都道府県">
            <value>千葉県</value>
          </Data>
          <Data name="市町村名">
            <value>柏市</value>
          </Data>
          <Data name="投票区コード">
            <value>71.0</value>
          </Data>
          <Data name="投票区名">
            <value>第７１投票区</value>
          </Data>
          <Data name="掲示場住所">
            <value>高南台一丁目９番</value>
          </Data>
          <Data name="経度">
            <value>139.9960683</value>
          </Data>
          <Data name="緯度">
            <value>35.80430806</value>
          </Data>
        </ExtendedData>
        <Point>
          <coordinates>
            139.9960683,35.80430806,0
          </coordinates>
        </Point>
      </Placemark>
      <Placemark>
        <name>高柳南公園西側</name>
        <description><![CDATA[﻿市区町村コード: 122173<br>都道府県: 千葉県<br>市町村名: 柏市<br>投票区コード: 71<br>投票区名: 第７１投票区<br>掲示場住所: 高柳１１０４番地の４３<br>経度: 140.0036472<br>緯度: 35.80468722]]></description>
        <styleUrl>#icon-1899-0288D1</styleUrl>
        <ExtendedData>
          <Data name="﻿市区町村コード">
            <value>122173.0</value>
          </Data>
          <Data name="都道府県">
            <value>千葉県</value>
          </Data>
          <Data name="市町村名">
            <value>柏市</value>
          </Data>
          <Data name="投票区コード">
            <value>71.0</value>
          </Data>
          <Data name="投票区名">
            <value>第７１投票区</value>
          </Data>
          <Data name="掲示場住所">
            <value>高柳１１０４番地の４３</value>
          </Data>
          <Data name="経度">
            <value>140.0036472</value>
          </Data>
          <Data name="緯度">
            <value>35.80468722</value>
          </Data>
        </ExtendedData>
        <Point>
          <coordinates>
            140.0036472,35.80468722,0
          </coordinates>
        </Point>
      </Placemark>
      <Placemark>
        <name>高柳駅西口ロータリー</name>
        <description><![CDATA[﻿市区町村コード: 122173<br>都道府県: 千葉県<br>市町村名: 柏市<br>投票区コード: 71<br>投票区名: 第７１投票区<br>掲示場住所: 高柳１４８９番地<br>経度: 139.99856<br>緯度: 35.80836944]]></description>
        <styleUrl>#icon-1899-0288D1</styleUrl>
        <ExtendedData>
          <Data name="﻿市区町村コード">
            <value>122173.0</value>
          </Data>
          <Data name="都道府県">
            <value>千葉県</value>
          </Data>
          <Data name="市町村名">
            <value>柏市</value>
          </Data>
          <Data name="投票区コード">
            <value>71.0</value>
          </Data>
          <Data name="投票区名">
            <value>第７１投票区</value>
          </Data>
          <Data name="掲示場住所">
            <value>高柳１４８９番地</value>
          </Data>
          <Data name="経度">
            <value>139.99856</value>
          </Data>
          <Data name="緯度">
            <value>35.80836944</value>
          </Data>
        </ExtendedData>
        <Point>
          <coordinates>
            139.99856,35.80836944,0
          </coordinates>
        </Point>
      </Placemark>
      <Placemark>
        <name>柏市高柳児童センター</name>
        <description><![CDATA[﻿市区町村コード: 122173<br>都道府県: 千葉県<br>市町村名: 柏市<br>投票区コード: 72<br>投票区名: 第７２投票区<br>掲示場住所: 高柳１６５２番地の１<br>経度: 139.9979028<br>緯度: 35.81126306]]></description>
        <styleUrl>#icon-1899-0288D1</styleUrl>
        <ExtendedData>
          <Data name="﻿市区町村コード">
            <value>122173.0</value>
          </Data>
          <Data name="都道府県">
            <value>千葉県</value>
          </Data>
          <Data name="市町村名">
            <value>柏市</value>
          </Data>
          <Data name="投票区コード">
            <value>72.0</value>
          </Data>
          <Data name="投票区名">
            <value>第７２投票区</value>
          </Data>
          <Data name="掲示場住所">
            <value>高柳１６５２番地の１</value>
          </Data>
          <Data name="経度">
            <value>139.9979028</value>
          </Data>
          <Data name="緯度">
            <value>35.81126306</value>
          </Data>
        </ExtendedData>
        <Point>
          <coordinates>
            139.9979028,35.81126306,0
          </coordinates>
        </Point>
      </Placemark>
      <Placemark>
        <name>高柳丸山下１号公園北側</name>
        <description><![CDATA[﻿市区町村コード: 122173<br>都道府県: 千葉県<br>市町村名: 柏市<br>投票区コード: 72<br>投票区名: 第７２投票区<br>掲示場住所: 高柳１７６３番地の３<br>経度: 139.9961228<br>緯度: 35.81132167]]></description>
        <styleUrl>#icon-1899-0288D1</styleUrl>
        <ExtendedData>
          <Data name="﻿市区町村コード">
            <value>122173.0</value>
          </Data>
          <Data name="都道府県">
            <value>千葉県</value>
          </Data>
          <Data name="市町村名">
            <value>柏市</value>
          </Data>
          <Data name="投票区コード">
            <value>72.0</value>
          </Data>
          <Data name="投票区名">
            <value>第７２投票区</value>
          </Data>
          <Data name="掲示場住所">
            <value>高柳１７６３番地の３</value>
          </Data>
          <Data name="経度">
            <value>139.9961228</value>
          </Data>
          <Data name="緯度">
            <value>35.81132167</value>
          </Data>
        </ExtendedData>
        <Point>
          <coordinates>
            139.9961228,35.81132167,0
          </coordinates>
        </Point>
      </Placemark>
      <Placemark>
        <name>高柳丸山下２号公園北側</name>
        <description><![CDATA[﻿市区町村コード: 122173<br>都道府県: 千葉県<br>市町村名: 柏市<br>投票区コード: 72<br>投票区名: 第７２投票区<br>掲示場住所: 高柳１７９１番地の２８<br>経度: 139.9933597<br>緯度: 35.81055222]]></description>
        <styleUrl>#icon-1899-0288D1</styleUrl>
        <ExtendedData>
          <Data name="﻿市区町村コード">
            <value>122173.0</value>
          </Data>
          <Data name="都道府県">
            <value>千葉県</value>
          </Data>
          <Data name="市町村名">
            <value>柏市</value>
          </Data>
          <Data name="投票区コード">
            <value>72.0</value>
          </Data>
          <Data name="投票区名">
            <value>第７２投票区</value>
          </Data>
          <Data name="掲示場住所">
            <value>高柳１７９１番地の２８</value>
          </Data>
          <Data name="経度">
            <value>139.9933597</value>
          </Data>
          <Data name="緯度">
            <value>35.81055222</value>
          </Data>
        </ExtendedData>
        <Point>
          <coordinates>
            139.9933597,35.81055222,0
          </coordinates>
        </Point>
      </Placemark>
      <Placemark>
        <name>新田中峠公園</name>
        <description><![CDATA[﻿市区町村コード: 122173<br>都道府県: 千葉県<br>市町村名: 柏市<br>投票区コード: 72<br>投票区名: 第７２投票区<br>掲示場住所: 高柳１８０３－１０<br>経度: 139.9916708<br>緯度: 35.80852583]]></description>
        <styleUrl>#icon-1899-0288D1</styleUrl>
        <ExtendedData>
          <Data name="﻿市区町村コード">
            <value>122173.0</value>
          </Data>
          <Data name="都道府県">
            <value>千葉県</value>
          </Data>
          <Data name="市町村名">
            <value>柏市</value>
          </Data>
          <Data name="投票区コード">
            <value>72.0</value>
          </Data>
          <Data name="投票区名">
            <value>第７２投票区</value>
          </Data>
          <Data name="掲示場住所">
            <value>高柳１８０３－１０</value>
          </Data>
          <Data name="経度">
            <value>139.9916708</value>
          </Data>
          <Data name="緯度">
            <value>35.80852583</value>
          </Data>
        </ExtendedData>
        <Point>
          <coordinates>
            139.9916708,35.80852583,0
          </coordinates>
        </Point>
      </Placemark>
      <Placemark>
        <name>愛宕神社東側</name>
        <description><![CDATA[﻿市区町村コード: 122173<br>都道府県: 千葉県<br>市町村名: 柏市<br>投票区コード: 72<br>投票区名: 第７２投票区<br>掲示場住所: 高柳新田４番地の１<br>経度: 139.9919103<br>緯度: 35.80819333]]></description>
        <styleUrl>#icon-1899-0288D1</styleUrl>
        <ExtendedData>
          <Data name="﻿市区町村コード">
            <value>122173.0</value>
          </Data>
          <Data name="都道府県">
            <value>千葉県</value>
          </Data>
          <Data name="市町村名">
            <value>柏市</value>
          </Data>
          <Data name="投票区コード">
            <value>72.0</value>
          </Data>
          <Data name="投票区名">
            <value>第７２投票区</value>
          </Data>
          <Data name="掲示場住所">
            <value>高柳新田４番地の１</value>
          </Data>
          <Data name="経度">
            <value>139.9919103</value>
          </Data>
          <Data name="緯度">
            <value>35.80819333</value>
          </Data>
        </ExtendedData>
        <Point>
          <coordinates>
            139.9919103,35.80819333,0
          </coordinates>
        </Point>
      </Placemark>
      <Placemark>
        <name>柏市立高柳小学校正門横</name>
        <description><![CDATA[﻿市区町村コード: 122173<br>都道府県: 千葉県<br>市町村名: 柏市<br>投票区コード: 72<br>投票区名: 第７２投票区<br>掲示場住所: 高南台三丁目１４番地<br>経度: 139.9952983<br>緯度: 35.80670417]]></description>
        <styleUrl>#icon-1899-0288D1</styleUrl>
        <ExtendedData>
          <Data name="﻿市区町村コード">
            <value>122173.0</value>
          </Data>
          <Data name="都道府県">
            <value>千葉県</value>
          </Data>
          <Data name="市町村名">
            <value>柏市</value>
          </Data>
          <Data name="投票区コード">
            <value>72.0</value>
          </Data>
          <Data name="投票区名">
            <value>第７２投票区</value>
          </Data>
          <Data name="掲示場住所">
            <value>高南台三丁目１４番地</value>
          </Data>
          <Data name="経度">
            <value>139.9952983</value>
          </Data>
          <Data name="緯度">
            <value>35.80670417</value>
          </Data>
        </ExtendedData>
        <Point>
          <coordinates>
            139.9952983,35.80670417,0
          </coordinates>
        </Point>
      </Placemark>
      <Placemark>
        <name>稲荷峠２号公園南側</name>
        <description><![CDATA[﻿市区町村コード: 122173<br>都道府県: 千葉県<br>市町村名: 柏市<br>投票区コード: 72<br>投票区名: 第７２投票区<br>掲示場住所: 高南台三丁目９番<br>経度: 139.9927986<br>緯度: 35.80342139]]></description>
        <styleUrl>#icon-1899-0288D1</styleUrl>
        <ExtendedData>
          <Data name="﻿市区町村コード">
            <value>122173.0</value>
          </Data>
          <Data name="都道府県">
            <value>千葉県</value>
          </Data>
          <Data name="市町村名">
            <value>柏市</value>
          </Data>
          <Data name="投票区コード">
            <value>72.0</value>
          </Data>
          <Data name="投票区名">
            <value>第７２投票区</value>
          </Data>
          <Data name="掲示場住所">
            <value>高南台三丁目９番</value>
          </Data>
          <Data name="経度">
            <value>139.9927986</value>
          </Data>
          <Data name="緯度">
            <value>35.80342139</value>
          </Data>
        </ExtendedData>
        <Point>
          <coordinates>
            139.9927986,35.80342139,0
          </coordinates>
        </Point>
      </Placemark>
      <Placemark>
        <name>ひづめ公園東側</name>
        <description><![CDATA[﻿市区町村コード: 122173<br>都道府県: 千葉県<br>市町村名: 柏市<br>投票区コード: 73<br>投票区名: 第７３投票区<br>掲示場住所: しいの木台五丁目１１番<br>経度: 139.9876647<br>緯度: 35.80873]]></description>
        <styleUrl>#icon-1899-0288D1</styleUrl>
        <ExtendedData>
          <Data name="﻿市区町村コード">
            <value>122173.0</value>
          </Data>
          <Data name="都道府県">
            <value>千葉県</value>
          </Data>
          <Data name="市町村名">
            <value>柏市</value>
          </Data>
          <Data name="投票区コード">
            <value>73.0</value>
          </Data>
          <Data name="投票区名">
            <value>第７３投票区</value>
          </Data>
          <Data name="掲示場住所">
            <value>しいの木台五丁目１１番</value>
          </Data>
          <Data name="経度">
            <value>139.9876647</value>
          </Data>
          <Data name="緯度">
            <value>35.80873</value>
          </Data>
        </ExtendedData>
        <Point>
          <coordinates>
            139.9876647,35.80873,0
          </coordinates>
        </Point>
      </Placemark>
      <Placemark>
        <name>しいの木公園北側</name>
        <description><![CDATA[﻿市区町村コード: 122173<br>都道府県: 千葉県<br>市町村名: 柏市<br>投票区コード: 73<br>投票区名: 第７３投票区<br>掲示場住所: しいの木台二丁目１１番<br>経度: 139.9839361<br>緯度: 35.80476861]]></description>
        <styleUrl>#icon-1899-0288D1</styleUrl>
        <ExtendedData>
          <Data name="﻿市区町村コード">
            <value>122173.0</value>
          </Data>
          <Data name="都道府県">
            <value>千葉県</value>
          </Data>
          <Data name="市町村名">
            <value>柏市</value>
          </Data>
          <Data name="投票区コード">
            <value>73.0</value>
          </Data>
          <Data name="投票区名">
            <value>第７３投票区</value>
          </Data>
          <Data name="掲示場住所">
            <value>しいの木台二丁目１１番</value>
          </Data>
          <Data name="経度">
            <value>139.9839361</value>
          </Data>
          <Data name="緯度">
            <value>35.80476861</value>
          </Data>
        </ExtendedData>
        <Point>
          <coordinates>
            139.9839361,35.80476861,0
          </coordinates>
        </Point>
      </Placemark>
      <Placemark>
        <name>柏市立高柳西小学校正門横</name>
        <description><![CDATA[﻿市区町村コード: 122173<br>都道府県: 千葉県<br>市町村名: 柏市<br>投票区コード: 73<br>投票区名: 第７３投票区<br>掲示場住所: しいの木台三丁目２番地<br>経度: 139.9822931<br>緯度: 35.80336833]]></description>
        <styleUrl>#icon-1899-0288D1</styleUrl>
        <ExtendedData>
          <Data name="﻿市区町村コード">
            <value>122173.0</value>
          </Data>
          <Data name="都道府県">
            <value>千葉県</value>
          </Data>
          <Data name="市町村名">
            <value>柏市</value>
          </Data>
          <Data name="投票区コード">
            <value>73.0</value>
          </Data>
          <Data name="投票区名">
            <value>第７３投票区</value>
          </Data>
          <Data name="掲示場住所">
            <value>しいの木台三丁目２番地</value>
          </Data>
          <Data name="経度">
            <value>139.9822931</value>
          </Data>
          <Data name="緯度">
            <value>35.80336833</value>
          </Data>
        </ExtendedData>
        <Point>
          <coordinates>
            139.9822931,35.80336833,0
          </coordinates>
        </Point>
      </Placemark>
      <Placemark>
        <name>柏市立高柳西保育園</name>
        <description><![CDATA[﻿市区町村コード: 122173<br>都道府県: 千葉県<br>市町村名: 柏市<br>投票区コード: 73<br>投票区名: 第７３投票区<br>掲示場住所: しいの木台五丁目３１番地２<br>経度: 139.9833142<br>緯度: 35.80610861]]></description>
        <styleUrl>#icon-1899-0288D1</styleUrl>
        <ExtendedData>
          <Data name="﻿市区町村コード">
            <value>122173.0</value>
          </Data>
          <Data name="都道府県">
            <value>千葉県</value>
          </Data>
          <Data name="市町村名">
            <value>柏市</value>
          </Data>
          <Data name="投票区コード">
            <value>73.0</value>
          </Data>
          <Data name="投票区名">
            <value>第７３投票区</value>
          </Data>
          <Data name="掲示場住所">
            <value>しいの木台五丁目３１番地２</value>
          </Data>
          <Data name="経度">
            <value>139.9833142</value>
          </Data>
          <Data name="緯度">
            <value>35.80610861</value>
          </Data>
        </ExtendedData>
        <Point>
          <coordinates>
            139.9833142,35.80610861,0
          </coordinates>
        </Point>
      </Placemark>
      <Placemark>
        <name>白馬公園南側</name>
        <description><![CDATA[﻿市区町村コード: 122173<br>都道府県: 千葉県<br>市町村名: 柏市<br>投票区コード: 73<br>投票区名: 第７３投票区<br>掲示場住所: しいの木台三丁目１０番<br>経度: 139.9805806<br>緯度: 35.80158556]]></description>
        <styleUrl>#icon-1899-0288D1</styleUrl>
        <ExtendedData>
          <Data name="﻿市区町村コード">
            <value>122173.0</value>
          </Data>
          <Data name="都道府県">
            <value>千葉県</value>
          </Data>
          <Data name="市町村名">
            <value>柏市</value>
          </Data>
          <Data name="投票区コード">
            <value>73.0</value>
          </Data>
          <Data name="投票区名">
            <value>第７３投票区</value>
          </Data>
          <Data name="掲示場住所">
            <value>しいの木台三丁目１０番</value>
          </Data>
          <Data name="経度">
            <value>139.9805806</value>
          </Data>
          <Data name="緯度">
            <value>35.80158556</value>
          </Data>
        </ExtendedData>
        <Point>
          <coordinates>
            139.9805806,35.80158556,0
          </coordinates>
        </Point>
      </Placemark>
      <Placemark>
        <name>たてがみ公園東側</name>
        <description><![CDATA[﻿市区町村コード: 122173<br>都道府県: 千葉県<br>市町村名: 柏市<br>投票区コード: 73<br>投票区名: 第７３投票区<br>掲示場住所: しいの木台五丁目４２番<br>経度: 139.9836478<br>緯度: 35.80727861]]></description>
        <styleUrl>#icon-1899-0288D1</styleUrl>
        <ExtendedData>
          <Data name="﻿市区町村コード">
            <value>122173.0</value>
          </Data>
          <Data name="都道府県">
            <value>千葉県</value>
          </Data>
          <Data name="市町村名">
            <value>柏市</value>
          </Data>
          <Data name="投票区コード">
            <value>73.0</value>
          </Data>
          <Data name="投票区名">
            <value>第７３投票区</value>
          </Data>
          <Data name="掲示場住所">
            <value>しいの木台五丁目４２番</value>
          </Data>
          <Data name="経度">
            <value>139.9836478</value>
          </Data>
          <Data name="緯度">
            <value>35.80727861</value>
          </Data>
        </ExtendedData>
        <Point>
          <coordinates>
            139.9836478,35.80727861,0
          </coordinates>
        </Point>
      </Placemark>
      <Placemark>
        <name>野馬公園東側</name>
        <description><![CDATA[﻿市区町村コード: 122173<br>都道府県: 千葉県<br>市町村名: 柏市<br>投票区コード: 73<br>投票区名: 第７３投票区<br>掲示場住所: しいの木台四丁目４２番<br>経度: 139.9772336<br>緯度: 35.80062083]]></description>
        <styleUrl>#icon-1899-0288D1</styleUrl>
        <ExtendedData>
          <Data name="﻿市区町村コード">
            <value>122173.0</value>
          </Data>
          <Data name="都道府県">
            <value>千葉県</value>
          </Data>
          <Data name="市町村名">
            <value>柏市</value>
          </Data>
          <Data name="投票区コード">
            <value>73.0</value>
          </Data>
          <Data name="投票区名">
            <value>第７３投票区</value>
          </Data>
          <Data name="掲示場住所">
            <value>しいの木台四丁目４２番</value>
          </Data>
          <Data name="経度">
            <value>139.9772336</value>
          </Data>
          <Data name="緯度">
            <value>35.80062083</value>
          </Data>
        </ExtendedData>
        <Point>
          <coordinates>
            139.9772336,35.80062083,0
          </coordinates>
        </Point>
      </Placemark>
      <Placemark>
        <name>高柳〆切内２号公園</name>
        <description><![CDATA[﻿市区町村コード: 122173<br>都道府県: 千葉県<br>市町村名: 柏市<br>投票区コード: 73<br>投票区名: 第７３投票区<br>掲示場住所: しいの木台５丁目１６－２９<br>経度: 139.9859947<br>緯度: 35.80830472]]></description>
        <styleUrl>#icon-1899-0288D1</styleUrl>
        <ExtendedData>
          <Data name="﻿市区町村コード">
            <value>122173.0</value>
          </Data>
          <Data name="都道府県">
            <value>千葉県</value>
          </Data>
          <Data name="市町村名">
            <value>柏市</value>
          </Data>
          <Data name="投票区コード">
            <value>73.0</value>
          </Data>
          <Data name="投票区名">
            <value>第７３投票区</value>
          </Data>
          <Data name="掲示場住所">
            <value>しいの木台５丁目１６－２９</value>
          </Data>
          <Data name="経度">
            <value>139.9859947</value>
          </Data>
          <Data name="緯度">
            <value>35.80830472</value>
          </Data>
        </ExtendedData>
        <Point>
          <coordinates>
            139.9859947,35.80830472,0
          </coordinates>
        </Point>
      </Placemark>
      <Placemark>
        <name>自由の広場</name>
        <description><![CDATA[﻿市区町村コード: 122173<br>都道府県: 千葉県<br>市町村名: 柏市<br>投票区コード: 31<br>投票区名: 第３１投票区<br>掲示場住所: 若柴１丁目４３番地<br><br>経度: 139.95801<br>緯度: 35.8871521]]></description>
        <styleUrl>#icon-1899-0288D1</styleUrl>
        <ExtendedData>
          <Data name="﻿市区町村コード">
            <value>122173.0</value>
          </Data>
          <Data name="都道府県">
            <value>千葉県</value>
          </Data>
          <Data name="市町村名">
            <value>柏市</value>
          </Data>
          <Data name="投票区コード">
            <value>31.0</value>
          </Data>
          <Data name="投票区名">
            <value>第３１投票区</value>
          </Data>
          <Data name="掲示場住所">
            <value>若柴１丁目４３番地
</value>
          </Data>
          <Data name="経度">
            <value>139.95801</value>
          </Data>
          <Data name="緯度">
            <value>35.8871521</value>
          </Data>
        </ExtendedData>
        <Point>
          <coordinates>
            139.95801,35.8871521,0
          </coordinates>
        </Point>
      </Placemark>
      <Placemark>
        <name>豊田宅裏の畑</name>
        <description><![CDATA[﻿市区町村コード: 122173<br>都道府県: 千葉県<br>市町村名: 柏市<br>投票区コード: 36<br>投票区名: 第３６投票区<br>掲示場住所: 豊四季２０１－３<br><br>経度: 139.9417603<br>緯度: 35.8656981]]></description>
        <styleUrl>#icon-1899-0288D1</styleUrl>
        <ExtendedData>
          <Data name="﻿市区町村コード">
            <value>122173.0</value>
          </Data>
          <Data name="都道府県">
            <value>千葉県</value>
          </Data>
          <Data name="市町村名">
            <value>柏市</value>
          </Data>
          <Data name="投票区コード">
            <value>36.0</value>
          </Data>
          <Data name="投票区名">
            <value>第３６投票区</value>
          </Data>
          <Data name="掲示場住所">
            <value>豊四季２０１－３
</value>
          </Data>
          <Data name="経度">
            <value>139.9417603</value>
          </Data>
          <Data name="緯度">
            <value>35.8656981</value>
          </Data>
        </ExtendedData>
        <Point>
          <coordinates>
            139.9417603,35.8656981,0
          </coordinates>
        </Point>
      </Placemark>
      <Placemark>
        <name>ポイント 554</name>
        <description><![CDATA[﻿市区町村コード: 122173<br>都道府県: 千葉県<br>市町村名: 柏市<br>投票区コード: 15<br>投票区名: 第１５投票区<br>掲示場住所: 根戸６１７番地<br>経度: 139.9977606<br>緯度: 35.88287417]]></description>
        <styleUrl>#icon-1899-0288D1</styleUrl>
        <ExtendedData>
          <Data name="﻿市区町村コード">
            <value>122173.0</value>
          </Data>
          <Data name="都道府県">
            <value>千葉県</value>
          </Data>
          <Data name="市町村名">
            <value>柏市</value>
          </Data>
          <Data name="投票区コード">
            <value>15.0</value>
          </Data>
          <Data name="投票区名">
            <value>第１５投票区</value>
          </Data>
          <Data name="掲示場住所">
            <value>根戸６１７番地</value>
          </Data>
          <Data name="経度">
            <value>139.9977606</value>
          </Data>
          <Data name="緯度">
            <value>35.88287417</value>
          </Data>
        </ExtendedData>
        <Point>
          <coordinates>
            139.9977606,35.88287417,0
          </coordinates>
        </Point>
      </Placemark>
    </Folder>
    <Folder>
      <name>無題のレイヤ</name>
    </Folder>
  </Document>
</kml>
